Date,PCEPI_fred-md,UNETOT_PT_ea-md,CCI_PT_ea-md,IMPGS_PT_ea-qd,EXPGS_PT_ea-qd,GS5_fred-md,CCONFIX_PT_ea-md,EMPENT_PT_ea-qd,GS1_fred-md,HICPSV_PT_ea-md,HICPNEF_PT_ea-md,HICPOV_PT_ea-md,REER42_PT_ea-md,HICPNG_PT_ea-md,PPIPT_ppi,ULCIN_PT_ea-qd,GDP_PT_ea-qd,CUSR0000SAC_fred-md,epu_pt_epu,DFGDP_PT_ea-qd,OILPRICEx_fred-md_Eur,inflation_target,PPIPT_ppi_lag1,PPIPT_ppi_lag2,PPIPT_ppi_lag3,PPIPT_ppi_lag4,PPIPT_ppi_lag6,PPIPT_ppi_lag7,PPIPT_ppi_lag8,PPIPT_ppi_lag9,PPIPT_ppi_lag10,PPIPT_ppi_lag11,PPIPT_ppi_lag12,GS1_fred-md_lag10,GS5_fred-md_lag12,OILPRICEx_fred-md_Eur_lag1,OILPRICEx_fred-md_Eur_lag2,OILPRICEx_fred-md_Eur_lag3,OILPRICEx_fred-md_Eur_lag4,OILPRICEx_fred-md_Eur_lag5,OILPRICEx_fred-md_Eur_lag6,OILPRICEx_fred-md_Eur_lag7,OILPRICEx_fred-md_Eur_lag12,CUSR0000SAC_fred-md_lag1,CUSR0000SAC_fred-md_lag2,CUSR0000SAC_fred-md_lag11,CUSR0000SAC_fred-md_lag12,PCEPI_fred-md_lag12,EMPENT_PT_ea-qd_lag12,REER42_PT_ea-md_lag6,REER42_PT_ea-md_lag7,REER42_PT_ea-md_lag8,REER42_PT_ea-md_lag9,REER42_PT_ea-md_lag10,REER42_PT_ea-md_lag11,REER42_PT_ea-md_lag12,HICPOV_PT_ea-md_lag12,HICPNEF_PT_ea-md_lag12,HICPSV_PT_ea-md_lag12,HICPNG_PT_ea-md_lag1,HICPNG_PT_ea-md_lag3,HICPNG_PT_ea-md_lag4,HICPNG_PT_ea-md_lag12,DFGDP_PT_ea-qd_lag12,CCONFIX_PT_ea-md_lag1,CCONFIX_PT_ea-md_lag2,CCONFIX_PT_ea-md_lag11,CCONFIX_PT_ea-md_lag12,epu_pt_epu_lag6,epu_pt_epu_lag7,epu_pt_epu_lag8,GDP_PT_ea-qd_lag1,GDP_PT_ea-qd_lag2,GDP_PT_ea-qd_lag3,GDP_PT_ea-qd_lag4,GDP_PT_ea-qd_lag5,GDP_PT_ea-qd_lag12,ULCIN_PT_ea-qd_lag12,EXPGS_PT_ea-qd_lag12,IMPGS_PT_ea-qd_lag2,IMPGS_PT_ea-qd_lag3,CCI_PT_ea-md_lag12,UNETOT_PT_ea-md_lag12,inflation_target_lag1
2000-01-01,-1.6723669878657907,-1.1813749220784273,1.6222564980590588,-1.292128239851609,-1.3338417228650095,2.651460034713597,1.6125614460429916,-1.8571387600302414,2.370484707167075,-2.0909139195064768,-2.4163199864681264,-2.155539671631338,-2.037451098975779,-1.810266555251198,2.1121123913382664,-2.3098651914383743,-1.9114296342986206,-5.199337582605575,0.5795010782113523,-5.199337582605575,-1.4669597781498427,2.1,,,,,,,,,,,,,,,,,,,,,,,,,,,,,,,,,,,,,,,,,,,,,,,,,,,,,,,,,,,,,,
2000-02-01,-1.6527730615409164,-1.239515886829931,1.555926596688417,-1.2365241047446114,-1.3487305115305515,2.7186513548661146,1.5577996050285257,-1.854184963506675,2.425870322761848,-2.082323534033207,-2.411395517265304,-2.1548712789350164,-2.347105120074238,-1.8029913858340816,2.266949472470318,-2.1139922053593043,-1.8537883040563008,-2.5313130908994528,0.517177140691446,-2.683128541683651,-1.11819593636656,1.8,2.1121123913382664,,,,,,,,,,,,,-1.4669597781498427,,,,,,,,-5.199337582605575,,,,,,,,,,,,,,,,-1.810266555251198,,,,,1.6125614460429916,,,,,,,-1.9114296342986206,,,,,,,,,,,,2.1
2000-03-01,-1.6260230925582628,-1.268586369205683,1.417198313608974,-1.1765790214009446,-1.3738990466187588,2.5977069785915825,1.5395456580237037,-1.838577476412754,2.425870322761848,-2.0759476475501963,-2.4015476480895197,-2.151497572924044,-2.538576599422786,-1.8026096472556132,1.9569814413368274,-1.9176312149181376,-1.7594274187250465,-1.8881285748936856,-1.1188732530073313,-2.309995193228865,-0.9586003324914724,1.5,2.266949472470318,2.1121123913382664,,,,,,,,,,,,-1.11819593636656,-1.4669597781498427,,,,,,,-2.5313130908994528,-5.199337582605575,,,,,,,,,,,,,,,-1.8029913858340816,,,,,1.5577996050285257,1.6125614460429916,,,,,,-1.8537883040563008,-1.9114296342986206,,,,,,,-1.292128239851609,,,,1.8
2000-04-01,-1.631219742583555,-1.2976568515814346,1.2127516814410304,-1.1429055558655294,-1.3949788337320157,2.43644781022554,0.9919272478790462,-1.8059539536956617,2.3871003918455065,-2.0697456726910697,-2.396454447218623,-2.1212777477400326,-2.414995670731187,-1.7039556839139613,1.8191457742824622,-1.7793838081092905,-2.062445071400483,-2.0495942663939903,-1.083752030794452,-2.3898312659549044,-1.3361940083116355,2.1,1.9569814413368274,2.266949472470318,2.1121123913382664,,,,,,,,,,,-0.9586003324914724,-1.11819593636656,-1.4669597781498427,,,,,,-1.8881285748936856,-2.5313130908994528,,,,,,,,,,,,,,,-1.8026096472556132,-1.810266555251198,,,,1.5395456580237037,1.5577996050285257,,,,,,-1.7594274187250465,-1.8537883040563008,-1.9114296342986206,,,,,,-1.2365241047446114,-1.292128239851609,,,1.5
2000-05-01,-1.6260230925582628,-1.268586369205683,1.1030486105216482,-1.145707437545693,-1.4028635198001436,2.725370486881367,1.1014509299079775,-1.761853102907721,2.486794499916098,-2.054341739787921,-2.3768885984247095,-2.119911589510514,-2.394699433245742,-1.715435277124822,1.7000079623380389,-1.7411229923689526,-2.2760937184051104,-2.0495942663939903,-0.6692074370913736,-2.273296401119401,-0.9924799264571699,2.5,1.8191457742824622,1.9569814413368274,2.266949472470318,2.1121123913382664,,,,,,,,,,-1.3361940083116355,-0.9586003324914724,-1.11819593636656,-1.4669597781498427,,,,,-2.0495942663939903,-1.8881285748936856,,,,,,,,,,,,,,,-1.7039556839139613,-1.8029913858340816,-1.810266555251198,,,0.9919272478790462,1.5395456580237037,,,,,,-2.062445071400483,-1.7594274187250465,-1.8537883040563008,-1.9114296342986206,,,,,-1.1765790214009446,-1.2365241047446114,,,2.1
2000-06-01,-1.6048105375369854,-1.2976568515814346,1.048008905128988,-1.1687249815843157,-1.3990224689453936,2.463324338286547,0.9828002743766351,-1.7137805250578155,2.398177514964461,-2.036603545912772,-2.3575548438992495,-2.0915976218403514,-1.986531670433672,-1.6991922231110619,1.64295375845756,-1.7529393733810408,-2.336835320341632,-1.6839075949241438,-0.8020612793661946,-2.0089197111780304,-0.8277773221704356,2.9,1.7000079623380389,1.8191457742824622,1.9569814413368274,2.266949472470318,,,,,,,,,,-0.9924799264571699,-1.3361940083116355,-0.9586003324914724,-1.11819593636656,-1.4669597781498427,,,,-2.0495942663939903,-2.0495942663939903,,,,,,,,,,,,,,,-1.715435277124822,-1.8026096472556132,-1.8029913858340816,,,1.1014509299079775,0.9919272478790462,,,,,,-2.2760937184051104,-2.062445071400483,-1.7594274187250465,-1.8537883040563008,-1.9114296342986206,,,,-1.1429055558655294,-1.1765790214009446,,,2.5
2000-07-01,-1.5890502054930662,-1.268586369205683,1.028439232100486,-1.1947302390933094,-1.3846068398447025,2.3826947541035253,1.0649430358983338,-1.6748365006234889,2.3483304609291653,-1.9746203959025874,-2.2491182698406718,-2.002871215311988,-1.9552567931375577,-1.6631401543223712,1.6301913216061172,-1.8304364773295803,-1.914906506765693,-1.5938914500364398,-1.8609808538880799,-2.0974533308505428,-0.8960821921379416,3.3,1.64295375845756,1.7000079623380389,1.8191457742824622,1.9569814413368274,2.1121123913382664,,,,,,,,,-0.8277773221704356,-0.9924799264571699,-1.3361940083116355,-0.9586003324914724,-1.11819593636656,-1.4669597781498427,,,-1.6839075949241438,-2.0495942663939903,,,,,-2.037451098975779,,,,,,,,,,-1.6991922231110619,-1.7039556839139613,-1.8026096472556132,,,0.9828002743766351,1.1014509299079775,,,0.5795010782113523,,,-2.336835320341632,-2.2760937184051104,-2.062445071400483,-1.7594274187250465,-1.8537883040563008,,,,-1.145707437545693,-1.1429055558655294,,,2.9
2000-08-01,-1.5894761604131717,-1.239515886829931,0.9801736442946187,-1.2090104169374762,-1.3595993089423999,2.3020651699205037,1.019308168386279,-1.6528704190371886,2.403716076523938,-1.9674886702266097,-2.245942242085793,-1.9830065815518747,-2.22533678845795,-1.6507610975346785,1.4705452438880635,-1.9605919802229566,-1.604175745687981,-1.8544505963807545,-2.3567024217286883,-2.0239338300352854,-0.7100085039612236,3.5,1.6301913216061172,1.64295375845756,1.7000079623380389,1.8191457742824622,2.266949472470318,2.1121123913382664,,,,,,,,-0.8960821921379416,-0.8277773221704356,-0.9924799264571699,-1.3361940083116355,-0.9586003324914724,-1.11819593636656,-1.4669597781498427,,-1.5938914500364398,-1.6839075949241438,,,,,-2.347105120074238,-2.037451098975779,,,,,,,,,-1.6631401543223712,-1.715435277124822,-1.7039556839139613,,,1.0649430358983338,0.9828002743766351,,,0.517177140691446,0.5795010782113523,,-1.914906506765693,-2.336835320341632,-2.2760937184051104,-2.062445071400483,-1.7594274187250465,,,,-1.1687249815843157,-1.145707437545693,,,3.3
2000-09-01,-1.5623854274944329,-1.239515886829931,0.8973318313061794,-1.1937761569102174,-1.3252738260445704,2.2147164537222306,0.8185147513332379,-1.66009692028502,2.376023268726552,-1.9497375062377453,-2.225133274696005,-1.9722440264445997,-2.5424594369704048,-1.6474117125691154,1.3957091089574487,-2.1410237067293965,-1.3975602939148222,-1.302425165898014,-1.7874686103629291,-1.8610689596122172,-0.5836933935948737,3.4,1.4705452438880635,1.6301913216061172,1.64295375845756,1.7000079623380389,1.9569814413368274,2.266949472470318,2.1121123913382664,,,,,,,-0.7100085039612236,-0.8960821921379416,-0.8277773221704356,-0.9924799264571699,-1.3361940083116355,-0.9586003324914724,-1.11819593636656,,-1.8544505963807545,-1.5938914500364398,,,,,-2.538576599422786,-2.347105120074238,-2.037451098975779,,,,,,,,-1.6507610975346785,-1.6991922231110619,-1.715435277124822,,,1.019308168386279,1.0649430358983338,,,-1.1188732530073313,0.517177140691446,0.5795010782113523,-1.604175745687981,-1.914906506765693,-2.336835320341632,-2.2760937184051104,-2.062445071400483,,,,-1.1947302390933094,-1.1687249815843157,,,3.5
2000-10-01,-1.5537811381082927,-1.2976568515814346,0.8339185638965193,-1.1442398159253904,-1.2861275929486513,2.113929473493454,0.8458956718404708,-1.6991096172377342,2.3095605300128237,-1.9427165990753181,-2.2140150466930586,-1.961067450970928,-2.640218435085768,-1.6365719293576064,1.408060160996419,-2.44624999062952,-1.3379206554052225,-1.4937869377126778,-1.224182067656714,-1.8909677446386655,-0.5599821441750004,3.5,1.3957091089574487,1.4705452438880635,1.6301913216061172,1.64295375845756,1.8191457742824622,1.9569814413368274,2.266949472470318,2.1121123913382664,,,,,,-0.5836933935948737,-0.7100085039612236,-0.8960821921379416,-0.8277773221704356,-0.9924799264571699,-1.3361940083116355,-0.9586003324914724,,-1.302425165898014,-1.8544505963807545,,,,,-2.414995670731187,-2.538576599422786,-2.347105120074238,-2.037451098975779,,,,,,,-1.6474117125691154,-1.6631401543223712,-1.6991922231110619,,,0.8185147513332379,1.019308168386279,,,-1.083752030794452,-1.1188732530073313,0.517177140691446,-1.3975602939148222,-1.604175745687981,-1.914906506765693,-2.336835320341632,-2.2760937184051104,,,,-1.2090104169374762,-1.1947302390933094,,,3.4
2000-11-01,-1.544921275770089,-1.3557978163329385,0.7820307048810498,-1.0899095981105305,-1.2513382276777671,2.06017641737144,0.7637529103187722,-1.7515309278427622,2.3538690224886425,-1.9228493222286205,-2.1842753842374463,-1.9337236641168878,-2.409018343920956,-1.616794180510673,1.3650135100729899,-5.199337582605575,-1.2362746512188165,-1.3996566480498192,-1.425462829295273,-1.8287848435083383,-0.5468206337841611,3.7,1.408060160996419,1.3957091089574487,1.4705452438880635,1.6301913216061172,1.7000079623380389,1.8191457742824622,1.9569814413368274,2.266949472470318,2.1121123913382664,,,2.370484707167075,,-0.5599821441750004,-0.5836933935948737,-0.7100085039612236,-0.8960821921379416,-0.8277773221704356,-0.9924799264571699,-1.3361940083116355,,-1.4937869377126778,-1.302425165898014,,,,,-2.394699433245742,-2.414995670731187,-2.538576599422786,-2.347105120074238,-2.037451098975779,,,,,,-1.6365719293576064,-1.6507610975346785,-1.6631401543223712,,,0.8458956718404708,0.8185147513332379,,,-0.6692074370913736,-1.083752030794452,-1.1188732530073313,-1.3379206554052225,-1.3975602939148222,-1.604175745687981,-1.914906506765693,-2.336835320341632,,,,-1.1937761569102174,-1.2090104169374762,,,3.5
2000-12-01,-1.5352095035916726,-1.3557978163329385,0.7628844142017229,-1.0754400105280724,-1.236578039458303,1.7040624205630948,0.7181180428067174,-1.7876826303294555,2.082479506074254,-1.9047764558531224,-2.160618934981347,-1.901246095236148,-2.0880583243427067,-1.5937990121420933,1.2777614517317764,-2.528604168378691,-1.0731918705546564,-1.302425165898014,-3.296726561870057,-1.7602941511985604,-1.0682796419246998,3.9,1.3650135100729899,1.408060160996419,1.3957091089574487,1.4705452438880635,1.64295375845756,1.7000079623380389,1.8191457742824622,1.9569814413368274,2.266949472470318,2.1121123913382664,,2.425870322761848,,-0.5468206337841611,-0.5599821441750004,-0.5836933935948737,-0.7100085039612236,-0.8960821921379416,-0.8277773221704356,-0.9924799264571699,,-1.3996566480498192,-1.4937869377126778,-5.199337582605575,,,,-1.986531670433672,-2.394699433245742,-2.414995670731187,-2.538576599422786,-2.347105120074238,-2.037451098975779,,,,,-1.616794180510673,-1.6474117125691154,-1.6507610975346785,,,0.7637529103187722,0.8458956718404708,1.6125614460429916,,-0.8020612793661946,-0.6692074370913736,-1.083752030794452,-1.2362746512188165,-1.3379206554052225,-1.3975602939148222,-1.604175745687981,-1.914906506765693,,,,-1.1442398159253904,-1.1937761569102174,,,3.7
2001-01-01,-1.5044555583600223,-1.3267273339571868,0.7952026001886972,-1.1250387876901906,-1.2490584820046258,1.4957693280902895,0.7089910693043063,-1.7912561260746207,1.6449331428755456,-1.8266848931106907,-2.0358205857905927,-1.7964937813327835,-1.5093912546972812,-1.4988946250556794,0.8189562276758409,-2.0135087071089304,-1.178450376845285,-1.2097327423053201,-1.8830734087371086,-1.7276929478693863,-0.9212715350523807,4.4,1.2777614517317764,1.3650135100729899,1.408060160996419,1.3957091089574487,1.6301913216061172,1.64295375845756,1.7000079623380389,1.8191457742824622,1.9569814413368274,2.266949472470318,2.1121123913382664,2.425870322761848,2.651460034713597,-1.0682796419246998,-0.5468206337841611,-0.5599821441750004,-0.5836933935948737,-0.7100085039612236,-0.8960821921379416,-0.8277773221704356,-1.4669597781498427,-1.302425165898014,-1.3996566480498192,-2.5313130908994528,-5.199337582605575,-1.6723669878657907,-1.8571387600302414,-1.9552567931375577,-1.986531670433672,-2.394699433245742,-2.414995670731187,-2.538576599422786,-2.347105120074238,-2.037451098975779,-2.155539671631338,-2.4163199864681264,-2.0909139195064768,-1.5937990121420933,-1.6365719293576064,-1.6474117125691154,-1.810266555251198,-5.199337582605575,0.7181180428067174,0.7637529103187722,1.5577996050285257,1.6125614460429916,-1.8609808538880799,-0.8020612793661946,-0.6692074370913736,-1.0731918705546564,-1.2362746512188165,-1.3379206554052225,-1.3975602939148222,-1.604175745687981,-1.9114296342986206,-2.3098651914383743,-1.3338417228650095,-1.0899095981105305,-1.1442398159253904,1.6222564980590588,-1.1813749220784273,3.9
2001-02-01,-1.494573404213564,-1.268586369205683,0.8675539394142551,-1.1951521558232838,-1.274917482717414,1.5159267241360446,0.9189114598597585,-1.7761905114665575,1.5729318426023406,-1.80256583781127,-2.0076022285433774,-1.7645036390786495,-1.626925141306526,-1.4923343306791808,0.7942562578867904,-1.704111763629664,-1.267663813212905,-1.1823253043394697,-5.199337582605575,-1.6923192672354415,-0.9095360661293542,4.8,0.8189562276758409,1.2777614517317764,1.3650135100729899,1.408060160996419,1.4705452438880635,1.6301913216061172,1.64295375845756,1.7000079623380389,1.8191457742824622,1.9569814413368274,2.266949472470318,2.3871003918455065,2.7186513548661146,-0.9212715350523807,-1.0682796419246998,-0.5468206337841611,-0.5599821441750004,-0.5836933935948737,-0.7100085039612236,-0.8960821921379416,-1.11819593636656,-1.2097327423053201,-1.302425165898014,-1.8881285748936856,-2.5313130908994528,-1.6527730615409164,-1.854184963506675,-2.22533678845795,-1.9552567931375577,-1.986531670433672,-2.394699433245742,-2.414995670731187,-2.538576599422786,-2.347105120074238,-2.1548712789350164,-2.411395517265304,-2.082323534033207,-1.4988946250556794,-1.616794180510673,-1.6365719293576064,-1.8029913858340816,-2.683128541683651,0.7089910693043063,0.7181180428067174,1.5395456580237037,1.5577996050285257,-2.3567024217286883,-1.8609808538880799,-0.8020612793661946,-1.178450376845285,-1.0731918705546564,-1.2362746512188165,-1.3379206554052225,-1.3975602939148222,-1.8537883040563008,-2.1139922053593043,-1.3487305115305515,-1.0754400105280724,-1.0899095981105305,1.555926596688417,-1.239515886829931,4.4
2001-03-01,-1.4939770673254154,-1.239515886829931,0.8967673215072818,-1.2239368376930346,-1.2926533300769656,1.3479484237547497,0.9189114598597585,-1.766766940158236,1.3624665033422025,-1.791071347569722,-1.9938301162744125,-1.7435556472793452,-1.6282345759830081,-1.5012861049457367,0.6665642591979043,-1.5624648722994305,-1.331127920211598,-1.2349006812813093,-2.303106515550987,-1.6422658827568632,-1.023118585924838,5.1,0.7942562578867904,0.8189562276758409,1.2777614517317764,1.3650135100729899,1.3957091089574487,1.4705452438880635,1.6301913216061172,1.64295375845756,1.7000079623380389,1.8191457742824622,1.9569814413368274,2.486794499916098,2.5977069785915825,-0.9095360661293542,-0.9212715350523807,-1.0682796419246998,-0.5468206337841611,-0.5599821441750004,-0.5836933935948737,-0.7100085039612236,-0.9586003324914724,-1.1823253043394697,-1.2097327423053201,-2.0495942663939903,-1.8881285748936856,-1.6260230925582628,-1.838577476412754,-2.5424594369704048,-2.22533678845795,-1.9552567931375577,-1.986531670433672,-2.394699433245742,-2.414995670731187,-2.538576599422786,-2.151497572924044,-2.4015476480895197,-2.0759476475501963,-1.4923343306791808,-1.5937990121420933,-1.616794180510673,-1.8026096472556132,-2.309995193228865,0.9189114598597585,0.7089910693043063,0.9919272478790462,1.5395456580237037,-1.7874686103629291,-2.3567024217286883,-1.8609808538880799,-1.267663813212905,-1.178450376845285,-1.0731918705546564,-1.2362746512188165,-1.3379206554052225,-1.7594274187250465,-1.9176312149181376,-1.3738990466187588,-1.1250387876901906,-1.0754400105280724,1.417198313608974,-1.268586369205683,4.8
2001-04-01,-1.4827318574346189,-1.239515886829931,0.8698590210930959,-1.1800649178219307,-1.2931548141803593,1.4285780079377712,0.8732765923477037,-1.777370780487974,1.1852325334389284,-1.773504208013722,-1.9725098514058308,-1.7452486952820454,-1.7174701243060977,-1.5444457866381598,0.3366727119345954,-1.5236296856407372,-1.0811052823434015,-1.168948844531482,-0.737053226004868,-1.6264821263890705,-1.0103925211362075,4.5,0.6665642591979043,0.7942562578867904,0.8189562276758409,1.2777614517317764,1.408060160996419,1.3957091089574487,1.4705452438880635,1.6301913216061172,1.64295375845756,1.7000079623380389,1.8191457742824622,2.398177514964461,2.43644781022554,-1.023118585924838,-0.9095360661293542,-0.9212715350523807,-1.0682796419246998,-0.5468206337841611,-0.5599821441750004,-0.5836933935948737,-1.3361940083116355,-1.2349006812813093,-1.1823253043394697,-2.0495942663939903,-2.0495942663939903,-1.631219742583555,-1.8059539536956617,-2.640218435085768,-2.5424594369704048,-2.22533678845795,-1.9552567931375577,-1.986531670433672,-2.394699433245742,-2.414995670731187,-2.1212777477400326,-2.396454447218623,-2.0697456726910697,-1.5012861049457367,-1.4988946250556794,-1.5937990121420933,-1.7039556839139613,-2.3898312659549044,0.9189114598597585,0.9189114598597585,1.1014509299079775,0.9919272478790462,-1.224182067656714,-1.7874686103629291,-2.3567024217286883,-1.331127920211598,-1.267663813212905,-1.178450376845285,-1.0731918705546564,-1.2362746512188165,-2.062445071400483,-1.7793838081092905,-1.3949788337320157,-1.1951521558232838,-1.1250387876901906,1.2127516814410304,-1.2976568515814346,5.1
2001-05-01,-1.4658640425984224,-1.239515886829931,0.8149134006669219,-1.0989447331822917,-1.283843168579801,1.5428032521970516,0.7728798838211832,-1.803072633616858,1.0744613022493819,-1.7661971613661351,-1.9604611318944756,-1.7257950599421166,-1.7882220322190576,-1.5729370048712568,0.3219708901819885,-1.5522097233179215,-0.9519587871945399,-1.0189085201207457,-1.6439068042317255,-1.5857945879498834,-0.7940068173294165,4.8,0.3366727119345954,0.6665642591979043,0.7942562578867904,0.8189562276758409,1.3650135100729899,1.408060160996419,1.3957091089574487,1.4705452438880635,1.6301913216061172,1.64295375845756,1.7000079623380389,2.3483304609291653,2.725370486881367,-1.0103925211362075,-1.023118585924838,-0.9095360661293542,-0.9212715350523807,-1.0682796419246998,-0.5468206337841611,-0.5599821441750004,-0.9924799264571699,-1.168948844531482,-1.2349006812813093,-1.6839075949241438,-2.0495942663939903,-1.6260230925582628,-1.761853102907721,-2.409018343920956,-2.640218435085768,-2.5424594369704048,-2.22533678845795,-1.9552567931375577,-1.986531670433672,-2.394699433245742,-2.119911589510514,-2.3768885984247095,-2.054341739787921,-1.5444457866381598,-1.4923343306791808,-1.4988946250556794,-1.715435277124822,-2.273296401119401,0.8732765923477037,0.9189114598597585,0.9828002743766351,1.1014509299079775,-1.425462829295273,-1.224182067656714,-1.7874686103629291,-1.0811052823434015,-1.331127920211598,-1.267663813212905,-1.178450376845285,-1.0731918705546564,-2.2760937184051104,-1.7411229923689526,-1.4028635198001436,-1.2239368376930346,-1.1951521558232838,1.1030486105216482,-1.268586369205683,4.5
2001-06-01,-1.4545336417236043,-1.239515886829931,0.7812309826659429,-1.0324909675159488,-1.2793513122688507,1.46217366801403,0.6907371222994845,-1.8343943383785102,0.9636900710598356,-1.7680702342946635,-1.9555420524696845,-1.719759851493519,-1.8855354588125637,-1.568965095878027,0.21690442598171078,-1.641719995641049,-0.8657112451278984,-1.0189085201207457,-0.8985947531645679,-1.550969621679775,-0.8722353150153829,4.5,0.3219708901819885,0.3366727119345954,0.6665642591979043,0.7942562578867904,1.2777614517317764,1.3650135100729899,1.408060160996419,1.3957091089574487,1.4705452438880635,1.6301913216061172,1.64295375845756,2.403716076523938,2.463324338286547,-0.7940068173294165,-1.0103925211362075,-1.023118585924838,-0.9095360661293542,-0.9212715350523807,-1.0682796419246998,-0.5468206337841611,-0.8277773221704356,-1.0189085201207457,-1.168948844531482,-1.5938914500364398,-1.6839075949241438,-1.6048105375369854,-1.7137805250578155,-2.0880583243427067,-2.409018343920956,-2.640218435085768,-2.5424594369704048,-2.22533678845795,-1.9552567931375577,-1.986531670433672,-2.0915976218403514,-2.3575548438992495,-2.036603545912772,-1.5729370048712568,-1.5012861049457367,-1.4923343306791808,-1.6991922231110619,-2.0089197111780304,0.7728798838211832,0.8732765923477037,1.0649430358983338,0.9828002743766351,-3.296726561870057,-1.425462829295273,-1.224182067656714,-0.9519587871945399,-1.0811052823434015,-1.331127920211598,-1.267663813212905,-1.178450376845285,-2.336835320341632,-1.7529393733810408,-1.3990224689453936,-1.1800649178219307,-1.2239368376930346,1.048008905128988,-1.2976568515814346,4.8
2001-07-01,-1.4566634163241345,-1.210445404454179,0.7917684989120609,-1.0254889147612827,-1.2896627290256089,1.4285780079377712,0.7637529103187722,-1.8602108502204981,0.9858443172977449,-1.7508696250049383,-1.9279075261400185,-1.6987939447123617,-1.625191352799706,-1.5610122676469753,0.11418529432142852,-1.6044896099432011,-0.8329495875379821,-1.168948844531482,-1.397301628203142,-1.5088795996032487,-1.1185743479803723,4.3,0.21690442598171078,0.3219708901819885,0.3366727119345954,0.6665642591979043,0.8189562276758409,1.2777614517317764,1.3650135100729899,1.408060160996419,1.3957091089574487,1.4705452438880635,1.6301913216061172,2.376023268726552,2.3826947541035253,-0.8722353150153829,-0.7940068173294165,-1.0103925211362075,-1.023118585924838,-0.9095360661293542,-0.9212715350523807,-1.0682796419246998,-0.8960821921379416,-1.0189085201207457,-1.0189085201207457,-1.8544505963807545,-1.5938914500364398,-1.5890502054930662,-1.6748365006234889,-1.5093912546972812,-2.0880583243427067,-2.409018343920956,-2.640218435085768,-2.5424594369704048,-2.22533678845795,-1.9552567931375577,-2.002871215311988,-2.2491182698406718,-1.9746203959025874,-1.568965095878027,-1.5444457866381598,-1.5012861049457367,-1.6631401543223712,-2.0974533308505428,0.6907371222994845,0.7728798838211832,1.019308168386279,1.0649430358983338,-1.8830734087371086,-3.296726561870057,-1.425462829295273,-0.8657112451278984,-0.9519587871945399,-1.0811052823434015,-1.331127920211598,-1.267663813212905,-1.914906506765693,-1.8304364773295803,-1.3846068398447025,-1.0989447331822917,-1.1800649178219307,1.028439232100486,-1.268586369205683,4.5
2001-08-01,-1.4574301351803252,-1.239515886829931,0.7933209008590314,-1.0580439897680465,-1.3045123024191156,1.3009144996479876,0.9189114598597585,-1.8796415543312248,0.9027658939055851,-1.7404538381496875,-1.906750940542914,-1.6928315919564327,-1.363243795527917,-1.5540975880160295,0.0760316231203884,-1.5195941540314992,-0.8020256829427213,-1.302425165898014,-2.1281895181702137,-1.4724162233383664,-1.1692323888385705,4.1,0.11418529432142852,0.21690442598171078,0.3219708901819885,0.3366727119345954,0.7942562578867904,0.8189562276758409,1.2777614517317764,1.3650135100729899,1.408060160996419,1.3957091089574487,1.4705452438880635,2.3095605300128237,2.3020651699205037,-1.1185743479803723,-0.8722353150153829,-0.7940068173294165,-1.0103925211362075,-1.023118585924838,-0.9095360661293542,-0.9212715350523807,-0.7100085039612236,-1.168948844531482,-1.0189085201207457,-1.302425165898014,-1.8544505963807545,-1.5894761604131717,-1.6528704190371886,-1.626925141306526,-1.5093912546972812,-2.0880583243427067,-2.409018343920956,-2.640218435085768,-2.5424594369704048,-2.22533678845795,-1.9830065815518747,-2.245942242085793,-1.9674886702266097,-1.5610122676469753,-1.5729370048712568,-1.5444457866381598,-1.6507610975346785,-2.0239338300352854,0.7637529103187722,0.6907371222994845,0.8185147513332379,1.019308168386279,-5.199337582605575,-1.8830734087371086,-3.296726561870057,-0.8329495875379821,-0.8657112451278984,-0.9519587871945399,-1.0811052823434015,-1.331127920211598,-1.604175745687981,-1.9605919802229566,-1.3595993089423999,-1.0324909675159488,-1.0989447331822917,0.9801736442946187,-1.239515886829931,4.3
2001-09-01,-1.4793242180737707,-1.239515886829931,0.7202639243848463,-1.095177300178783,-1.3069894270079734,0.998553558961657,0.6724831752946626,-1.8908667018408012,0.5427593925395593,-1.7198781450831002,-1.8719070884349394,-1.671244767829669,-1.379720848540293,-1.5484570431738878,0.0760316231203884,-1.4607398784650028,-0.7547176298044689,-1.048768630795752,-0.23032601204862646,-1.4703578510941522,-1.334629793349066,4.1,0.0760316231203884,0.11418529432142852,0.21690442598171078,0.3219708901819885,0.6665642591979043,0.7942562578867904,0.8189562276758409,1.2777614517317764,1.3650135100729899,1.408060160996419,1.3957091089574487,2.3538690224886425,2.2147164537222306,-1.1692323888385705,-1.1185743479803723,-0.8722353150153829,-0.7940068173294165,-1.0103925211362075,-1.023118585924838,-0.9095360661293542,-0.5836933935948737,-1.302425165898014,-1.168948844531482,-1.4937869377126778,-1.302425165898014,-1.5623854274944329,-1.66009692028502,-1.6282345759830081,-1.626925141306526,-1.5093912546972812,-2.0880583243427067,-2.409018343920956,-2.640218435085768,-2.5424594369704048,-1.9722440264445997,-2.225133274696005,-1.9497375062377453,-1.5540975880160295,-1.568965095878027,-1.5729370048712568,-1.6474117125691154,-1.8610689596122172,0.9189114598597585,0.7637529103187722,0.8458956718404708,0.8185147513332379,-2.303106515550987,-5.199337582605575,-1.8830734087371086,-0.8020256829427213,-0.8329495875379821,-0.8657112451278984,-0.9519587871945399,-1.0811052823434015,-1.3975602939148222,-2.1410237067293965,-1.3252738260445704,-1.0254889147612827,-1.0324909675159488,0.8973318313061794,-1.239515886829931,4.1
2001-10-01,-1.4567486073081548,-1.239515886829931,0.6512526014694319,-1.1091319113946099,-1.2870587163597704,0.8574517866413695,0.599467387275375,-1.8923249309214765,0.2713698761251707,-1.6866471950063533,-1.8289249259647176,-1.6499209376359174,-1.2994664459264824,-1.5387984047221708,-0.24290265588608934,-1.3995867568607654,-0.645962371566652,-1.3996566480498192,-0.5694572442474931,-1.4271228931215192,-1.9894844279787676,4.1,0.0760316231203884,0.0760316231203884,0.11418529432142852,0.21690442598171078,0.3366727119345954,0.6665642591979043,0.7942562578867904,0.8189562276758409,1.2777614517317764,1.3650135100729899,1.408060160996419,2.082479506074254,2.113929473493454,-1.334629793349066,-1.1692323888385705,-1.1185743479803723,-0.8722353150153829,-0.7940068173294165,-1.0103925211362075,-1.023118585924838,-0.5599821441750004,-1.048768630795752,-1.302425165898014,-1.3996566480498192,-1.4937869377126778,-1.5537811381082927,-1.6991096172377342,-1.7174701243060977,-1.6282345759830081,-1.626925141306526,-1.5093912546972812,-2.0880583243427067,-2.409018343920956,-2.640218435085768,-1.961067450970928,-2.2140150466930586,-1.9427165990753181,-1.5484570431738878,-1.5610122676469753,-1.568965095878027,-1.6365719293576064,-1.8909677446386655,0.6724831752946626,0.9189114598597585,0.7637529103187722,0.8458956718404708,-0.737053226004868,-2.303106515550987,-5.199337582605575,-0.7547176298044689,-0.8020256829427213,-0.8329495875379821,-0.8657112451278984,-0.9519587871945399,-1.3379206554052225,-2.44624999062952,-1.2861275929486513,-1.0580439897680465,-1.0254889147612827,0.8339185638965193,-1.2976568515814346,4.1
2001-11-01,-1.4610933474932357,-1.239515886829931,0.6309772911923095,-1.1072466497648166,-1.2552817197967308,0.8977665787328802,0.599467387275375,-1.8790580662536354,0.18829145273301098,-1.6508030240625837,-1.780760718436582,-1.618554344707321,-1.310802755394159,-1.5358272800141366,-0.42379246788841984,-1.2969549391024537,-0.5094313010448427,-1.8544505963807545,0.16389877635645292,-1.4055547716879624,-2.3517933371340476,4.0,-0.24290265588608934,0.0760316231203884,0.0760316231203884,0.11418529432142852,0.3219708901819885,0.3366727119345954,0.6665642591979043,0.7942562578867904,0.8189562276758409,1.2777614517317764,1.3650135100729899,1.6449331428755456,2.06017641737144,-1.9894844279787676,-1.334629793349066,-1.1692323888385705,-1.1185743479803723,-0.8722353150153829,-0.7940068173294165,-1.0103925211362075,-0.5468206337841611,-1.3996566480498192,-1.048768630795752,-1.302425165898014,-1.3996566480498192,-1.544921275770089,-1.7515309278427622,-1.7882220322190576,-1.7174701243060977,-1.6282345759830081,-1.626925141306526,-1.5093912546972812,-2.0880583243427067,-2.409018343920956,-1.9337236641168878,-2.1842753842374463,-1.9228493222286205,-1.5387984047221708,-1.5540975880160295,-1.5610122676469753,-1.616794180510673,-1.8287848435083383,0.599467387275375,0.6724831752946626,0.7181180428067174,0.7637529103187722,-1.6439068042317255,-0.737053226004868,-2.303106515550987,-0.645962371566652,-0.7547176298044689,-0.8020256829427213,-0.8329495875379821,-0.8657112451278984,-1.2362746512188165,-5.199337582605575,-1.2513382276777671,-1.095177300178783,-1.0580439897680465,0.7820307048810498,-1.3557978163329385,4.1
2001-12-01,-1.467738244246889,-1.239515886829931,0.664753794159768,-1.1040240439127553,-1.2306790880981668,1.179970123373455,0.6542292282898406,-1.8462465628088667,0.21044569897092028,-1.633457260042709,-1.751483636946106,-1.5928625391624696,-1.3200536688955868,-1.5229565895287551,-0.38941429785214443,-1.2653654633664917,-0.40465260413676857,-2.3225745319461932,-0.1031275558073898,-1.3968929455309882,-2.3612162294214363,3.8,-0.42379246788841984,-0.24290265588608934,0.0760316231203884,0.0760316231203884,0.21690442598171078,0.3219708901819885,0.3366727119345954,0.6665642591979043,0.7942562578867904,0.8189562276758409,1.2777614517317764,1.5729318426023406,1.7040624205630948,-2.3517933371340476,-1.9894844279787676,-1.334629793349066,-1.1692323888385705,-1.1185743479803723,-0.8722353150153829,-0.7940068173294165,-1.0682796419246998,-1.8544505963807545,-1.3996566480498192,-1.2097327423053201,-1.302425165898014,-1.5352095035916726,-1.7876826303294555,-1.8855354588125637,-1.7882220322190576,-1.7174701243060977,-1.6282345759830081,-1.626925141306526,-1.5093912546972812,-2.0880583243427067,-1.901246095236148,-2.160618934981347,-1.9047764558531224,-1.5358272800141366,-1.5484570431738878,-1.5540975880160295,-1.5937990121420933,-1.7602941511985604,0.599467387275375,0.599467387275375,0.7089910693043063,0.7181180428067174,-0.8985947531645679,-1.6439068042317255,-0.737053226004868,-0.5094313010448427,-0.645962371566652,-0.7547176298044689,-0.8020256829427213,-0.8329495875379821,-1.0731918705546564,-2.528604168378691,-1.236578039458303,-1.1091319113946099,-1.095177300178783,0.7628844142017229,-1.3557978163329385,4.0
2002-01-01,-1.4619452573334482,-1.1813749220784273,0.7384223229161005,-1.109942041920596,-1.2239679536725945,1.1463744632971962,0.6542292282898406,-1.7896478750174019,0.17721432961405634,-1.599216173049529,-1.703301820500117,-1.5697183025991868,-1.400489937436684,-1.571161481215126,-0.6824578366693298,-1.2899113284506338,-0.36894205570007405,-2.3225745319461932,-0.9052939339612129,-1.360443373693359,-2.296588176200504,3.6,-0.38941429785214443,-0.42379246788841984,-0.24290265588608934,0.0760316231203884,0.11418529432142852,0.21690442598171078,0.3219708901819885,0.3366727119345954,0.6665642591979043,0.7942562578867904,0.8189562276758409,1.3624665033422025,1.4957693280902895,-2.3612162294214363,-2.3517933371340476,-1.9894844279787676,-1.334629793349066,-1.1692323888385705,-1.1185743479803723,-0.8722353150153829,-0.9212715350523807,-2.3225745319461932,-1.8544505963807545,-1.1823253043394697,-1.2097327423053201,-1.5044555583600223,-1.7912561260746207,-1.625191352799706,-1.8855354588125637,-1.7882220322190576,-1.7174701243060977,-1.6282345759830081,-1.626925141306526,-1.5093912546972812,-1.7964937813327835,-2.0358205857905927,-1.8266848931106907,-1.5229565895287551,-1.5387984047221708,-1.5484570431738878,-1.4988946250556794,-1.7276929478693863,0.6542292282898406,0.599467387275375,0.9189114598597585,0.7089910693043063,-1.397301628203142,-0.8985947531645679,-1.6439068042317255,-0.40465260413676857,-0.5094313010448427,-0.645962371566652,-0.7547176298044689,-0.8020256829427213,-1.178450376845285,-2.0135087071089304,-1.2490584820046258,-1.1072466497648166,-1.1091319113946099,0.7952026001886972,-1.3267273339571868,3.8
2002-02-01,-1.4511260023627561,-1.1813749220784273,0.8409278938995146,-1.1189466505989136,-1.2275247414055166,1.119497935236189,0.8276417248356489,-1.723263832869731,0.2159842605303975,-1.5723226325764914,-1.6611123202222466,-1.5554504422960775,-1.6204325277023144,-1.573712624563226,-0.6824578366693298,-1.359134074301387,-0.3431151230644496,-2.3225745319461932,0.5727133705144986,-1.3382595019073324,-2.078639035956931,3.3,-0.6824578366693298,-0.38941429785214443,-0.42379246788841984,-0.24290265588608934,0.0760316231203884,0.11418529432142852,0.21690442598171078,0.3219708901819885,0.3366727119345954,0.6665642591979043,0.7942562578867904,1.1852325334389284,1.5159267241360446,-2.296588176200504,-2.3612162294214363,-2.3517933371340476,-1.9894844279787676,-1.334629793349066,-1.1692323888385705,-1.1185743479803723,-0.9095360661293542,-2.3225745319461932,-2.3225745319461932,-1.2349006812813093,-1.1823253043394697,-1.494573404213564,-1.7761905114665575,-1.363243795527917,-1.625191352799706,-1.8855354588125637,-1.7882220322190576,-1.7174701243060977,-1.6282345759830081,-1.626925141306526,-1.7645036390786495,-2.0076022285433774,-1.80256583781127,-1.571161481215126,-1.5358272800141366,-1.5387984047221708,-1.4923343306791808,-1.6923192672354415,0.6542292282898406,0.6542292282898406,0.9189114598597585,0.9189114598597585,-2.1281895181702137,-1.397301628203142,-0.8985947531645679,-0.36894205570007405,-0.40465260413676857,-0.5094313010448427,-0.645962371566652,-0.7547176298044689,-1.267663813212905,-1.704111763629664,-1.274917482717414,-1.1040240439127553,-1.1072466497648166,0.8675539394142551,-1.268586369205683,3.6
2002-03-01,-1.433661850638412,-1.1523044397026754,0.890275458819941,-1.1209584048556727,-1.2279058759049553,1.415139743907268,0.8915305393525256,-1.669160386025881,0.40429535355262625,-1.5284002869551097,-1.6077713951654273,-1.5257557005433093,-1.6187927032579223,-1.571764791734156,-0.604585346583237,-1.3999611412887463,-0.3147319664373705,-1.9117527382470811,-0.8342288801063357,-1.3328299058775275,-1.398744558243898,3.3,-0.6824578366693298,-0.6824578366693298,-0.38941429785214443,-0.42379246788841984,0.0760316231203884,0.0760316231203884,0.11418529432142852,0.21690442598171078,0.3219708901819885,0.3366727119345954,0.6665642591979043,1.0744613022493819,1.3479484237547497,-2.078639035956931,-2.296588176200504,-2.3612162294214363,-2.3517933371340476,-1.9894844279787676,-1.334629793349066,-1.1692323888385705,-1.023118585924838,-2.3225745319461932,-2.3225745319461932,-1.168948844531482,-1.2349006812813093,-1.4939770673254154,-1.766766940158236,-1.379720848540293,-1.363243795527917,-1.625191352799706,-1.8855354588125637,-1.7882220322190576,-1.7174701243060977,-1.6282345759830081,-1.7435556472793452,-1.9938301162744125,-1.791071347569722,-1.573712624563226,-1.5229565895287551,-1.5358272800141366,-1.5012861049457367,-1.6422658827568632,0.8276417248356489,0.6542292282898406,0.8732765923477037,0.9189114598597585,-0.23032601204862646,-2.1281895181702137,-1.397301628203142,-0.3431151230644496,-0.36894205570007405,-0.40465260413676857,-0.5094313010448427,-0.645962371566652,-1.331127920211598,-1.5624648722994305,-1.2926533300769656,-1.109942041920596,-1.1040240439127553,0.8967673215072818,-1.239515886829931,3.3
2002-04-01,-1.406656308703695,-1.1232339573269234,0.8081392830801288,-1.1104540303496369,-1.2164817083419548,1.354667555770002,1.0923239564055667,-1.6260289431841408,0.3544482995173305,-1.502040554395391,-1.5783172144919235,-1.5059732023370607,-1.5042747599428865,-1.5733877969983276,-0.4727891209922672,-1.3997297241862912,-0.38239546807484176,-1.5215818865373913,-0.03727368056726909,-1.3009532453937465,-1.2239821142095535,3.5,-0.604585346583237,-0.6824578366693298,-0.6824578366693298,-0.38941429785214443,-0.24290265588608934,0.0760316231203884,0.0760316231203884,0.11418529432142852,0.21690442598171078,0.3219708901819885,0.3366727119345954,0.9636900710598356,1.4285780079377712,-1.398744558243898,-2.078639035956931,-2.296588176200504,-2.3612162294214363,-2.3517933371340476,-1.9894844279787676,-1.334629793349066,-1.0103925211362075,-1.9117527382470811,-2.3225745319461932,-1.0189085201207457,-1.168948844531482,-1.4827318574346189,-1.777370780487974,-1.2994664459264824,-1.379720848540293,-1.363243795527917,-1.625191352799706,-1.8855354588125637,-1.7882220322190576,-1.7174701243060977,-1.7452486952820454,-1.9725098514058308,-1.773504208013722,-1.571764791734156,-1.571161481215126,-1.5229565895287551,-1.5444457866381598,-1.6264821263890705,0.8915305393525256,0.8276417248356489,0.7728798838211832,0.8732765923477037,-0.5694572442474931,-0.23032601204862646,-2.1281895181702137,-0.3147319664373705,-0.3431151230644496,-0.36894205570007405,-0.40465260413676857,-0.5094313010448427,-1.0811052823434015,-1.5236296856407372,-1.2931548141803593,-1.1189466505989136,-1.109942041920596,0.8698590210930959,-1.239515886829931,3.3
2002-05-01,-1.4023967595026356,-1.006952027823916,0.5357162626280931,-1.0954260367999453,-1.2003122384386107,1.2471614435259732,0.36216607621268987,-1.5910663833747611,0.28244699924412536,-1.484518059227076,-1.5563793378167896,-1.4881322669867323,-1.0695121363636029,-1.5047706875876012,-0.38941429785214443,-1.364127600045752,-0.4305916659624117,-1.639976270133218,-1.453364166860225,-1.2828678472008603,-1.28599285740352,3.3,-0.4727891209922672,-0.604585346583237,-0.6824578366693298,-0.6824578366693298,-0.42379246788841984,-0.24290265588608934,0.0760316231203884,0.0760316231203884,0.11418529432142852,0.21690442598171078,0.3219708901819885,0.9858443172977449,1.5428032521970516,-1.2239821142095535,-1.398744558243898,-2.078639035956931,-2.296588176200504,-2.3612162294214363,-2.3517933371340476,-1.9894844279787676,-0.7940068173294165,-1.5215818865373913,-1.9117527382470811,-1.0189085201207457,-1.0189085201207457,-1.4658640425984224,-1.803072633616858,-1.310802755394159,-1.2994664459264824,-1.379720848540293,-1.363243795527917,-1.625191352799706,-1.8855354588125637,-1.7882220322190576,-1.7257950599421166,-1.9604611318944756,-1.7661971613661351,-1.5733877969983276,-1.573712624563226,-1.571161481215126,-1.5729370048712568,-1.5857945879498834,1.0923239564055667,0.8915305393525256,0.6907371222994845,0.7728798838211832,0.16389877635645292,-0.5694572442474931,-0.23032601204862646,-0.38239546807484176,-0.3147319664373705,-0.3431151230644496,-0.36894205570007405,-0.40465260413676857,-0.9519587871945399,-1.5522097233179215,-1.283843168579801,-1.1209584048556727,-1.1189466505989136,0.8149134006669219,-1.239515886829931,3.5
2002-06-01,-1.3943036160206226,-0.948811063072412,0.3207415227106826,-1.0865641338371268,-1.1891749123929871,1.0455874830684198,0.1066108181451833,-1.5464550036880647,0.19936857585196563,-1.4756709516707303,-1.5323184484448171,-1.4719807556543207,-0.6417422576885746,-1.4977693915807848,-0.38941429785214443,-1.3078371248738005,-0.47772536195485105,-1.639976270133218,-1.1443023522321933,-1.2637957521347918,-1.806224379686473,3.4,-0.38941429785214443,-0.4727891209922672,-0.604585346583237,-0.6824578366693298,-0.38941429785214443,-0.42379246788841984,-0.24290265588608934,0.0760316231203884,0.0760316231203884,0.11418529432142852,0.21690442598171078,0.9027658939055851,1.46217366801403,-1.28599285740352,-1.2239821142095535,-1.398744558243898,-2.078639035956931,-2.296588176200504,-2.3612162294214363,-2.3517933371340476,-0.8722353150153829,-1.639976270133218,-1.5215818865373913,-1.168948844531482,-1.0189085201207457,-1.4545336417236043,-1.8343943383785102,-1.3200536688955868,-1.310802755394159,-1.2994664459264824,-1.379720848540293,-1.363243795527917,-1.625191352799706,-1.8855354588125637,-1.719759851493519,-1.9555420524696845,-1.7680702342946635,-1.5047706875876012,-1.571764791734156,-1.573712624563226,-1.568965095878027,-1.550969621679775,0.36216607621268987,1.0923239564055667,0.7637529103187722,0.6907371222994845,-0.1031275558073898,0.16389877635645292,-0.5694572442474931,-0.4305916659624117,-0.38239546807484176,-0.3147319664373705,-0.3431151230644496,-0.36894205570007405,-0.8657112451278984,-1.641719995641049,-1.2793513122688507,-1.1104540303496369,-1.1209584048556727,0.7812309826659429,-1.239515886829931,3.3
2002-07-01,-1.3799915307050619,-0.8906700983209085,0.24474909528221997,-1.092392146186602,-1.1909695304470194,0.7902604664888515,0.3165312087006351,-1.4866009825038446,0.06644309842450985,-1.4359779202425524,-1.4762372548517,-1.4399615454426655,-0.31825430172100383,-1.4872227648271172,-0.42379246788841984,-1.2626610350116159,-0.5184344128865706,-1.5509628022184871,0.46745290222541047,-1.2454367265561257,-1.4993024536771313,3.5,-0.38941429785214443,-0.38941429785214443,-0.4727891209922672,-0.604585346583237,-0.6824578366693298,-0.38941429785214443,-0.42379246788841984,-0.24290265588608934,0.0760316231203884,0.0760316231203884,0.11418529432142852,0.5427593925395593,1.4285780079377712,-1.806224379686473,-1.28599285740352,-1.2239821142095535,-1.398744558243898,-2.078639035956931,-2.296588176200504,-2.3612162294214363,-1.1185743479803723,-1.639976270133218,-1.639976270133218,-1.302425165898014,-1.168948844531482,-1.4566634163241345,-1.8602108502204981,-1.400489937436684,-1.3200536688955868,-1.310802755394159,-1.2994664459264824,-1.379720848540293,-1.363243795527917,-1.625191352799706,-1.6987939447123617,-1.9279075261400185,-1.7508696250049383,-1.4977693915807848,-1.5733877969983276,-1.571764791734156,-1.5610122676469753,-1.5088795996032487,0.1066108181451833,0.36216607621268987,0.9189114598597585,0.7637529103187722,-0.9052939339612129,-0.1031275558073898,0.16389877635645292,-0.47772536195485105,-0.4305916659624117,-0.38239546807484176,-0.3147319664373705,-0.3431151230644496,-0.8329495875379821,-1.6044896099432011,-1.2896627290256089,-1.0954260367999453,-1.1104540303496369,0.7917684989120609,-1.210445404454179,3.4
2002-08-01,-1.3672128831018826,-0.8906700983209085,0.1773983720252392,-1.1076919012951354,-1.1995307691529424,0.44086560169575845,0.2252614736765255,-1.4259492844904758,-0.044328132765036506,-1.39682648944953,-1.4220359768383752,-1.4095708142719312,-0.37921879164703565,-1.488252450953698,-0.4727891209922672,-1.2292960047514587,-0.5524097596765274,-1.461935014547806,-1.342202856663318,-1.226920386551395,-1.2777625808748632,3.7,-0.42379246788841984,-0.38941429785214443,-0.38941429785214443,-0.4727891209922672,-0.6824578366693298,-0.6824578366693298,-0.38941429785214443,-0.42379246788841984,-0.24290265588608934,0.0760316231203884,0.0760316231203884,0.2713698761251707,1.3009144996479876,-1.4993024536771313,-1.806224379686473,-1.28599285740352,-1.2239821142095535,-1.398744558243898,-2.078639035956931,-2.296588176200504,-1.1692323888385705,-1.5509628022184871,-1.639976270133218,-1.048768630795752,-1.302425165898014,-1.4574301351803252,-1.8796415543312248,-1.6204325277023144,-1.400489937436684,-1.3200536688955868,-1.310802755394159,-1.2994664459264824,-1.379720848540293,-1.363243795527917,-1.6928315919564327,-1.906750940542914,-1.7404538381496875,-1.4872227648271172,-1.5047706875876012,-1.5733877969983276,-1.5540975880160295,-1.4724162233383664,0.3165312087006351,0.1066108181451833,0.6724831752946626,0.9189114598597585,0.5727133705144986,-0.9052939339612129,-0.1031275558073898,-0.5184344128865706,-0.47772536195485105,-0.4305916659624117,-0.38239546807484176,-0.3147319664373705,-0.8020256829427213,-1.5195941540314992,-1.3045123024191156,-1.0865641338371268,-1.0954260367999453,0.7933209008590314,-1.239515886829931,3.5
2002-09-01,-1.355456527306959,-0.8325291335694047,0.0666039154946535,-1.1230897985605575,-1.204921117218848,0.20569598116194576,0.1887535796668818,-1.3923760860934187,-0.0664823790029458,-1.3761735059085536,-1.3955720026125669,-1.3938799245800637,-0.466635680697236,-1.4871162021928583,-0.4727891209922672,-1.1707237109479474,-0.6323138311966513,-1.461935014547806,2.0258088345294984,-1.1972758943030346,-1.14630803257958,3.7,-0.4727891209922672,-0.42379246788841984,-0.38941429785214443,-0.38941429785214443,-0.604585346583237,-0.6824578366693298,-0.6824578366693298,-0.38941429785214443,-0.42379246788841984,-0.24290265588608934,0.0760316231203884,0.18829145273301098,0.998553558961657,-1.2777625808748632,-1.4993024536771313,-1.806224379686473,-1.28599285740352,-1.2239821142095535,-1.398744558243898,-2.078639035956931,-1.334629793349066,-1.461935014547806,-1.5509628022184871,-1.3996566480498192,-1.048768630795752,-1.4793242180737707,-1.8908667018408012,-1.6187927032579223,-1.6204325277023144,-1.400489937436684,-1.3200536688955868,-1.310802755394159,-1.2994664459264824,-1.379720848540293,-1.671244767829669,-1.8719070884349394,-1.7198781450831002,-1.488252450953698,-1.4977693915807848,-1.5047706875876012,-1.5484570431738878,-1.4703578510941522,0.2252614736765255,0.3165312087006351,0.599467387275375,0.6724831752946626,-0.8342288801063357,0.5727133705144986,-0.9052939339612129,-0.5524097596765274,-0.5184344128865706,-0.47772536195485105,-0.4305916659624117,-0.38239546807484176,-0.7547176298044689,-1.4607398784650028,-1.3069894270079734,-1.092392146186602,-1.0865641338371268,0.7202639243848463,-1.239515886829931,3.7
2002-10-01,-1.3435297895439922,-0.6871767216906453,-0.08723911745031603,-1.1323083409745487,-1.1994626452537878,0.21241511317719772,-0.2675950954536661,-1.4006165409101927,-0.10525230991928707,-1.3378939342648835,-1.350686695418725,-1.3571793043750995,-0.30784853958129105,-1.4790526663839771,-0.24290265588608934,-1.118000496117163,-0.6753951757471454,-1.2349006812813093,1.837098294640147,-1.1895533294736893,-1.2163535001670005,4.0,-0.4727891209922672,-0.4727891209922672,-0.42379246788841984,-0.38941429785214443,-0.4727891209922672,-0.604585346583237,-0.6824578366693298,-0.6824578366693298,-0.38941429785214443,-0.42379246788841984,-0.24290265588608934,0.21044569897092028,0.8574517866413695,-1.14630803257958,-1.2777625808748632,-1.4993024536771313,-1.806224379686473,-1.28599285740352,-1.2239821142095535,-1.398744558243898,-1.9894844279787676,-1.461935014547806,-1.461935014547806,-1.8544505963807545,-1.3996566480498192,-1.4567486073081548,-1.8923249309214765,-1.5042747599428865,-1.6187927032579223,-1.6204325277023144,-1.400489937436684,-1.3200536688955868,-1.310802755394159,-1.2994664459264824,-1.6499209376359174,-1.8289249259647176,-1.6866471950063533,-1.4871162021928583,-1.4872227648271172,-1.4977693915807848,-1.5387984047221708,-1.4271228931215192,0.1887535796668818,0.2252614736765255,0.599467387275375,0.599467387275375,-0.03727368056726909,-0.8342288801063357,0.5727133705144986,-0.6323138311966513,-0.5524097596765274,-0.5184344128865706,-0.47772536195485105,-0.4305916659624117,-0.645962371566652,-1.3995867568607654,-1.2870587163597704,-1.1076919012951354,-1.092392146186602,0.6512526014694319,-1.239515886829931,3.7
2002-11-01,-1.3370552747583808,-0.6290357569391415,-0.15771346159454036,-1.143381567660683,-1.1828639176295737,0.27960643332971535,-0.15807141342473469,-1.4249983769771344,-0.19386929487092414,-1.3140563701197716,-1.323618891029349,-1.3243393610814858,-0.04662844601865608,-1.4280687624661423,-0.15250597424624424,-1.0719154137185847,-0.7329711462978689,-1.2349006812813093,1.823859553726907,-1.1710584385802794,-1.6448700110700714,4.0,-0.24290265588608934,-0.4727891209922672,-0.4727891209922672,-0.42379246788841984,-0.38941429785214443,-0.4727891209922672,-0.604585346583237,-0.6824578366693298,-0.6824578366693298,-0.38941429785214443,-0.42379246788841984,0.17721432961405634,0.8977665787328802,-1.2163535001670005,-1.14630803257958,-1.2777625808748632,-1.4993024536771313,-1.806224379686473,-1.28599285740352,-1.2239821142095535,-2.3517933371340476,-1.2349006812813093,-1.461935014547806,-2.3225745319461932,-1.8544505963807545,-1.4610933474932357,-1.8790580662536354,-1.0695121363636029,-1.5042747599428865,-1.6187927032579223,-1.6204325277023144,-1.400489937436684,-1.3200536688955868,-1.310802755394159,-1.618554344707321,-1.780760718436582,-1.6508030240625837,-1.4790526663839771,-1.488252450953698,-1.4872227648271172,-1.5358272800141366,-1.4055547716879624,-0.2675950954536661,0.1887535796668818,0.6542292282898406,0.599467387275375,-1.453364166860225,-0.03727368056726909,-0.8342288801063357,-0.6753951757471454,-0.6323138311966513,-0.5524097596765274,-0.5184344128865706,-0.47772536195485105,-0.5094313010448427,-1.2969549391024537,-1.2552817197967308,-1.1230897985605575,-1.1076919012951354,0.6309772911923095,-1.239515886829931,4.0
2002-12-01,-1.330751141940813,-0.6290357569391415,-0.20421495627884972,-1.1659804472246016,-1.1582230441009587,0.2661681692992118,-0.10330957241026881,-1.4286299490568635,-0.21602354110883343,-1.2840693712368856,-1.2878617678671005,-1.3043411214932334,-0.015183827190407683,-1.4062947703505964,-0.24290265588608934,-1.0518692609640932,-0.8668309079563014,-1.3996566480498192,0.5575565324953848,-1.1341936008816669,-1.3869468525553115,4.0,-0.15250597424624424,-0.24290265588608934,-0.4727891209922672,-0.4727891209922672,-0.38941429785214443,-0.38941429785214443,-0.4727891209922672,-0.604585346583237,-0.6824578366693298,-0.6824578366693298,-0.38941429785214443,0.2159842605303975,1.179970123373455,-1.6448700110700714,-1.2163535001670005,-1.14630803257958,-1.2777625808748632,-1.4993024536771313,-1.806224379686473,-1.28599285740352,-2.3612162294214363,-1.2349006812813093,-1.2349006812813093,-2.3225745319461932,-2.3225745319461932,-1.467738244246889,-1.8462465628088667,-0.6417422576885746,-1.0695121363636029,-1.5042747599428865,-1.6187927032579223,-1.6204325277023144,-1.400489937436684,-1.3200536688955868,-1.5928625391624696,-1.751483636946106,-1.633457260042709,-1.4280687624661423,-1.4871162021928583,-1.488252450953698,-1.5229565895287551,-1.3968929455309882,-0.15807141342473469,-0.2675950954536661,0.6542292282898406,0.6542292282898406,-1.1443023522321933,-1.453364166860225,-0.03727368056726909,-0.7329711462978689,-0.6753951757471454,-0.6323138311966513,-0.5524097596765274,-0.5184344128865706,-0.40465260413676857,-1.2653654633664917,-1.2306790880981668,-1.1323083409745487,-1.1230897985605575,0.664753794159768,-1.239515886829931,4.0
2003-01-01,-1.3111572156159397,-0.5999652745633897,-0.28970055682546314,-1.2063637651377932,-1.1261540379806563,0.27960643332971535,-0.2675950954536661,-1.3872629731688622,-0.2658705951441292,-1.264120417922195,-1.2545360451849068,-1.2684471981147296,0.2729463614134092,-1.372691120008254,0.0760316231203884,-1.0689746300559464,-0.8394850307658674,-1.0862092852029483,0.8979892970380516,-1.1332596666557961,-1.0864172374112997,4.0,-0.24290265588608934,-0.15250597424624424,-0.24290265588608934,-0.4727891209922672,-0.42379246788841984,-0.38941429785214443,-0.38941429785214443,-0.4727891209922672,-0.604585346583237,-0.6824578366693298,-0.6824578366693298,0.40429535355262625,1.1463744632971962,-1.3869468525553115,-1.6448700110700714,-1.2163535001670005,-1.14630803257958,-1.2777625808748632,-1.4993024536771313,-1.806224379686473,-2.296588176200504,-1.3996566480498192,-1.2349006812813093,-2.3225745319461932,-2.3225745319461932,-1.4619452573334482,-1.7896478750174019,-0.31825430172100383,-0.6417422576885746,-1.0695121363636029,-1.5042747599428865,-1.6187927032579223,-1.6204325277023144,-1.400489937436684,-1.5697183025991868,-1.703301820500117,-1.599216173049529,-1.4062947703505964,-1.4790526663839771,-1.4871162021928583,-1.571161481215126,-1.360443373693359,-0.10330957241026881,-0.15807141342473469,0.8276417248356489,0.6542292282898406,0.46745290222541047,-1.1443023522321933,-1.453364166860225,-0.8668309079563014,-0.7329711462978689,-0.6753951757471454,-0.6323138311966513,-0.5524097596765274,-0.36894205570007405,-1.2899113284506338,-1.2239679536725945,-1.143381567660683,-1.1323083409745487,0.7384223229161005,-1.1813749220784273,4.0
2003-02-01,-1.2834701458090523,-0.5999652745633897,-0.378328595252616,-1.24469829395884,-1.0902148140361676,0.1788194531009386,-0.3771187774825976,-1.3243643925267952,-0.2991019645009932,-1.251782101657998,-1.2436325571831688,-1.2475648033173778,0.27858723625815646,-1.3434968905144484,0.19105200614617424,-1.1099730777532097,-0.8134444926782206,-0.9533079919369283,1.3678680201484896,-1.115319627320297,-0.8305270243344517,4.1,0.0760316231203884,-0.24290265588608934,-0.15250597424624424,-0.24290265588608934,-0.4727891209922672,-0.42379246788841984,-0.38941429785214443,-0.38941429785214443,-0.4727891209922672,-0.604585346583237,-0.6824578366693298,0.3544482995173305,1.119497935236189,-1.0864172374112997,-1.3869468525553115,-1.6448700110700714,-1.2163535001670005,-1.14630803257958,-1.2777625808748632,-1.4993024536771313,-2.078639035956931,-1.0862092852029483,-1.3996566480498192,-1.9117527382470811,-2.3225745319461932,-1.4511260023627561,-1.723263832869731,-0.37921879164703565,-0.31825430172100383,-0.6417422576885746,-1.0695121363636029,-1.5042747599428865,-1.6187927032579223,-1.6204325277023144,-1.5554504422960775,-1.6611123202222466,-1.5723226325764914,-1.372691120008254,-1.4280687624661423,-1.4790526663839771,-1.573712624563226,-1.3382595019073324,-0.2675950954536661,-0.10330957241026881,0.8915305393525256,0.8276417248356489,-1.342202856663318,0.46745290222541047,-1.1443023522321933,-0.8394850307658674,-0.8668309079563014,-0.7329711462978689,-0.6753951757471454,-0.6323138311966513,-0.3431151230644496,-1.359134074301387,-1.2275247414055166,-1.1659804472246016,-1.143381567660683,0.8409278938995146,-1.1813749220784273,4.0
2003-03-01,-1.2665171399888353,-0.5708947921876376,-0.4176090687593425,-1.2564040952249724,-1.0569302936540024,0.09818986891791706,-0.47751548600911825,-1.2794313591688369,-0.3323333338578571,-1.2452292715079283,-1.2472612159095433,-1.2500447348567796,0.22694640620446946,-1.3036853540802775,0.0760316231203884,-1.15049908827331,-0.7783244645381271,-0.9611561764217907,1.2220103460336746,-1.1189131704534856,-1.034404912857905,3.7,0.19105200614617424,0.0760316231203884,-0.24290265588608934,-0.15250597424624424,-0.4727891209922672,-0.4727891209922672,-0.42379246788841984,-0.38941429785214443,-0.38941429785214443,-0.4727891209922672,-0.604585346583237,0.28244699924412536,1.415139743907268,-0.8305270243344517,-1.0864172374112997,-1.3869468525553115,-1.6448700110700714,-1.2163535001670005,-1.14630803257958,-1.2777625808748632,-1.398744558243898,-0.9533079919369283,-1.0862092852029483,-1.5215818865373913,-1.9117527382470811,-1.433661850638412,-1.669160386025881,-0.466635680697236,-0.37921879164703565,-0.31825430172100383,-0.6417422576885746,-1.0695121363636029,-1.5042747599428865,-1.6187927032579223,-1.5257557005433093,-1.6077713951654273,-1.5284002869551097,-1.3434968905144484,-1.4062947703505964,-1.4280687624661423,-1.571764791734156,-1.3328299058775275,-0.3771187774825976,-0.2675950954536661,1.0923239564055667,0.8915305393525256,2.0258088345294984,-1.342202856663318,0.46745290222541047,-0.8134444926782206,-0.8394850307658674,-0.8668309079563014,-0.7329711462978689,-0.6753951757471454,-0.3147319664373705,-1.3999611412887463,-1.2279058759049553,-1.2063637651377932,-1.1659804472246016,0.890275458819941,-1.1523044397026754,4.1
2003-04-01,-1.2777623498796318,-0.5418243098118859,-0.36154383723201766,-1.2296656822365437,-1.0233280225113996,0.19897684914669414,-0.4044996979898305,-1.266160296422443,-0.31571764917942513,-1.2243984002615276,-1.2098726953690688,-1.2310431285895373,0.4482772397150689,-1.3228629730737844,-0.11418529432142824,-1.1817664913248875,-0.9062227041322204,-1.1202053547494892,0.7327883302039161,-1.0850109509770265,-1.8810158021117114,3.7,0.0760316231203884,0.19105200614617424,0.0760316231203884,-0.24290265588608934,-0.24290265588608934,-0.4727891209922672,-0.4727891209922672,-0.42379246788841984,-0.38941429785214443,-0.38941429785214443,-0.4727891209922672,0.19936857585196563,1.354667555770002,-1.034404912857905,-0.8305270243344517,-1.0864172374112997,-1.3869468525553115,-1.6448700110700714,-1.2163535001670005,-1.14630803257958,-1.2239821142095535,-0.9611561764217907,-0.9533079919369283,-1.639976270133218,-1.5215818865373913,-1.406656308703695,-1.6260289431841408,-0.30784853958129105,-0.466635680697236,-0.37921879164703565,-0.31825430172100383,-0.6417422576885746,-1.0695121363636029,-1.5042747599428865,-1.5059732023370607,-1.5783172144919235,-1.502040554395391,-1.3036853540802775,-1.372691120008254,-1.4062947703505964,-1.5733877969983276,-1.3009532453937465,-0.47751548600911825,-0.3771187774825976,0.36216607621268987,1.0923239564055667,1.837098294640147,2.0258088345294984,-1.342202856663318,-0.7783244645381271,-0.8134444926782206,-0.8394850307658674,-0.8668309079563014,-0.7329711462978689,-0.38239546807484176,-1.3997297241862912,-1.2164817083419548,-1.24469829395884,-1.2063637651377932,0.8081392830801288,-1.1232339573269234,3.7
2003-05-01,-1.2853443474575177,-0.483683345060382,-0.23378586124451234,-1.1832196068479655,-1.003259695587616,-0.07650756347862932,-0.18545233393196764,-1.2751205004711559,-0.36556470321472107,-1.207390999541839,-1.1851492910453878,-1.2168521198711844,1.0899608531660991,-1.3476728383893948,-0.322613522001494,-1.1795029683049754,-0.9877718274873676,-1.7723712573425323,-0.4887233846365288,-1.0693763338094906,-2.104108540556488,3.6,-0.11418529432142824,0.0760316231203884,0.19105200614617424,0.0760316231203884,-0.15250597424624424,-0.24290265588608934,-0.4727891209922672,-0.4727891209922672,-0.42379246788841984,-0.38941429785214443,-0.38941429785214443,0.06644309842450985,1.2471614435259732,-1.8810158021117114,-1.034404912857905,-0.8305270243344517,-1.0864172374112997,-1.3869468525553115,-1.6448700110700714,-1.2163535001670005,-1.28599285740352,-1.1202053547494892,-0.9611561764217907,-1.639976270133218,-1.639976270133218,-1.4023967595026356,-1.5910663833747611,-0.04662844601865608,-0.30784853958129105,-0.466635680697236,-0.37921879164703565,-0.31825430172100383,-0.6417422576885746,-1.0695121363636029,-1.4881322669867323,-1.5563793378167896,-1.484518059227076,-1.3228629730737844,-1.3434968905144484,-1.372691120008254,-1.5047706875876012,-1.2828678472008603,-0.4044996979898305,-0.47751548600911825,0.1066108181451833,0.36216607621268987,1.823859553726907,1.837098294640147,2.0258088345294984,-0.9062227041322204,-0.7783244645381271,-0.8134444926782206,-0.8394850307658674,-0.8668309079563014,-0.4305916659624117,-1.364127600045752,-1.2003122384386107,-1.2564040952249724,-1.24469829395884,0.5357162626280931,-1.006952027823916,3.7
2003-06-01,-1.2781883047997387,-0.483683345060382,-0.10920325287581267,-1.1423599334266359,-1.0064249292200098,-0.24448586385992405,-0.048547731395803255,-1.2822201178583341,-0.4597202497258354,-1.221575321627337,-1.1942074865301493,-1.2255465030132973,1.0792125768633245,-1.3739772352076403,-0.38941429785214443,-1.140836846210384,-1.0677337543995393,-1.639976270133218,-0.0919485995685895,-1.028444776706506,-1.5881716330265674,3.3,-0.322613522001494,-0.11418529432142824,0.0760316231203884,0.19105200614617424,-0.24290265588608934,-0.15250597424624424,-0.24290265588608934,-0.4727891209922672,-0.4727891209922672,-0.42379246788841984,-0.38941429785214443,-0.044328132765036506,1.0455874830684198,-2.104108540556488,-1.8810158021117114,-1.034404912857905,-0.8305270243344517,-1.0864172374112997,-1.3869468525553115,-1.6448700110700714,-1.806224379686473,-1.7723712573425323,-1.1202053547494892,-1.5509628022184871,-1.639976270133218,-1.3943036160206226,-1.5464550036880647,-0.015183827190407683,-0.04662844601865608,-0.30784853958129105,-0.466635680697236,-0.37921879164703565,-0.31825430172100383,-0.6417422576885746,-1.4719807556543207,-1.5323184484448171,-1.4756709516707303,-1.3476728383893948,-1.3036853540802775,-1.3434968905144484,-1.4977693915807848,-1.2637957521347918,-0.18545233393196764,-0.4044996979898305,0.3165312087006351,0.1066108181451833,0.5575565324953848,1.823859553726907,1.837098294640147,-0.9877718274873676,-0.9062227041322204,-0.7783244645381271,-0.8134444926782206,-0.8394850307658674,-0.47772536195485105,-1.3078371248738005,-1.1891749123929871,-1.2296656822365437,-1.2564040952249724,0.3207415227106826,-0.948811063072412,3.6
2003-07-01,-1.2587647604429062,-0.5418243098118859,-0.01811489257512598,-1.1290943702214384,-1.0378662861659274,0.15866205705518335,0.006214109618662627,-1.2702512110952713,-0.3987960725715849,-1.1817843826646426,-1.1532758144110598,-1.2161077723595228,0.9605723391964077,-1.403019974688979,-0.5744599931693578,-1.0797878285499252,-0.9878497890714606,-1.3996566480498192,-0.1943792488450755,-1.034708945294767,-1.5510405150841005,2.8,-0.38941429785214443,-0.322613522001494,-0.11418529432142824,0.0760316231203884,0.0760316231203884,-0.24290265588608934,-0.15250597424624424,-0.24290265588608934,-0.4727891209922672,-0.4727891209922672,-0.42379246788841984,-0.0664823790029458,0.7902604664888515,-1.5881716330265674,-2.104108540556488,-1.8810158021117114,-1.034404912857905,-0.8305270243344517,-1.0864172374112997,-1.3869468525553115,-1.4993024536771313,-1.639976270133218,-1.7723712573425323,-1.461935014547806,-1.5509628022184871,-1.3799915307050619,-1.4866009825038446,0.2729463614134092,-0.015183827190407683,-0.04662844601865608,-0.30784853958129105,-0.466635680697236,-0.37921879164703565,-0.31825430172100383,-1.4399615454426655,-1.4762372548517,-1.4359779202425524,-1.3739772352076403,-1.3228629730737844,-1.3036853540802775,-1.4872227648271172,-1.2454367265561257,-0.048547731395803255,-0.18545233393196764,0.2252614736765255,0.3165312087006351,0.8979892970380516,0.5575565324953848,1.823859553726907,-1.0677337543995393,-0.9877718274873676,-0.9062227041322204,-0.7783244645381271,-0.8134444926782206,-0.5184344128865706,-1.2626610350116159,-1.1909695304470194,-1.1832196068479655,-1.2296656822365437,0.24474909528221997,-0.8906700983209085,3.3
2003-08-01,-1.2363595316453337,-0.5418243098118859,0.06885725044192549,-1.1292531770919705,-1.0823159363270543,0.4946186578177728,-0.030293784390981078,-1.2504830505977442,-0.29356340294151584,-1.1594153934098894,-1.1215128795690579,-1.1866527536499933,0.8150341308834567,-1.4058074415831887,-0.5172492065534873,-1.0175178225819612,-0.9063246254525616,-1.0710253397964529,-0.6663941590764358,-1.0180203542809325,-1.2702247960629092,2.8,-0.5744599931693578,-0.38941429785214443,-0.322613522001494,-0.11418529432142824,0.19105200614617424,0.0760316231203884,-0.24290265588608934,-0.15250597424624424,-0.24290265588608934,-0.4727891209922672,-0.4727891209922672,-0.10525230991928707,0.44086560169575845,-1.5510405150841005,-1.5881716330265674,-2.104108540556488,-1.8810158021117114,-1.034404912857905,-0.8305270243344517,-1.0864172374112997,-1.2777625808748632,-1.3996566480498192,-1.639976270133218,-1.461935014547806,-1.461935014547806,-1.3672128831018826,-1.4259492844904758,0.27858723625815646,0.2729463614134092,-0.015183827190407683,-0.04662844601865608,-0.30784853958129105,-0.466635680697236,-0.37921879164703565,-1.4095708142719312,-1.4220359768383752,-1.39682648944953,-1.403019974688979,-1.3476728383893948,-1.3228629730737844,-1.488252450953698,-1.226920386551395,0.006214109618662627,-0.048547731395803255,0.1887535796668818,0.2252614736765255,1.3678680201484896,0.8979892970380516,0.5575565324953848,-0.9878497890714606,-1.0677337543995393,-0.9877718274873676,-0.9062227041322204,-0.7783244645381271,-0.5524097596765274,-1.2292960047514587,-1.1995307691529424,-1.1423599334266359,-1.1832196068479655,0.1773983720252392,-0.8906700983209085,2.8
2003-09-01,-1.215572931544163,-0.5127538274361338,0.20555329824532845,-1.1212503765960677,-1.115308760500926,0.36695514952798886,0.143118712154827,-1.243177496205392,-0.3323333338578571,-1.1334578736113212,-1.1003709307245997,-1.1553256017537834,0.7537240956955782,-1.376369101071608,-0.551864516235733,-0.9729849978387559,-0.778707070657193,-1.0017939502112896,0.014237019084099347,-1.0320661016518249,-2.0333947972195814,3.0,-0.5172492065534873,-0.5744599931693578,-0.38941429785214443,-0.322613522001494,0.0760316231203884,0.19105200614617424,0.0760316231203884,-0.24290265588608934,-0.15250597424624424,-0.24290265588608934,-0.4727891209922672,-0.19386929487092414,0.20569598116194576,-1.2702247960629092,-1.5510405150841005,-1.5881716330265674,-2.104108540556488,-1.8810158021117114,-1.034404912857905,-0.8305270243344517,-1.14630803257958,-1.0710253397964529,-1.3996566480498192,-1.2349006812813093,-1.461935014547806,-1.355456527306959,-1.3923760860934187,0.22694640620446946,0.27858723625815646,0.2729463614134092,-0.015183827190407683,-0.04662844601865608,-0.30784853958129105,-0.466635680697236,-1.3938799245800637,-1.3955720026125669,-1.3761735059085536,-1.4058074415831887,-1.3739772352076403,-1.3476728383893948,-1.4871162021928583,-1.1972758943030346,-0.030293784390981078,0.006214109618662627,-0.2675950954536661,0.1887535796668818,1.2220103460336746,1.3678680201484896,0.8979892970380516,-0.9063246254525616,-0.9878497890714606,-1.0677337543995393,-0.9877718274873676,-0.9062227041322204,-0.6323138311966513,-1.1707237109479474,-1.204921117218848,-1.1290943702214384,-1.1423599334266359,0.0666039154946535,-0.8325291335694047,2.8
2003-10-01,-1.2147210217039508,-0.483683345060382,0.3460409701980103,-1.0908825842746568,-1.1200634271721561,0.3736742815432405,0.5173246257536763,-1.2616594581662786,-0.3267947722983798,-1.1266952257488272,-1.0901594366878398,-1.142608764145377,0.9600206792169619,-1.372079282230708,-0.6263794942428147,-0.9549610529538808,-0.7285724832081861,-1.1202053547494892,-0.19362537573705904,-0.9856100761426688,-1.6941733826425778,2.9,-0.551864516235733,-0.5172492065534873,-0.5744599931693578,-0.38941429785214443,-0.11418529432142824,0.0760316231203884,0.19105200614617424,0.0760316231203884,-0.24290265588608934,-0.15250597424624424,-0.24290265588608934,-0.21602354110883343,0.21241511317719772,-2.0333947972195814,-1.2702247960629092,-1.5510405150841005,-1.5881716330265674,-2.104108540556488,-1.8810158021117114,-1.034404912857905,-1.2163535001670005,-1.0017939502112896,-1.0710253397964529,-1.2349006812813093,-1.2349006812813093,-1.3435297895439922,-1.4006165409101927,0.4482772397150689,0.22694640620446946,0.27858723625815646,0.2729463614134092,-0.015183827190407683,-0.04662844601865608,-0.30784853958129105,-1.3571793043750995,-1.350686695418725,-1.3378939342648835,-1.376369101071608,-1.403019974688979,-1.3739772352076403,-1.4790526663839771,-1.1895533294736893,0.143118712154827,-0.030293784390981078,-0.15807141342473469,-0.2675950954536661,0.7327883302039161,1.2220103460336746,1.3678680201484896,-0.778707070657193,-0.9063246254525616,-0.9878497890714606,-1.0677337543995393,-0.9877718274873676,-0.6753951757471454,-1.118000496117163,-1.1994626452537878,-1.1292531770919705,-1.1290943702214384,-0.08723911745031603,-0.6871767216906453,3.0
2003-11-01,-1.2062871142858524,-0.5127538274361338,0.384930991093828,-1.0480737788017824,-1.1068658237866245,0.44086560169575845,0.29827726169581326,-1.2982973316339397,-0.2769477182630839,-1.1195412038656158,-1.0776774176929713,-1.1403484943887108,0.9616089749819519,-1.3768145883313074,-0.5744599931693578,-0.9876411970580745,-0.7017432966115374,-1.1202053547494892,-1.092046595294358,-0.9598417341203602,-1.719381925353167,2.5,-0.6263794942428147,-0.551864516235733,-0.5172492065534873,-0.5744599931693578,-0.322613522001494,-0.11418529432142824,0.0760316231203884,0.19105200614617424,0.0760316231203884,-0.24290265588608934,-0.15250597424624424,-0.2658705951441292,0.27960643332971535,-1.6941733826425778,-2.0333947972195814,-1.2702247960629092,-1.5510405150841005,-1.5881716330265674,-2.104108540556488,-1.8810158021117114,-1.6448700110700714,-1.1202053547494892,-1.0017939502112896,-1.3996566480498192,-1.2349006812813093,-1.3370552747583808,-1.4249983769771344,1.0899608531660991,0.4482772397150689,0.22694640620446946,0.27858723625815646,0.2729463614134092,-0.015183827190407683,-0.04662844601865608,-1.3243393610814858,-1.323618891029349,-1.3140563701197716,-1.372079282230708,-1.4058074415831887,-1.403019974688979,-1.4280687624661423,-1.1710584385802794,0.5173246257536763,0.143118712154827,-0.10330957241026881,-0.15807141342473469,-0.4887233846365288,0.7327883302039161,1.2220103460336746,-0.7285724832081861,-0.778707070657193,-0.9063246254525616,-0.9878497890714606,-1.0677337543995393,-0.7329711462978689,-1.0719154137185847,-1.1828639176295737,-1.1212503765960677,-1.1292531770919705,-0.15771346159454036,-0.6290357569391415,2.9
2003-12-01,-1.1915490740501862,-0.5708947921876376,0.39867210044869883,-1.0137171846085424,-1.0926765287885316,0.42742733766525487,0.4169279172271558,-1.3366009123035012,-0.29356340294151584,-1.0969630802350414,-1.0529121296415498,-1.126206084906136,1.188332133236669,-1.351957547867986,-0.5377533660952738,-0.9956859779719605,-0.6837578759499783,-1.048768630795752,-0.4566986081313902,-0.9674030349949961,-1.8599928716276986,2.4,-0.5744599931693578,-0.6263794942428147,-0.551864516235733,-0.5172492065534873,-0.38941429785214443,-0.322613522001494,-0.11418529432142824,0.0760316231203884,0.19105200614617424,0.0760316231203884,-0.24290265588608934,-0.2991019645009932,0.2661681692992118,-1.719381925353167,-1.6941733826425778,-2.0333947972195814,-1.2702247960629092,-1.5510405150841005,-1.5881716330265674,-2.104108540556488,-1.3869468525553115,-1.1202053547494892,-1.1202053547494892,-1.0862092852029483,-1.3996566480498192,-1.330751141940813,-1.4286299490568635,1.0792125768633245,1.0899608531660991,0.4482772397150689,0.22694640620446946,0.27858723625815646,0.2729463614134092,-0.015183827190407683,-1.3043411214932334,-1.2878617678671005,-1.2840693712368856,-1.3768145883313074,-1.376369101071608,-1.4058074415831887,-1.4062947703505964,-1.1341936008816669,0.29827726169581326,0.5173246257536763,-0.2675950954536661,-0.10330957241026881,-0.0919485995685895,-0.4887233846365288,0.7327883302039161,-0.7017432966115374,-0.7285724832081861,-0.778707070657193,-0.9063246254525616,-0.9878497890714606,-0.8668309079563014,-1.0518692609640932,-1.1582230441009587,-1.0908825842746568,-1.1212503765960677,-0.20421495627884972,-0.6290357569391415,2.5
2004-01-01,-1.1656510149077437,-0.6290357569391415,0.3832045319588619,-0.9983221040773184,-1.0870369411261065,0.32664035743647807,0.36216607621268987,-1.3660035329689286,-0.3323333338578571,-1.0672119596422622,-1.008760878583604,-1.0976502048224297,1.3066692610247737,-1.323639105340757,-0.604585346583237,-0.9878800406243626,-0.6032812875295857,-0.96906401355009,-1.9158476113801841,-0.9249788019242778,-1.4807430432355164,2.2,-0.5377533660952738,-0.5744599931693578,-0.6263794942428147,-0.551864516235733,-0.5744599931693578,-0.38941429785214443,-0.322613522001494,-0.11418529432142824,0.0760316231203884,0.19105200614617424,0.0760316231203884,-0.3323333338578571,0.27960643332971535,-1.8599928716276986,-1.719381925353167,-1.6941733826425778,-2.0333947972195814,-1.2702247960629092,-1.5510405150841005,-1.5881716330265674,-1.0864172374112997,-1.048768630795752,-1.1202053547494892,-0.9533079919369283,-1.0862092852029483,-1.3111572156159397,-1.3872629731688622,0.9605723391964077,1.0792125768633245,1.0899608531660991,0.4482772397150689,0.22694640620446946,0.27858723625815646,0.2729463614134092,-1.2684471981147296,-1.2545360451849068,-1.264120417922195,-1.351957547867986,-1.372079282230708,-1.376369101071608,-1.372691120008254,-1.1332596666557961,0.4169279172271558,0.29827726169581326,-0.3771187774825976,-0.2675950954536661,-0.1943792488450755,-0.0919485995685895,-0.4887233846365288,-0.6837578759499783,-0.7017432966115374,-0.7285724832081861,-0.778707070657193,-0.9063246254525616,-0.8394850307658674,-1.0689746300559464,-1.1261540379806563,-1.0480737788017824,-1.0908825842746568,-0.28970055682546314,-0.5999652745633897,2.4
2004-02-01,-1.1513389295921843,-0.5999652745633897,0.3612498050300166,-0.9920067621092602,-1.0760684974341328,0.293044697360219,0.37129304971510096,-1.3782226412752132,-0.3323333338578571,-1.0406774040308038,-0.9933334388747175,-1.0862525331262443,1.1314293156867572,-1.3095948774715085,-0.6824578366693298,-0.9396257472036808,-0.5165182950748847,-0.926391760994375,-0.459417908330715,-0.9101571344687984,-1.4029110455108473,2.1,-0.604585346583237,-0.5377533660952738,-0.5744599931693578,-0.6263794942428147,-0.5172492065534873,-0.5744599931693578,-0.38941429785214443,-0.322613522001494,-0.11418529432142824,0.0760316231203884,0.19105200614617424,-0.31571764917942513,0.1788194531009386,-1.4807430432355164,-1.8599928716276986,-1.719381925353167,-1.6941733826425778,-2.0333947972195814,-1.2702247960629092,-1.5510405150841005,-0.8305270243344517,-0.96906401355009,-1.048768630795752,-0.9611561764217907,-0.9533079919369283,-1.2834701458090523,-1.3243643925267952,0.8150341308834567,0.9605723391964077,1.0792125768633245,1.0899608531660991,0.4482772397150689,0.22694640620446946,0.27858723625815646,-1.2475648033173778,-1.2436325571831688,-1.251782101657998,-1.323639105340757,-1.3768145883313074,-1.372079282230708,-1.3434968905144484,-1.115319627320297,0.36216607621268987,0.4169279172271558,-0.47751548600911825,-0.3771187774825976,-0.6663941590764358,-0.1943792488450755,-0.0919485995685895,-0.6032812875295857,-0.6837578759499783,-0.7017432966115374,-0.7285724832081861,-0.778707070657193,-0.8134444926782206,-1.1099730777532097,-1.0902148140361676,-1.0137171846085424,-1.0480737788017824,-0.378328595252616,-0.5999652745633897,2.2
2004-03-01,-1.140945629541599,-0.5999652745633897,0.3419200486660494,-0.9789141531534429,-1.0425941967229948,0.104909000933169,0.3165312087006351,-1.3693688269050792,-0.3600261416552437,-1.0366601523141552,-1.013852578322215,-1.0863724407400417,0.8467697351953736,-1.289662385629647,-0.5172492065534873,-0.9159795494387615,-0.43717973049128683,-0.9136341973852492,-0.25865101568597576,-0.9887798479131608,-1.1510568241744856,2.3,-0.6824578366693298,-0.604585346583237,-0.5377533660952738,-0.5744599931693578,-0.551864516235733,-0.5172492065534873,-0.5744599931693578,-0.38941429785214443,-0.322613522001494,-0.11418529432142824,0.0760316231203884,-0.36556470321472107,0.09818986891791706,-1.4029110455108473,-1.4807430432355164,-1.8599928716276986,-1.719381925353167,-1.6941733826425778,-2.0333947972195814,-1.2702247960629092,-1.034404912857905,-0.926391760994375,-0.96906401355009,-1.1202053547494892,-0.9611561764217907,-1.2665171399888353,-1.2794313591688369,0.7537240956955782,0.8150341308834567,0.9605723391964077,1.0792125768633245,1.0899608531660991,0.4482772397150689,0.22694640620446946,-1.2500447348567796,-1.2472612159095433,-1.2452292715079283,-1.3095948774715085,-1.351957547867986,-1.3768145883313074,-1.3036853540802775,-1.1189131704534856,0.37129304971510096,0.36216607621268987,-0.4044996979898305,-0.47751548600911825,0.014237019084099347,-0.6663941590764358,-0.1943792488450755,-0.5165182950748847,-0.6032812875295857,-0.6837578759499783,-0.7017432966115374,-0.7285724832081861,-0.7783244645381271,-1.15049908827331,-1.0569302936540024,-0.9983221040773184,-1.0137171846085424,-0.4176090687593425,-0.5708947921876376,2.1
2004-04-01,-1.1284225548904834,-0.5418243098118859,0.3519918443280682,-0.9470870621290507,-0.9733595013932441,0.5080569218482764,0.343912129207868,-1.336924779817673,-0.22710066422778807,-1.019380976749043,-0.9752861266949984,-1.056944049965692,0.8036129506497149,-1.2814962354496986,-0.21690442598171064,-0.8705025798744975,-0.3845640092639098,-0.9328274015476078,-0.9667415124879386,-0.883056207568582,-1.0478120566784492,2.3,-0.5172492065534873,-0.6824578366693298,-0.604585346583237,-0.5377533660952738,-0.6263794942428147,-0.551864516235733,-0.5172492065534873,-0.5744599931693578,-0.38941429785214443,-0.322613522001494,-0.11418529432142824,-0.4597202497258354,0.19897684914669414,-1.1510568241744856,-1.4029110455108473,-1.4807430432355164,-1.8599928716276986,-1.719381925353167,-1.6941733826425778,-2.0333947972195814,-1.8810158021117114,-0.9136341973852492,-0.926391760994375,-1.7723712573425323,-1.1202053547494892,-1.2777623498796318,-1.266160296422443,0.9600206792169619,0.7537240956955782,0.8150341308834567,0.9605723391964077,1.0792125768633245,1.0899608531660991,0.4482772397150689,-1.2310431285895373,-1.2098726953690688,-1.2243984002615276,-1.289662385629647,-1.323639105340757,-1.351957547867986,-1.3228629730737844,-1.0850109509770265,0.3165312087006351,0.37129304971510096,-0.18545233393196764,-0.4044996979898305,-0.19362537573705904,0.014237019084099347,-0.6663941590764358,-0.43717973049128683,-0.5165182950748847,-0.6032812875295857,-0.6837578759499783,-0.7017432966115374,-0.9062227041322204,-1.1817664913248875,-1.0233280225113996,-0.9920067621092602,-0.9983221040773184,-0.36154383723201766,-0.5418243098118859,2.3
2004-05-01,-1.1064432810130165,-0.45461286268463025,0.3993259909657572,-0.9121978838682022,-0.9057542458943236,0.8171369945498587,0.3165312087006351,-1.2955417148419641,-0.03325100964608185,-0.9982822563059884,-0.934736120739444,-1.027648958173557,1.0657514671451576,-1.228033766883567,0.0379883512302825,-0.8309590658196675,-0.31044864916714277,-0.882763164436831,-0.7002595845464772,-0.8702005536595581,-0.8450166672044434,2.4,-0.21690442598171064,-0.5172492065534873,-0.6824578366693298,-0.604585346583237,-0.5744599931693578,-0.6263794942428147,-0.551864516235733,-0.5172492065534873,-0.5744599931693578,-0.38941429785214443,-0.322613522001494,-0.3987960725715849,-0.07650756347862932,-1.0478120566784492,-1.1510568241744856,-1.4029110455108473,-1.4807430432355164,-1.8599928716276986,-1.719381925353167,-1.6941733826425778,-2.104108540556488,-0.9328274015476078,-0.9136341973852492,-1.639976270133218,-1.7723712573425323,-1.2853443474575177,-1.2751205004711559,0.9616089749819519,0.9600206792169619,0.7537240956955782,0.8150341308834567,0.9605723391964077,1.0792125768633245,1.0899608531660991,-1.2168521198711844,-1.1851492910453878,-1.207390999541839,-1.2814962354496986,-1.3095948774715085,-1.323639105340757,-1.3476728383893948,-1.0693763338094906,0.343912129207868,0.3165312087006351,-0.048547731395803255,-0.18545233393196764,-1.092046595294358,-0.19362537573705904,0.014237019084099347,-0.3845640092639098,-0.43717973049128683,-0.5165182950748847,-0.6032812875295857,-0.6837578759499783,-0.9877718274873676,-1.1795029683049754,-1.003259695587616,-0.9789141531534429,-0.9920067621092602,-0.23378586124451234,-0.483683345060382,2.3
2004-06-01,-1.0871049276402056,-0.39647189793312615,0.4907436486491326,-0.8918773773416551,-0.8794212114902298,0.8708900506718731,0.5081976522512653,-1.2592128586699944,0.15506008337614705,-0.8496330434072313,-0.7872615172466314,-0.944957519913646,1.4076109128676952,-1.19659805373468,0.13971029888186212,-0.8314998053361333,-0.2482876862283207,-0.8640136539244845,-1.1880188294358467,-0.9175320540542236,-0.9593933908449223,2.7,0.0379883512302825,-0.21690442598171064,-0.5172492065534873,-0.6824578366693298,-0.5377533660952738,-0.5744599931693578,-0.6263794942428147,-0.551864516235733,-0.5172492065534873,-0.5744599931693578,-0.38941429785214443,-0.29356340294151584,-0.24448586385992405,-0.8450166672044434,-1.0478120566784492,-1.1510568241744856,-1.4029110455108473,-1.4807430432355164,-1.8599928716276986,-1.719381925353167,-1.5881716330265674,-0.882763164436831,-0.9328274015476078,-1.3996566480498192,-1.639976270133218,-1.2781883047997387,-1.2822201178583341,1.188332133236669,0.9616089749819519,0.9600206792169619,0.7537240956955782,0.8150341308834567,0.9605723391964077,1.0792125768633245,-1.2255465030132973,-1.1942074865301493,-1.221575321627337,-1.228033766883567,-1.289662385629647,-1.3095948774715085,-1.3739772352076403,-1.028444776706506,0.3165312087006351,0.343912129207868,0.006214109618662627,-0.048547731395803255,-0.4566986081313902,-1.092046595294358,-0.19362537573705904,-0.31044864916714277,-0.3845640092639098,-0.43717973049128683,-0.5165182950748847,-0.6032812875295857,-1.0677337543995393,-1.140836846210384,-1.0064249292200098,-0.9470870621290507,-0.9789141531534429,-0.10920325287581267,-0.483683345060382,2.4
2004-07-01,-1.0808007948226377,-0.4255423803088785,0.5567912951203223,-0.8977318254207635,-0.9222990558829175,0.7096308823058299,0.590340413772964,-1.242045840758035,0.1439829602571924,-0.9347273130815635,-0.8777148075900855,-0.9839776926242598,1.2722814452732294,-1.217500345081012,0.41970797946177724,-0.8743152067719274,-0.2447795232382886,-0.870537318488465,0.2185827666619103,-0.8520225667801008,-0.7905538058918257,2.8,0.13971029888186212,0.0379883512302825,-0.21690442598171064,-0.5172492065534873,-0.604585346583237,-0.5377533660952738,-0.5744599931693578,-0.6263794942428147,-0.551864516235733,-0.5172492065534873,-0.5744599931693578,-0.3323333338578571,0.15866205705518335,-0.9593933908449223,-0.8450166672044434,-1.0478120566784492,-1.1510568241744856,-1.4029110455108473,-1.4807430432355164,-1.8599928716276986,-1.5510405150841005,-0.8640136539244845,-0.882763164436831,-1.0710253397964529,-1.3996566480498192,-1.2587647604429062,-1.2702512110952713,1.3066692610247737,1.188332133236669,0.9616089749819519,0.9600206792169619,0.7537240956955782,0.8150341308834567,0.9605723391964077,-1.2161077723595228,-1.1532758144110598,-1.1817843826646426,-1.19659805373468,-1.2814962354496986,-1.289662385629647,-1.403019974688979,-1.034708945294767,0.5081976522512653,0.3165312087006351,-0.030293784390981078,0.006214109618662627,-1.9158476113801841,-0.4566986081313902,-1.092046595294358,-0.2482876862283207,-0.31044864916714277,-0.3845640092639098,-0.43717973049128683,-0.5165182950748847,-0.9878497890714606,-1.0797878285499252,-1.0378662861659274,-0.9121978838682022,-0.9470870621290507,-0.01811489257512598,-0.5418243098118859,2.7
2004-08-01,-1.077307964477769,-0.3383309331816226,0.5558034029722495,-0.9030746039635104,-0.9958409629762184,0.5618099779702908,0.562959493265731,-1.2368374632685482,0.0996744677813738,-0.9395950037757947,-0.8877778388144001,-0.9934416082382992,1.0310999457990424,-1.1784373210129206,0.3757931145253799,-0.9090180498860004,-0.23545620229514766,-0.8765705312609937,-0.5301716174006464,-0.8430088910016582,-0.6295559629847545,2.4,0.41970797946177724,0.13971029888186212,0.0379883512302825,-0.21690442598171064,-0.6824578366693298,-0.604585346583237,-0.5377533660952738,-0.5744599931693578,-0.6263794942428147,-0.551864516235733,-0.5172492065534873,-0.3267947722983798,0.4946186578177728,-0.7905538058918257,-0.9593933908449223,-0.8450166672044434,-1.0478120566784492,-1.1510568241744856,-1.4029110455108473,-1.4807430432355164,-1.2702247960629092,-0.870537318488465,-0.8640136539244845,-1.0017939502112896,-1.0710253397964529,-1.2363595316453337,-1.2504830505977442,1.1314293156867572,1.3066692610247737,1.188332133236669,0.9616089749819519,0.9600206792169619,0.7537240956955782,0.8150341308834567,-1.1866527536499933,-1.1215128795690579,-1.1594153934098894,-1.217500345081012,-1.228033766883567,-1.2814962354496986,-1.4058074415831887,-1.0180203542809325,0.590340413772964,0.5081976522512653,0.143118712154827,-0.030293784390981078,-0.459417908330715,-1.9158476113801841,-0.4566986081313902,-0.2447795232382886,-0.2482876862283207,-0.31044864916714277,-0.3845640092639098,-0.43717973049128683,-0.9063246254525616,-1.0175178225819612,-1.0823159363270543,-0.8918773773416551,-0.9121978838682022,0.06885725044192549,-0.5418243098118859,2.8
2004-09-01,-1.0638477890024207,-0.30926045080587083,0.491905597985201,-0.8703006657264551,-1.0390454251876144,0.4878995258025209,0.5355785727584983,-1.2334168407921575,0.15506008337614705,-0.9251439877297171,-0.8857229101881369,-0.9915354600748483,1.0152442680382403,-1.1705684287532296,0.5448472393466712,-0.8926065288679645,-0.2194737559322021,-0.8640136539244845,-0.9087630421708649,-0.892074009594935,-0.6318231481929417,2.1,0.3757931145253799,0.41970797946177724,0.13971029888186212,0.0379883512302825,-0.5172492065534873,-0.6824578366693298,-0.604585346583237,-0.5377533660952738,-0.5744599931693578,-0.6263794942428147,-0.551864516235733,-0.2769477182630839,0.36695514952798886,-0.6295559629847545,-0.7905538058918257,-0.9593933908449223,-0.8450166672044434,-1.0478120566784492,-1.1510568241744856,-1.4029110455108473,-2.0333947972195814,-0.8765705312609937,-0.870537318488465,-1.1202053547494892,-1.0017939502112896,-1.215572931544163,-1.243177496205392,0.8467697351953736,1.1314293156867572,1.3066692610247737,1.188332133236669,0.9616089749819519,0.9600206792169619,0.7537240956955782,-1.1553256017537834,-1.1003709307245997,-1.1334578736113212,-1.1784373210129206,-1.19659805373468,-1.228033766883567,-1.376369101071608,-1.0320661016518249,0.562959493265731,0.590340413772964,0.5173246257536763,0.143118712154827,-0.25865101568597576,-0.459417908330715,-1.9158476113801841,-0.23545620229514766,-0.2447795232382886,-0.2482876862283207,-0.31044864916714277,-0.3845640092639098,-0.778707070657193,-0.9729849978387559,-1.115308760500926,-0.8977318254207635,-0.8918773773416551,0.20555329824532845,-0.5127538274361338,2.4
2004-10-01,-1.0345420904991314,-0.3383309331816226,0.3877112018534059,-0.7823255947513578,-1.0130197744917429,0.48118039378726923,0.3165312087006351,-1.222394573686792,0.2159842605303975,-0.9148162036705123,-0.8622661102415531,-0.9631240282312816,1.1236030186157593,-1.0928485064701667,0.7312172511297167,-0.8044248786078064,-0.274757989100427,-0.8217710950123757,0.42565186929014404,-0.814184073953141,-0.43444266880520765,2.2,0.5448472393466712,0.3757931145253799,0.41970797946177724,0.13971029888186212,-0.21690442598171064,-0.5172492065534873,-0.6824578366693298,-0.604585346583237,-0.5377533660952738,-0.5744599931693578,-0.6263794942428147,-0.29356340294151584,0.3736742815432405,-0.6318231481929417,-0.6295559629847545,-0.7905538058918257,-0.9593933908449223,-0.8450166672044434,-1.0478120566784492,-1.1510568241744856,-1.6941733826425778,-0.8640136539244845,-0.8765705312609937,-1.1202053547494892,-1.1202053547494892,-1.2147210217039508,-1.2616594581662786,0.8036129506497149,0.8467697351953736,1.1314293156867572,1.3066692610247737,1.188332133236669,0.9616089749819519,0.9600206792169619,-1.142608764145377,-1.0901594366878398,-1.1266952257488272,-1.1705684287532296,-1.217500345081012,-1.19659805373468,-1.372079282230708,-0.9856100761426688,0.5355785727584983,0.562959493265731,0.29827726169581326,0.5173246257536763,-0.9667415124879386,-0.25865101568597576,-0.459417908330715,-0.2194737559322021,-0.23545620229514766,-0.2447795232382886,-0.2482876862283207,-0.31044864916714277,-0.7285724832081861,-0.9549610529538808,-1.1200634271721561,-0.9030746039635104,-0.8977318254207635,0.3460409701980103,-0.483683345060382,2.1
2004-11-01,-1.0081328854525617,-0.3383309331816226,0.3205721697710126,-0.6800181796591126,-0.9542730115875518,0.6021247700618012,0.3165312087006351,-1.1976589482976516,0.3655254226362851,-0.9056098235139526,-0.8284429727713521,-0.9387145363755779,1.378224410116594,-1.0402376705796164,0.6985257103450605,-0.7660306686764444,-0.33142985285008103,-0.7748752789311744,0.9751040457259978,-0.7966594232723939,-0.6519523451928377,2.5,0.7312172511297167,0.5448472393466712,0.3757931145253799,0.41970797946177724,0.0379883512302825,-0.21690442598171064,-0.5172492065534873,-0.6824578366693298,-0.604585346583237,-0.5377533660952738,-0.5744599931693578,-0.3323333338578571,0.44086560169575845,-0.43444266880520765,-0.6318231481929417,-0.6295559629847545,-0.7905538058918257,-0.9593933908449223,-0.8450166672044434,-1.0478120566784492,-1.719381925353167,-0.8217710950123757,-0.8640136539244845,-1.048768630795752,-1.1202053547494892,-1.2062871142858524,-1.2982973316339397,1.0657514671451576,0.8036129506497149,0.8467697351953736,1.1314293156867572,1.3066692610247737,1.188332133236669,0.9616089749819519,-1.1403484943887108,-1.0776774176929713,-1.1195412038656158,-1.0928485064701667,-1.1784373210129206,-1.217500345081012,-1.3768145883313074,-0.9598417341203602,0.3165312087006351,0.5355785727584983,0.4169279172271558,0.29827726169581326,-0.7002595845464772,-0.9667415124879386,-0.25865101568597576,-0.274757989100427,-0.2194737559322021,-0.23545620229514766,-0.2447795232382886,-0.2482876862283207,-0.7017432966115374,-0.9876411970580745,-1.1068658237866245,-0.8703006657264551,-0.9030746039635104,0.384930991093828,-0.5127538274361338,2.2
2004-12-01,-1.00446967313965,-0.28018996843011906,0.3031335212333559,-0.6312342046909245,-0.9224530040815007,0.649158694168564,0.2708963411885803,-1.1567259768310203,0.4596809691473995,-0.8957812114385074,-0.8057715073302584,-0.9234246882714379,1.4392373976232342,-1.0439694800977595,0.501297710767729,-0.7431609213226286,-0.39818073745519367,-0.8008754394716143,1.2819458570340077,-0.8062322203288536,-0.9224838253403428,2.5,0.6985257103450605,0.7312172511297167,0.5448472393466712,0.3757931145253799,0.13971029888186212,0.0379883512302825,-0.21690442598171064,-0.5172492065534873,-0.6824578366693298,-0.604585346583237,-0.5377533660952738,-0.3323333338578571,0.42742733766525487,-0.6519523451928377,-0.43444266880520765,-0.6318231481929417,-0.6295559629847545,-0.7905538058918257,-0.9593933908449223,-0.8450166672044434,-1.8599928716276986,-0.7748752789311744,-0.8217710950123757,-0.96906401355009,-1.048768630795752,-1.1915490740501862,-1.3366009123035012,1.4076109128676952,1.0657514671451576,0.8036129506497149,0.8467697351953736,1.1314293156867572,1.3066692610247737,1.188332133236669,-1.126206084906136,-1.0529121296415498,-1.0969630802350414,-1.0402376705796164,-1.1705684287532296,-1.1784373210129206,-1.351957547867986,-0.9674030349949961,0.3165312087006351,0.3165312087006351,0.36216607621268987,0.4169279172271558,-1.1880188294358467,-0.7002595845464772,-0.9667415124879386,-0.33142985285008103,-0.274757989100427,-0.2194737559322021,-0.23545620229514766,-0.2447795232382886,-0.6837578759499783,-0.9956859779719605,-1.0926765287885316,-0.7823255947513578,-0.8703006657264551,0.39867210044869883,-0.5708947921876376,2.5
2005-01-01,-0.9954394288334042,-0.28018996843011906,0.3504723721193706,-0.6737120016832205,-0.9546455105238986,0.7230691463363336,0.32565818220304615,-1.0953484212212892,0.5649136387774686,-0.8990738959179105,-0.7730650120913555,-0.9299474471589785,1.3009435154139617,-1.082701221007321,1.2718439455854484,-0.7624859838028387,-0.28615824501847464,-0.8187641584927936,0.49288099809581676,-0.7769156033080219,-0.6731144582147658,2.0,0.501297710767729,0.6985257103450605,0.7312172511297167,0.5448472393466712,0.41970797946177724,0.13971029888186212,0.0379883512302825,-0.21690442598171064,-0.5172492065534873,-0.6824578366693298,-0.604585346583237,-0.3600261416552437,0.32664035743647807,-0.9224838253403428,-0.6519523451928377,-0.43444266880520765,-0.6318231481929417,-0.6295559629847545,-0.7905538058918257,-0.9593933908449223,-1.4807430432355164,-0.8008754394716143,-0.7748752789311744,-0.926391760994375,-0.96906401355009,-1.1656510149077437,-1.3660035329689286,1.2722814452732294,1.4076109128676952,1.0657514671451576,0.8036129506497149,0.8467697351953736,1.1314293156867572,1.3066692610247737,-1.0976502048224297,-1.008760878583604,-1.0672119596422622,-1.0439694800977595,-1.0928485064701667,-1.1705684287532296,-1.323639105340757,-0.9249788019242778,0.2708963411885803,0.3165312087006351,0.37129304971510096,0.36216607621268987,0.2185827666619103,-1.1880188294358467,-0.7002595845464772,-0.39818073745519367,-0.33142985285008103,-0.274757989100427,-0.2194737559322021,-0.23545620229514766,-0.6032812875295857,-0.9878800406243626,-1.0870369411261065,-0.6800181796591126,-0.7823255947513578,0.3832045319588619,-0.6290357569391415,2.5
2005-02-01,-0.9762714574286354,-0.25111948605436674,0.450988046061669,-0.7610086951027601,-1.0168680938721504,0.7633839384278444,0.343912129207868,-1.023919833975201,0.6590691852885829,-0.8849238430957875,-0.7785672254234891,-0.915314681105212,1.0288751192885417,-1.0467446702412362,1.221982392040851,-0.7949226504916795,-0.19763500043706111,-0.7962490980598559,0.6255003148883714,-0.7671480984013372,-0.6615948840341908,2.1,1.2718439455854484,0.501297710767729,0.6985257103450605,0.7312172511297167,0.3757931145253799,0.41970797946177724,0.13971029888186212,0.0379883512302825,-0.21690442598171064,-0.5172492065534873,-0.6824578366693298,-0.22710066422778807,0.293044697360219,-0.6731144582147658,-0.9224838253403428,-0.6519523451928377,-0.43444266880520765,-0.6318231481929417,-0.6295559629847545,-0.7905538058918257,-1.4029110455108473,-0.8187641584927936,-0.8008754394716143,-0.9136341973852492,-0.926391760994375,-1.1513389295921843,-1.3782226412752132,1.0310999457990424,1.2722814452732294,1.4076109128676952,1.0657514671451576,0.8036129506497149,0.8467697351953736,1.1314293156867572,-1.0862525331262443,-0.9933334388747175,-1.0406774040308038,-1.082701221007321,-1.0402376705796164,-1.0928485064701667,-1.3095948774715085,-0.9101571344687984,0.32565818220304615,0.2708963411885803,0.3165312087006351,0.37129304971510096,-0.5301716174006464,0.2185827666619103,-1.1880188294358467,-0.28615824501847464,-0.39818073745519367,-0.33142985285008103,-0.274757989100427,-0.2194737559322021,-0.5165182950748847,-0.9396257472036808,-1.0760684974341328,-0.6312342046909245,-0.6800181796591126,0.3612498050300166,-0.5999652745633897,2.0
2005-03-01,-0.9555700483114864,-0.1929785213028632,0.5749496936515764,-0.8182713015880437,-1.0531935077326415,1.0321492190379158,0.590340413772964,-0.9608156788939373,0.8086103473944706,-0.8640103484198047,-0.8193798851011653,-0.9227716131610285,1.026868531890788,-1.0198722577591612,1.2465257859148706,-0.8520510775586891,-0.1459661704549938,-0.7678290952327248,-0.1653904427430503,-0.8284079854888592,-0.4185091138507866,2.2,1.221982392040851,1.2718439455854484,0.501297710767729,0.6985257103450605,0.5448472393466712,0.3757931145253799,0.41970797946177724,0.13971029888186212,0.0379883512302825,-0.21690442598171064,-0.5172492065534873,-0.03325100964608185,0.104909000933169,-0.6615948840341908,-0.6731144582147658,-0.9224838253403428,-0.6519523451928377,-0.43444266880520765,-0.6318231481929417,-0.6295559629847545,-1.1510568241744856,-0.7962490980598559,-0.8187641584927936,-0.9328274015476078,-0.9136341973852492,-1.140945629541599,-1.3693688269050792,1.0152442680382403,1.0310999457990424,1.2722814452732294,1.4076109128676952,1.0657514671451576,0.8036129506497149,0.8467697351953736,-1.0863724407400417,-1.013852578322215,-1.0366601523141552,-1.0467446702412362,-1.0439694800977595,-1.0402376705796164,-1.289662385629647,-0.9887798479131608,0.343912129207868,0.32565818220304615,0.343912129207868,0.3165312087006351,-0.9087630421708649,-0.5301716174006464,0.2185827666619103,-0.19763500043706111,-0.28615824501847464,-0.39818073745519367,-0.33142985285008103,-0.274757989100427,-0.43717973049128683,-0.9159795494387615,-1.0425941967229948,-0.6737120016832205,-0.6312342046909245,0.3419200486660494,-0.5999652745633897,2.1
2005-04-01,-0.9361465039546553,-0.16390803892711142,0.5925906248671761,-0.8118210187229264,-1.0366569465295128,0.9179239747786354,0.7637529103187722,-0.9019137378557087,0.8196874705134252,-0.8580793906028735,-0.7948965668576458,-0.9072966175950562,0.9657767358156565,-0.9720300892275334,1.1145105034699638,-0.8623686961015183,-0.11724523634456516,-0.7412240742197977,-0.7169525840763022,-0.7458839988734566,-0.4571203283502918,2.1,1.2465257859148706,1.221982392040851,1.2718439455854484,0.501297710767729,0.7312172511297167,0.5448472393466712,0.3757931145253799,0.41970797946177724,0.13971029888186212,0.0379883512302825,-0.21690442598171064,0.15506008337614705,0.5080569218482764,-0.4185091138507866,-0.6615948840341908,-0.6731144582147658,-0.9224838253403428,-0.6519523451928377,-0.43444266880520765,-0.6318231481929417,-1.0478120566784492,-0.7678290952327248,-0.7962490980598559,-0.882763164436831,-0.9328274015476078,-1.1284225548904834,-1.336924779817673,1.1236030186157593,1.0152442680382403,1.0310999457990424,1.2722814452732294,1.4076109128676952,1.0657514671451576,0.8036129506497149,-1.056944049965692,-0.9752861266949984,-1.019380976749043,-1.0198722577591612,-1.082701221007321,-1.0439694800977595,-1.2814962354496986,-0.883056207568582,0.590340413772964,0.343912129207868,0.3165312087006351,0.343912129207868,0.42565186929014404,-0.9087630421708649,-0.5301716174006464,-0.1459661704549938,-0.19763500043706111,-0.28615824501847464,-0.39818073745519367,-0.33142985285008103,-0.3845640092639098,-0.8705025798744975,-0.9733595013932441,-0.7610086951027601,-0.6737120016832205,0.3519918443280682,-0.5418243098118859,2.2
2005-05-01,-0.9322277186896799,-0.16390803892711142,0.40164518538956834,-0.7656523842773252,-0.9874594315517022,0.8171369945498587,0.5264515992560872,-0.858855575006114,0.8252260320729027,-0.8314927441504953,-0.7544807812976222,-0.8917672643569948,0.9723117848029027,-1.018324930380186,1.0266820527758793,-0.7975363129986727,-0.0905773997136035,-0.7590990186530172,0.06784831940201874,-0.7351290502334279,-0.493445681648838,1.8,1.1145105034699638,1.2465257859148706,1.221982392040851,1.2718439455854484,0.6985257103450605,0.7312172511297167,0.5448472393466712,0.3757931145253799,0.41970797946177724,0.13971029888186212,0.0379883512302825,0.1439829602571924,0.8171369945498587,-0.4571203283502918,-0.4185091138507866,-0.6615948840341908,-0.6731144582147658,-0.9224838253403428,-0.6519523451928377,-0.43444266880520765,-0.8450166672044434,-0.7412240742197977,-0.7678290952327248,-0.8640136539244845,-0.882763164436831,-1.1064432810130165,-1.2955417148419641,1.378224410116594,1.1236030186157593,1.0152442680382403,1.0310999457990424,1.2722814452732294,1.4076109128676952,1.0657514671451576,-1.027648958173557,-0.934736120739444,-0.9982822563059884,-0.9720300892275334,-1.0467446702412362,-1.082701221007321,-1.228033766883567,-0.8702005536595581,0.7637529103187722,0.590340413772964,0.5081976522512653,0.3165312087006351,0.9751040457259978,0.42565186929014404,-0.9087630421708649,-0.11724523634456516,-0.1459661704549938,-0.19763500043706111,-0.28615824501847464,-0.39818073745519367,-0.31044864916714277,-0.8309590658196675,-0.9057542458943236,-0.8182713015880437,-0.7610086951027601,0.3993259909657572,-0.45461286268463025,2.1
2005-06-01,-0.9278829785045989,-0.13483755655135965,0.08657344963070877,-0.7266505694520522,-0.941324948074286,0.7633839384278444,-0.09418259890785805,-0.8304412101600063,0.8418417167513345,-0.848166511568523,-0.7648304251461474,-0.893519091939916,0.6483631018195378,-0.9616841776095088,1.019006318166471,-0.7431609213226286,-0.07783961241754209,-0.7627031129979165,0.0604659684228271,-0.761051281736411,-0.19411625211421263,1.6,1.0266820527758793,1.1145105034699638,1.2465257859148706,1.221982392040851,0.501297710767729,0.6985257103450605,0.7312172511297167,0.5448472393466712,0.3757931145253799,0.41970797946177724,0.13971029888186212,0.0996744677813738,0.8708900506718731,-0.493445681648838,-0.4571203283502918,-0.4185091138507866,-0.6615948840341908,-0.6731144582147658,-0.9224838253403428,-0.6519523451928377,-0.9593933908449223,-0.7590990186530172,-0.7412240742197977,-0.870537318488465,-0.8640136539244845,-1.0871049276402056,-1.2592128586699944,1.4392373976232342,1.378224410116594,1.1236030186157593,1.0152442680382403,1.0310999457990424,1.2722814452732294,1.4076109128676952,-0.944957519913646,-0.7872615172466314,-0.8496330434072313,-1.018324930380186,-1.0198722577591612,-1.0467446702412362,-1.19659805373468,-0.9175320540542236,0.5264515992560872,0.7637529103187722,0.590340413772964,0.5081976522512653,1.2819458570340077,0.9751040457259978,0.42565186929014404,-0.0905773997136035,-0.11724523634456516,-0.1459661704549938,-0.19763500043706111,-0.28615824501847464,-0.2482876862283207,-0.8314998053361333,-0.8794212114902298,-0.8118210187229264,-0.8182713015880437,0.4907436486491326,-0.39647189793312615,1.8
2005-07-01,-0.8984068980332665,-0.04762610942410378,-0.13253162031531387,-0.7320434161284773,-0.9293056324268317,0.9044857107481319,-0.1945793074343784,-0.8182680076570078,0.9969214404166996,-0.7933610694453695,-0.6988508894436831,-0.8301783001285704,0.8710154944017716,-0.8484419572063905,1.0266820527758793,-0.6177227743147526,-0.10093229624103184,-0.7223058287122758,0.6333612849276443,-0.7124828425248846,-0.08920988928580265,2.1,1.019006318166471,1.0266820527758793,1.1145105034699638,1.2465257859148706,1.2718439455854484,0.501297710767729,0.6985257103450605,0.7312172511297167,0.5448472393466712,0.3757931145253799,0.41970797946177724,0.15506008337614705,0.7096308823058299,-0.19411625211421263,-0.493445681648838,-0.4571203283502918,-0.4185091138507866,-0.6615948840341908,-0.6731144582147658,-0.9224838253403428,-0.7905538058918257,-0.7627031129979165,-0.7590990186530172,-0.8765705312609937,-0.870537318488465,-1.0808007948226377,-1.242045840758035,1.3009435154139617,1.4392373976232342,1.378224410116594,1.1236030186157593,1.0152442680382403,1.0310999457990424,1.2722814452732294,-0.9839776926242598,-0.8777148075900855,-0.9347273130815635,-0.9616841776095088,-0.9720300892275334,-1.0198722577591612,-1.217500345081012,-0.8520225667801008,-0.09418259890785805,0.5264515992560872,0.562959493265731,0.590340413772964,0.49288099809581676,1.2819458570340077,0.9751040457259978,-0.07783961241754209,-0.0905773997136035,-0.11724523634456516,-0.1459661704549938,-0.19763500043706111,-0.2447795232382886,-0.8743152067719274,-0.9222990558829175,-0.7656523842773252,-0.8118210187229264,0.5567912951203223,-0.4255423803088785,1.6
2005-08-01,-0.870208682322253,-0.04762610942410378,-0.21823832053316608,-0.7621231402312661,-0.9401572214309144,0.998553558961657,-0.22196022794161133,-0.8133964290636679,1.1243083562846778,-0.7623303778158328,-0.6546999890075019,-0.7900260197392845,0.8693605144634428,-0.8051501485079516,1.1145105034699638,-0.551735513056821,-0.13903188518206266,-0.6989686237140986,-1.6317815311301538,-0.7011620027962889,0.19381623143648755,2.6,1.0266820527758793,1.019006318166471,1.0266820527758793,1.1145105034699638,1.221982392040851,1.2718439455854484,0.501297710767729,0.6985257103450605,0.7312172511297167,0.5448472393466712,0.3757931145253799,0.2159842605303975,0.5618099779702908,-0.08920988928580265,-0.19411625211421263,-0.493445681648838,-0.4571203283502918,-0.4185091138507866,-0.6615948840341908,-0.6731144582147658,-0.6295559629847545,-0.7223058287122758,-0.7627031129979165,-0.8640136539244845,-0.8765705312609937,-1.077307964477769,-1.2368374632685482,1.0288751192885417,1.3009435154139617,1.4392373976232342,1.378224410116594,1.1236030186157593,1.0152442680382403,1.0310999457990424,-0.9934416082382992,-0.8877778388144001,-0.9395950037757947,-0.8484419572063905,-1.018324930380186,-0.9720300892275334,-1.1784373210129206,-0.8430088910016582,-0.1945793074343784,-0.09418259890785805,0.5355785727584983,0.562959493265731,0.6255003148883714,0.49288099809581676,1.2819458570340077,-0.10093229624103184,-0.07783961241754209,-0.0905773997136035,-0.11724523634456516,-0.1459661704549938,-0.23545620229514766,-0.9090180498860004,-0.9958409629762184,-0.7266505694520522,-0.7656523842773252,0.5558034029722495,-0.3383309331816226,2.1
2005-09-01,-0.8024818500254057,-0.04762610942410378,-0.19914848083372694,-0.7820084114309686,-0.9536633921542518,0.9246431067938871,-0.21283325443920026,-0.80603957162692,1.1132312331657233,-0.7592258765960492,-0.6799153840030806,-0.778197093879824,0.6532643885599746,-0.7014696753297173,1.0709086050670635,-0.5323790905988666,-0.17178744096018067,-0.4967911729195595,0.3020314928530128,-0.7205465352712084,0.26007855725969775,2.9,1.1145105034699638,1.0266820527758793,1.019006318166471,1.0266820527758793,1.2465257859148706,1.221982392040851,1.2718439455854484,0.501297710767729,0.6985257103450605,0.7312172511297167,0.5448472393466712,0.3655254226362851,0.4878995258025209,0.19381623143648755,-0.08920988928580265,-0.19411625211421263,-0.493445681648838,-0.4571203283502918,-0.4185091138507866,-0.6615948840341908,-0.6318231481929417,-0.6989686237140986,-0.7223058287122758,-0.8217710950123757,-0.8640136539244845,-1.0638477890024207,-1.2334168407921575,1.026868531890788,1.0288751192885417,1.3009435154139617,1.4392373976232342,1.378224410116594,1.1236030186157593,1.0152442680382403,-0.9915354600748483,-0.8857229101881369,-0.9251439877297171,-0.8051501485079516,-0.9616841776095088,-1.018324930380186,-1.1705684287532296,-0.892074009594935,-0.22196022794161133,-0.1945793074343784,0.3165312087006351,0.5355785727584983,-0.1653904427430503,0.6255003148883714,0.49288099809581676,-0.13903188518206266,-0.10093229624103184,-0.07783961241754209,-0.0905773997136035,-0.11724523634456516,-0.2194737559322021,-0.8926065288679645,-1.0390454251876144,-0.7320434161284773,-0.7266505694520522,0.491905597985201,-0.30926045080587083,2.6
2005-10-01,-0.7911514491505864,-0.04762610942410378,-0.11209166134684714,-0.766414186682314,-0.9527689449680944,1.1396553312819446,-0.09418259890785805,-0.7894700876808732,1.2960037646284746,-0.7533620155714303,-0.6601358332000109,-0.7574686850451862,0.619297895539983,-0.6452223252381937,1.0364333894937898,-0.542771905183109,-0.16563712317711923,-0.5448472393466709,-1.2759329854273402,-0.6827518724160977,0.1137670412975255,2.7,1.0709086050670635,1.1145105034699638,1.0266820527758793,1.019006318166471,1.1145105034699638,1.2465257859148706,1.221982392040851,1.2718439455854484,0.501297710767729,0.6985257103450605,0.7312172511297167,0.4596809691473995,0.48118039378726923,0.26007855725969775,0.19381623143648755,-0.08920988928580265,-0.19411625211421263,-0.493445681648838,-0.4571203283502918,-0.4185091138507866,-0.43444266880520765,-0.4967911729195595,-0.6989686237140986,-0.7748752789311744,-0.8217710950123757,-1.0345420904991314,-1.222394573686792,0.9657767358156565,1.026868531890788,1.0288751192885417,1.3009435154139617,1.4392373976232342,1.378224410116594,1.1236030186157593,-0.9631240282312816,-0.8622661102415531,-0.9148162036705123,-0.7014696753297173,-0.8484419572063905,-0.9616841776095088,-1.0928485064701667,-0.814184073953141,-0.21283325443920026,-0.22196022794161133,0.3165312087006351,0.3165312087006351,-0.7169525840763022,-0.1653904427430503,0.6255003148883714,-0.17178744096018067,-0.13903188518206266,-0.10093229624103184,-0.07783961241754209,-0.0905773997136035,-0.274757989100427,-0.8044248786078064,-1.0130197744917429,-0.7621231402312661,-0.7320434161284773,0.3877112018534059,-0.3383309331816226,2.9
2005-11-01,-0.8059746803702743,-0.04762610942410378,-0.011928806028852327,-0.7240405308104381,-0.9354493372327749,1.220284915464966,0.03359503012589557,-0.7670702523210666,1.3790821880206345,-0.7407846584116987,-0.6156583827033298,-0.735614279905579,0.655392219909254,-0.7150965195748277,1.0364333894937898,-0.574613792935511,-0.14865885898750963,-0.6895236380529227,0.2777566690213498,-0.6738841252896828,-0.02787873624246366,2.6,1.0364333894937898,1.0709086050670635,1.1145105034699638,1.0266820527758793,1.0266820527758793,1.1145105034699638,1.2465257859148706,1.221982392040851,1.2718439455854484,0.501297710767729,0.6985257103450605,0.5649136387774686,0.6021247700618012,0.1137670412975255,0.26007855725969775,0.19381623143648755,-0.08920988928580265,-0.19411625211421263,-0.493445681648838,-0.4571203283502918,-0.6519523451928377,-0.5448472393466709,-0.4967911729195595,-0.8008754394716143,-0.7748752789311744,-1.0081328854525617,-1.1976589482976516,0.9723117848029027,0.9657767358156565,1.026868531890788,1.0288751192885417,1.3009435154139617,1.4392373976232342,1.378224410116594,-0.9387145363755779,-0.8284429727713521,-0.9056098235139526,-0.6452223252381937,-0.8051501485079516,-0.8484419572063905,-1.0402376705796164,-0.7966594232723939,-0.09418259890785805,-0.21283325443920026,0.2708963411885803,0.3165312087006351,0.06784831940201874,-0.7169525840763022,-0.1653904427430503,-0.16563712317711923,-0.17178744096018067,-0.13903188518206266,-0.10093229624103184,-0.07783961241754209,-0.33142985285008103,-0.7660306686764444,-0.9542730115875518,-0.7820084114309686,-0.7621231402312661,0.3205721697710126,-0.3383309331816226,2.7
2005-12-01,-0.8059746803702743,-0.10576707417560734,0.06250181095598854,-0.6757015007531023,-0.9046386410098547,1.179970123373455,0.09748384464277221,-0.747475639147505,1.390159311139589,-0.7263998169568154,-0.600527679095218,-0.7169941837710605,0.6304644634755214,-0.714082470646096,1.1695771183364922,-0.6647817525158649,-0.13227862319696,-0.6989686237140986,0.1385690791296948,-0.6659710470728268,0.013728561540709096,2.6,1.0364333894937898,1.0364333894937898,1.0709086050670635,1.1145105034699638,1.019006318166471,1.0266820527758793,1.1145105034699638,1.2465257859148706,1.221982392040851,1.2718439455854484,0.501297710767729,0.6590691852885829,0.649158694168564,-0.02787873624246366,0.1137670412975255,0.26007855725969775,0.19381623143648755,-0.08920988928580265,-0.19411625211421263,-0.493445681648838,-0.9224838253403428,-0.6895236380529227,-0.5448472393466709,-0.8187641584927936,-0.8008754394716143,-1.00446967313965,-1.1567259768310203,0.6483631018195378,0.9723117848029027,0.9657767358156565,1.026868531890788,1.0288751192885417,1.3009435154139617,1.4392373976232342,-0.9234246882714379,-0.8057715073302584,-0.8957812114385074,-0.7150965195748277,-0.7014696753297173,-0.8051501485079516,-1.0439694800977595,-0.8062322203288536,0.03359503012589557,-0.09418259890785805,0.32565818220304615,0.2708963411885803,0.0604659684228271,0.06784831940201874,-0.7169525840763022,-0.14865885898750963,-0.16563712317711923,-0.17178744096018067,-0.13903188518206266,-0.10093229624103184,-0.39818073745519367,-0.7431609213226286,-0.9224530040815007,-0.766414186682314,-0.7820084114309686,0.3031335212333559,-0.28018996843011906,2.6
2006-01-01,-0.7716427138097337,-0.13483755655135965,0.11855763398666208,-0.6323470390525582,-0.8614907752704496,1.153093595312448,0.024468056623484478,-0.7340337071014229,1.4455449267343625,-0.7130973361110637,-0.6318629767270331,-0.7043286848158431,0.6713418617324926,-0.6379634029356329,0.27903263457919314,-0.7024165944456986,-0.07086966979036124,-0.6333635497773091,-0.8668583654974733,-0.6480463061933122,0.24180403564568814,2.7,1.1695771183364922,1.0364333894937898,1.0364333894937898,1.0709086050670635,1.0266820527758793,1.019006318166471,1.0266820527758793,1.1145105034699638,1.2465257859148706,1.221982392040851,1.2718439455854484,0.8086103473944706,0.7230691463363336,0.013728561540709096,-0.02787873624246366,0.1137670412975255,0.26007855725969775,0.19381623143648755,-0.08920988928580265,-0.19411625211421263,-0.6731144582147658,-0.6989686237140986,-0.6895236380529227,-0.7962490980598559,-0.8187641584927936,-0.9954394288334042,-1.0953484212212892,0.8710154944017716,0.6483631018195378,0.9723117848029027,0.9657767358156565,1.026868531890788,1.0288751192885417,1.3009435154139617,-0.9299474471589785,-0.7730650120913555,-0.8990738959179105,-0.714082470646096,-0.6452223252381937,-0.7014696753297173,-1.082701221007321,-0.7769156033080219,0.09748384464277221,0.03359503012589557,0.343912129207868,0.32565818220304615,0.6333612849276443,0.0604659684228271,0.06784831940201874,-0.13227862319696,-0.14865885898750963,-0.16563712317711923,-0.17178744096018067,-0.13903188518206266,-0.28615824501847464,-0.7624859838028387,-0.9546455105238986,-0.7240405308104381,-0.766414186682314,0.3504723721193706,-0.28018996843011906,2.6
2006-02-01,-0.7673831646086743,-0.16390803892711142,0.20060442900831355,-0.5913932264390309,-0.815305361764051,1.3009144996479876,0.1978805531692929,-0.7209009964369585,1.5729318426023406,-0.7037874558564756,-0.5909826572486614,-0.6725480401745045,0.5300532539205263,-0.600058737411887,0.501297710767729,-0.6960934054631694,-0.038792452421145034,-0.664789014501948,-1.0448653422513126,-0.6330465914405876,0.11927425498329125,3.0,0.27903263457919314,1.1695771183364922,1.0364333894937898,1.0364333894937898,1.1145105034699638,1.0266820527758793,1.019006318166471,1.0266820527758793,1.1145105034699638,1.2465257859148706,1.221982392040851,0.8196874705134252,0.7633839384278444,0.24180403564568814,0.013728561540709096,-0.02787873624246366,0.1137670412975255,0.26007855725969775,0.19381623143648755,-0.08920988928580265,-0.6615948840341908,-0.6333635497773091,-0.6989686237140986,-0.7678290952327248,-0.7962490980598559,-0.9762714574286354,-1.023919833975201,0.8693605144634428,0.8710154944017716,0.6483631018195378,0.9723117848029027,0.9657767358156565,1.026868531890788,1.0288751192885417,-0.915314681105212,-0.7785672254234891,-0.8849238430957875,-0.6379634029356329,-0.7150965195748277,-0.6452223252381937,-1.0467446702412362,-0.7671480984013372,0.024468056623484478,0.09748384464277221,0.590340413772964,0.343912129207868,-1.6317815311301538,0.6333612849276443,0.0604659684228271,-0.07086966979036124,-0.13227862319696,-0.14865885898750963,-0.16563712317711923,-0.17178744096018067,-0.19763500043706111,-0.7949226504916795,-1.0168680938721504,-0.6757015007531023,-0.7240405308104381,0.450988046061669,-0.25111948605436674,2.7
2006-03-01,-0.753582225197242,-0.16390803892711142,0.25942164580527577,-0.5490733569437356,-0.7791390383679181,1.4017014798767642,0.3530391027102791,-0.7014611207708259,1.6227788966376364,-0.6883174508802273,-0.5036343887707047,-0.6277487018165682,0.8532441622068591,-0.6177168535301845,0.3219708901819885,-0.6647817525158649,0.016774277297064193,-0.6560321670774225,-1.2963183529093174,-0.6627287508588444,0.13946517526656035,3.9,0.501297710767729,0.27903263457919314,1.1695771183364922,1.0364333894937898,1.0709086050670635,1.1145105034699638,1.0266820527758793,1.019006318166471,1.0266820527758793,1.1145105034699638,1.2465257859148706,0.8252260320729027,1.0321492190379158,0.11927425498329125,0.24180403564568814,0.013728561540709096,-0.02787873624246366,0.1137670412975255,0.26007855725969775,0.19381623143648755,-0.4185091138507866,-0.664789014501948,-0.6333635497773091,-0.7412240742197977,-0.7678290952327248,-0.9555700483114864,-0.9608156788939373,0.6532643885599746,0.8693605144634428,0.8710154944017716,0.6483631018195378,0.9723117848029027,0.9657767358156565,1.026868531890788,-0.9227716131610285,-0.8193798851011653,-0.8640103484198047,-0.600058737411887,-0.714082470646096,-0.7150965195748277,-1.0198722577591612,-0.8284079854888592,0.1978805531692929,0.024468056623484478,0.7637529103187722,0.590340413772964,0.3020314928530128,-1.6317815311301538,0.6333612849276443,-0.038792452421145034,-0.07086966979036124,-0.13227862319696,-0.14865885898750963,-0.16563712317711923,-0.1459661704549938,-0.8520510775586891,-1.0531935077326415,-0.6323470390525582,-0.6757015007531023,0.5749496936515764,-0.1929785213028632,3.0
2006-04-01,-0.7204429324129977,-0.16390803892711142,0.2471482619275404,-0.4925923786154811,-0.7498871241553752,1.5226458561512968,0.26176936768616954,-0.6662889510865104,1.694780196910842,-0.6782658421565663,-0.5121050066606414,-0.6225058487243532,0.9138509824758836,-0.5730125041082317,0.3219708901819885,-0.6152067903084789,0.06155448588249823,-0.5938045444373451,-0.9998227796088912,-0.6127052247077579,0.30751286624537694,3.7,0.3219708901819885,0.501297710767729,0.27903263457919314,1.1695771183364922,1.0364333894937898,1.0709086050670635,1.1145105034699638,1.0266820527758793,1.019006318166471,1.0266820527758793,1.1145105034699638,0.8418417167513345,0.9179239747786354,0.13946517526656035,0.11927425498329125,0.24180403564568814,0.013728561540709096,-0.02787873624246366,0.1137670412975255,0.26007855725969775,-0.4571203283502918,-0.6560321670774225,-0.664789014501948,-0.7590990186530172,-0.7412240742197977,-0.9361465039546553,-0.9019137378557087,0.619297895539983,0.6532643885599746,0.8693605144634428,0.8710154944017716,0.6483631018195378,0.9723117848029027,0.9657767358156565,-0.9072966175950562,-0.7948965668576458,-0.8580793906028735,-0.6177168535301845,-0.6379634029356329,-0.714082470646096,-0.9720300892275334,-0.7458839988734566,0.3530391027102791,0.1978805531692929,0.5264515992560872,0.7637529103187722,-1.2759329854273402,0.3020314928530128,-1.6317815311301538,0.016774277297064193,-0.038792452421145034,-0.07086966979036124,-0.13227862319696,-0.14865885898750963,-0.11724523634456516,-0.8623686961015183,-1.0366569465295128,-0.5913932264390309,-0.6323470390525582,0.5925906248671761,-0.16390803892711142,3.9
2006-05-01,-0.7011897700242086,-0.16390803892711142,0.21674940925683042,-0.440937778185693,-0.7208987211267942,1.5898371763038144,0.13399173865241593,-0.6259302501049537,1.750165812505615,-0.660888316408275,-0.5050741972570246,-0.6014402451945452,1.1346331871058306,-0.5467886843435702,0.5744599931693581,-0.6000451247982999,0.09702294712674248,-0.5744599931693578,-0.39630944074335717,-0.6031641492146858,0.2905966435970465,3.7,0.3219708901819885,0.3219708901819885,0.501297710767729,0.27903263457919314,1.0364333894937898,1.0364333894937898,1.0709086050670635,1.1145105034699638,1.0266820527758793,1.019006318166471,1.0266820527758793,0.9969214404166996,0.8171369945498587,0.30751286624537694,0.13946517526656035,0.11927425498329125,0.24180403564568814,0.013728561540709096,-0.02787873624246366,0.1137670412975255,-0.493445681648838,-0.5938045444373451,-0.6560321670774225,-0.7627031129979165,-0.7590990186530172,-0.9322277186896799,-0.858855575006114,0.655392219909254,0.619297895539983,0.6532643885599746,0.8693605144634428,0.8710154944017716,0.6483631018195378,0.9723117848029027,-0.8917672643569948,-0.7544807812976222,-0.8314927441504953,-0.5730125041082317,-0.600058737411887,-0.6379634029356329,-1.018324930380186,-0.7351290502334279,0.26176936768616954,0.3530391027102791,-0.09418259890785805,0.5264515992560872,0.2777566690213498,-1.2759329854273402,0.3020314928530128,0.06155448588249823,0.016774277297064193,-0.038792452421145034,-0.07086966979036124,-0.13227862319696,-0.0905773997136035,-0.7975363129986727,-0.9874594315517022,-0.5490733569437356,-0.5913932264390309,0.40164518538956834,-0.16390803892711142,3.7
2006-06-01,-0.6834700453478009,-0.16390803892711142,0.24119268354915685,-0.4080510063328887,-0.6741565055960962,1.6368711004105772,0.26176936768616954,-0.588516393846244,1.8387827974572521,-0.677315213203418,-0.5292270544596365,-0.6093760825534775,1.1449146741952285,-0.5780673268633898,0.501297710767729,-0.6031976000583203,0.19446370778020725,-0.5448472393466709,-0.853362614470715,-0.6079162431326829,0.31547555577820213,3.7,0.5744599931693581,0.3219708901819885,0.3219708901819885,0.501297710767729,1.1695771183364922,1.0364333894937898,1.0364333894937898,1.0709086050670635,1.1145105034699638,1.0266820527758793,1.019006318166471,1.1243083562846778,0.7633839384278444,0.2905966435970465,0.30751286624537694,0.13946517526656035,0.11927425498329125,0.24180403564568814,0.013728561540709096,-0.02787873624246366,-0.19411625211421263,-0.5744599931693578,-0.5938045444373451,-0.7223058287122758,-0.7627031129979165,-0.9278829785045989,-0.8304412101600063,0.6304644634755214,0.655392219909254,0.619297895539983,0.6532643885599746,0.8693605144634428,0.8710154944017716,0.6483631018195378,-0.893519091939916,-0.7648304251461474,-0.848166511568523,-0.5467886843435702,-0.6177168535301845,-0.600058737411887,-0.9616841776095088,-0.761051281736411,0.13399173865241593,0.26176936768616954,-0.1945793074343784,-0.09418259890785805,0.1385690791296948,0.2777566690213498,-1.2759329854273402,0.09702294712674248,0.06155448588249823,0.016774277297064193,-0.038792452421145034,-0.07086966979036124,-0.07783961241754209,-0.7431609213226286,-0.941324948074286,-0.4925923786154811,-0.5490733569437356,0.08657344963070877,-0.13483755655135965,3.7
2006-07-01,-0.6588498509656764,-0.13483755655135965,0.3134264165666202,-0.40626112931374603,-0.6044668632463669,1.6167137043648214,0.21613450017411473,-0.5627580186408462,1.8720141668141157,-0.6450578274058101,-0.5020349245469191,-0.5896477818297264,1.146533280948101,-0.542201309355528,0.41970797946177724,-0.6547070272352947,0.1672794016126951,-0.4719542489859679,-1.0488174657712515,-0.5883807219109972,0.39305834453036465,3.1,0.501297710767729,0.5744599931693581,0.3219708901819885,0.3219708901819885,0.27903263457919314,1.1695771183364922,1.0364333894937898,1.0364333894937898,1.0709086050670635,1.1145105034699638,1.0266820527758793,1.1132312331657233,0.9044857107481319,0.31547555577820213,0.2905966435970465,0.30751286624537694,0.13946517526656035,0.11927425498329125,0.24180403564568814,0.013728561540709096,-0.08920988928580265,-0.5448472393466709,-0.5744599931693578,-0.6989686237140986,-0.7223058287122758,-0.8984068980332665,-0.8182680076570078,0.6713418617324926,0.6304644634755214,0.655392219909254,0.619297895539983,0.6532643885599746,0.8693605144634428,0.8710154944017716,-0.8301783001285704,-0.6988508894436831,-0.7933610694453695,-0.5780673268633898,-0.5730125041082317,-0.6177168535301845,-0.8484419572063905,-0.7124828425248846,0.26176936768616954,0.13399173865241593,-0.22196022794161133,-0.1945793074343784,-0.8668583654974733,0.1385690791296948,0.2777566690213498,0.19446370778020725,0.09702294712674248,0.06155448588249823,0.016774277297064193,-0.038792452421145034,-0.10093229624103184,-0.6177227743147526,-0.9293056324268317,-0.440937778185693,-0.4925923786154811,-0.13253162031531387,-0.04762610942410378,3.7
2006-08-01,-0.6361038582320186,-0.13483755655135965,0.4523569823239992,-0.4184757423855037,-0.5294803808225985,1.4688928000292822,0.44430883773438873,-0.5360676311602904,1.7944743049814336,-0.6319187101724189,-0.48753821487843063,-0.5669981979192628,1.017478187845104,-0.5106896259228425,0.2595891288031468,-0.6985126218164746,0.1521914054257064,-0.43457783286631996,-1.8631265302962938,-0.5810884885381867,0.35081421262590134,2.8,0.41970797946177724,0.501297710767729,0.5744599931693581,0.3219708901819885,0.501297710767729,0.27903263457919314,1.1695771183364922,1.0364333894937898,1.0364333894937898,1.0709086050670635,1.1145105034699638,1.2960037646284746,0.998553558961657,0.39305834453036465,0.31547555577820213,0.2905966435970465,0.30751286624537694,0.13946517526656035,0.11927425498329125,0.24180403564568814,0.19381623143648755,-0.4719542489859679,-0.5448472393466709,-0.4967911729195595,-0.6989686237140986,-0.870208682322253,-0.8133964290636679,0.5300532539205263,0.6713418617324926,0.6304644634755214,0.655392219909254,0.619297895539983,0.6532643885599746,0.8693605144634428,-0.7900260197392845,-0.6546999890075019,-0.7623303778158328,-0.542201309355528,-0.5467886843435702,-0.5730125041082317,-0.8051501485079516,-0.7011620027962889,0.21613450017411473,0.26176936768616954,-0.21283325443920026,-0.22196022794161133,-1.0448653422513126,-0.8668583654974733,0.1385690791296948,0.1672794016126951,0.19446370778020725,0.09702294712674248,0.06155448588249823,0.016774277297064193,-0.13903188518206266,-0.551735513056821,-0.9401572214309144,-0.4080510063328887,-0.440937778185693,-0.21823832053316608,-0.04762610942410378,3.1
2006-09-01,-0.6551014476687442,-0.018555627048352,0.5840288929172035,-0.4205181996477603,-0.4821938175100776,1.3681058198005052,0.6633562017922516,-0.4936985984033843,1.7335501278271828,-0.6055751416738768,-0.4096276854666319,-0.5395421489949922,1.1462756375511085,-0.5894129317264492,0.21690442598171078,-0.7069046051320497,0.13848051395244676,-0.5744599931693578,-1.6655651413990535,-0.5616154489013647,0.017891329509405165,3.1,0.2595891288031468,0.41970797946177724,0.501297710767729,0.5744599931693581,0.3219708901819885,0.501297710767729,0.27903263457919314,1.1695771183364922,1.0364333894937898,1.0364333894937898,1.0709086050670635,1.3790821880206345,0.9246431067938871,0.35081421262590134,0.39305834453036465,0.31547555577820213,0.2905966435970465,0.30751286624537694,0.13946517526656035,0.11927425498329125,0.26007855725969775,-0.43457783286631996,-0.4719542489859679,-0.5448472393466709,-0.4967911729195595,-0.8024818500254057,-0.80603957162692,0.8532441622068591,0.5300532539205263,0.6713418617324926,0.6304644634755214,0.655392219909254,0.619297895539983,0.6532643885599746,-0.778197093879824,-0.6799153840030806,-0.7592258765960492,-0.5106896259228425,-0.5780673268633898,-0.5467886843435702,-0.7014696753297173,-0.7205465352712084,0.44430883773438873,0.21613450017411473,-0.09418259890785805,-0.21283325443920026,-1.2963183529093174,-1.0448653422513126,-0.8668583654974733,0.1521914054257064,0.1672794016126951,0.19446370778020725,0.09702294712674248,0.06155448588249823,-0.17178744096018067,-0.5323790905988666,-0.9536633921542518,-0.40626112931374603,-0.4080510063328887,-0.19914848083372694,-0.04762610942410378,2.8
2006-10-01,-0.6721396444729828,0.010514855327399777,0.6355404120667413,-0.39627585722418546,-0.48217166845938264,1.3815440838310091,0.6451022547874298,-0.42821403591277485,1.7557043740650922,-0.5930787785477497,-0.39309987603414054,-0.5419896174479382,1.0751024069065958,-0.667439207405622,-0.08873448029941505,-0.6985264588182212,0.22149784631921615,-0.664789014501948,-1.5502877212208133,-0.5626220855803462,-0.2055937302623644,2.7,0.21690442598171078,0.2595891288031468,0.41970797946177724,0.501297710767729,0.3219708901819885,0.3219708901819885,0.501297710767729,0.27903263457919314,1.1695771183364922,1.0364333894937898,1.0364333894937898,1.390159311139589,1.1396553312819446,0.017891329509405165,0.35081421262590134,0.39305834453036465,0.31547555577820213,0.2905966435970465,0.30751286624537694,0.13946517526656035,0.1137670412975255,-0.5744599931693578,-0.43457783286631996,-0.6895236380529227,-0.5448472393466709,-0.7911514491505864,-0.7894700876808732,0.9138509824758836,0.8532441622068591,0.5300532539205263,0.6713418617324926,0.6304644634755214,0.655392219909254,0.619297895539983,-0.7574686850451862,-0.6601358332000109,-0.7533620155714303,-0.5894129317264492,-0.542201309355528,-0.5780673268633898,-0.6452223252381937,-0.6827518724160977,0.6633562017922516,0.44430883773438873,0.03359503012589557,-0.09418259890785805,-0.9998227796088912,-1.2963183529093174,-1.0448653422513126,0.13848051395244676,0.1521914054257064,0.1672794016126951,0.19446370778020725,0.09702294712674248,-0.16563712317711923,-0.542771905183109,-0.9527689449680944,-0.4184757423855037,-0.40626112931374603,-0.11209166134684714,-0.04762610942410378,3.1
2006-11-01,-0.6696691059363685,0.010514855327399777,0.6269316376335323,-0.35616991902053813,-0.5068430165053615,1.3076336316632393,0.5447055462609092,-0.3482142250427875,1.7557043740650922,-0.5818512774628357,-0.40003838623984106,-0.532476239052129,1.121278165845248,-0.6431329285061048,0.0379883512302825,-0.6284896683375015,0.2586075505118468,-0.6827315994919703,-1.1716852120470143,-0.5515055990395317,-0.2809563692212649,2.4,-0.08873448029941505,0.21690442598171078,0.2595891288031468,0.41970797946177724,0.5744599931693581,0.3219708901819885,0.3219708901819885,0.501297710767729,0.27903263457919314,1.1695771183364922,1.0364333894937898,1.4455449267343625,1.220284915464966,-0.2055937302623644,0.017891329509405165,0.35081421262590134,0.39305834453036465,0.31547555577820213,0.2905966435970465,0.30751286624537694,-0.02787873624246366,-0.664789014501948,-0.5744599931693578,-0.6989686237140986,-0.6895236380529227,-0.8059746803702743,-0.7670702523210666,1.1346331871058306,0.9138509824758836,0.8532441622068591,0.5300532539205263,0.6713418617324926,0.6304644634755214,0.655392219909254,-0.735614279905579,-0.6156583827033298,-0.7407846584116987,-0.667439207405622,-0.5106896259228425,-0.542201309355528,-0.7150965195748277,-0.6738841252896828,0.6451022547874298,0.6633562017922516,0.09748384464277221,0.03359503012589557,-0.39630944074335717,-0.9998227796088912,-1.2963183529093174,0.22149784631921615,0.13848051395244676,0.1521914054257064,0.1672794016126951,0.19446370778020725,-0.14865885898750963,-0.574613792935511,-0.9354493372327749,-0.4205181996477603,-0.4184757423855037,-0.011928806028852327,-0.04762610942410378,2.7
2006-12-01,-0.6440266197459897,0.010514855327399777,0.6008701019176963,-0.3214521881316936,-0.5225699068993751,1.2740379715869805,0.6998640958018955,-0.2768726102950816,1.7169344431487512,-0.5750500182495497,-0.3881817687293999,-0.5061648965590524,1.1745557892445335,-0.5821901332397632,-0.037988351230282213,-0.5743498541471365,0.2938201902422508,-0.6177242976011148,-0.6883576839099506,-0.5036557659730209,-0.16550107151265922,2.5,0.0379883512302825,-0.08873448029941505,0.21690442598171078,0.2595891288031468,0.501297710767729,0.5744599931693581,0.3219708901819885,0.3219708901819885,0.501297710767729,0.27903263457919314,1.1695771183364922,1.5729318426023406,1.179970123373455,-0.2809563692212649,-0.2055937302623644,0.017891329509405165,0.35081421262590134,0.39305834453036465,0.31547555577820213,0.2905966435970465,0.013728561540709096,-0.6827315994919703,-0.664789014501948,-0.6333635497773091,-0.6989686237140986,-0.8059746803702743,-0.747475639147505,1.1449146741952285,1.1346331871058306,0.9138509824758836,0.8532441622068591,0.5300532539205263,0.6713418617324926,0.6304644634755214,-0.7169941837710605,-0.600527679095218,-0.7263998169568154,-0.6431329285061048,-0.5894129317264492,-0.5106896259228425,-0.714082470646096,-0.6659710470728268,0.5447055462609092,0.6451022547874298,0.024468056623484478,0.09748384464277221,-0.853362614470715,-0.39630944074335717,-0.9998227796088912,0.2586075505118468,0.22149784631921615,0.13848051395244676,0.1521914054257064,0.1672794016126951,-0.13227862319696,-0.6647817525158649,-0.9046386410098547,-0.39627585722418546,-0.4205181996477603,0.06250181095598854,-0.10576707417560734,2.4
2007-01-01,-0.6198323802839709,0.010514855327399777,0.5291303149742728,-0.30337600835431316,-0.5064621104668459,1.4218588759225197,0.43518186423197763,-0.22245325081408351,1.7833971818624785,-0.5505956500531283,-0.3710417440080227,-0.48471253037616924,1.0909217114819414,-0.5511517537946048,-0.1955664847830432,-0.5459479839405234,0.3638933746657621,-0.6197487957651812,-1.2020761120460839,-0.5355999107758243,-0.3931953135343045,2.6,-0.037988351230282213,0.0379883512302825,-0.08873448029941505,0.21690442598171078,0.41970797946177724,0.501297710767729,0.5744599931693581,0.3219708901819885,0.3219708901819885,0.501297710767729,0.27903263457919314,1.6227788966376364,1.153093595312448,-0.16550107151265922,-0.2809563692212649,-0.2055937302623644,0.017891329509405165,0.35081421262590134,0.39305834453036465,0.31547555577820213,0.24180403564568814,-0.6177242976011148,-0.6827315994919703,-0.664789014501948,-0.6333635497773091,-0.7716427138097337,-0.7340337071014229,1.146533280948101,1.1449146741952285,1.1346331871058306,0.9138509824758836,0.8532441622068591,0.5300532539205263,0.6713418617324926,-0.7043286848158431,-0.6318629767270331,-0.7130973361110637,-0.5821901332397632,-0.667439207405622,-0.5894129317264492,-0.6379634029356329,-0.6480463061933122,0.6998640958018955,0.5447055462609092,0.1978805531692929,0.024468056623484478,-1.0488174657712515,-0.853362614470715,-0.39630944074335717,0.2938201902422508,0.2586075505118468,0.22149784631921615,0.13848051395244676,0.1521914054257064,-0.07086966979036124,-0.7024165944456986,-0.8614907752704496,-0.35616991902053813,-0.39627585722418546,0.11855763398666208,-0.13483755655135965,2.5
2007-02-01,-0.5972567695183552,0.039585337703152076,0.4965910293160663,-0.29365295910144246,-0.4709797015218319,1.3949823478615124,0.46256278473921053,-0.17788651909544437,1.7778586203030013,-0.5398289305441973,-0.34072621926749874,-0.4759461715810147,0.9978275744015375,-0.5601863329479346,-0.21690442598171064,-0.5193696467636442,0.4580381943310913,-0.595127995561044,-0.6162279549464073,-0.5289453072397768,-0.29347994555353313,2.3,-0.1955664847830432,-0.037988351230282213,0.0379883512302825,-0.08873448029941505,0.2595891288031468,0.41970797946177724,0.501297710767729,0.5744599931693581,0.3219708901819885,0.3219708901819885,0.501297710767729,1.694780196910842,1.3009144996479876,-0.3931953135343045,-0.16550107151265922,-0.2809563692212649,-0.2055937302623644,0.017891329509405165,0.35081421262590134,0.39305834453036465,0.11927425498329125,-0.6197487957651812,-0.6177242976011148,-0.6560321670774225,-0.664789014501948,-0.7673831646086743,-0.7209009964369585,1.017478187845104,1.146533280948101,1.1449146741952285,1.1346331871058306,0.9138509824758836,0.8532441622068591,0.5300532539205263,-0.6725480401745045,-0.5909826572486614,-0.7037874558564756,-0.5511517537946048,-0.6431329285061048,-0.667439207405622,-0.600058737411887,-0.6330465914405876,0.43518186423197763,0.6998640958018955,0.3530391027102791,0.1978805531692929,-1.8631265302962938,-1.0488174657712515,-0.853362614470715,0.3638933746657621,0.2938201902422508,0.2586075505118468,0.22149784631921615,0.13848051395244676,-0.038792452421145034,-0.6960934054631694,-0.815305361764051,-0.3214521881316936,-0.35616991902053813,0.20060442900831355,-0.16390803892711142,2.6
2007-03-01,-0.5705919915197221,0.010514855327399777,0.503256949191396,-0.2791162857744,-0.441277186761087,1.2404423115107217,0.47168975824162146,-0.1332515377860455,1.7058573200297964,-0.5294728081870793,-0.2832189171180437,-0.44310479991454416,1.3153351724600884,-0.5102365625355015,-0.2954151418352379,-0.502669583508403,0.5875233354669585,-0.5180850054442141,-1.0213431567159186,-0.4647865898473234,-0.24310341315992162,2.3,-0.21690442598171064,-0.1955664847830432,-0.037988351230282213,0.0379883512302825,0.21690442598171078,0.2595891288031468,0.41970797946177724,0.501297710767729,0.5744599931693581,0.3219708901819885,0.3219708901819885,1.750165812505615,1.4017014798767642,-0.29347994555353313,-0.3931953135343045,-0.16550107151265922,-0.2809563692212649,-0.2055937302623644,0.017891329509405165,0.35081421262590134,0.13946517526656035,-0.595127995561044,-0.6197487957651812,-0.5938045444373451,-0.6560321670774225,-0.753582225197242,-0.7014611207708259,1.1462756375511085,1.017478187845104,1.146533280948101,1.1449146741952285,1.1346331871058306,0.9138509824758836,0.8532441622068591,-0.6277487018165682,-0.5036343887707047,-0.6883174508802273,-0.5601863329479346,-0.5821901332397632,-0.6431329285061048,-0.6177168535301845,-0.6627287508588444,0.46256278473921053,0.43518186423197763,0.26176936768616954,0.3530391027102791,-1.6655651413990535,-1.8631265302962938,-1.0488174657712515,0.4580381943310913,0.3638933746657621,0.2938201902422508,0.2586075505118468,0.22149784631921615,0.016774277297064193,-0.6647817525158649,-0.7791390383679181,-0.30337600835431316,-0.3214521881316936,0.25942164580527577,-0.16390803892711142,2.3
2007-04-01,-0.5533834127474415,0.06865582007890385,0.5245671940998342,-0.2470492528156922,-0.4263638101646722,1.3143527636784909,0.5355785727584983,-0.06923830129450825,1.7113958815892736,-0.4911789277922843,-0.24981214327647278,-0.4007846770543356,1.4645137304176026,-0.5051680744994895,-0.15250597424624424,-0.4866297385010038,0.6124538788703497,-0.4869517889611893,-0.797772920984742,-0.5166291177328339,-0.16932990857263588,2.7,-0.2954151418352379,-0.21690442598171064,-0.1955664847830432,-0.037988351230282213,-0.08873448029941505,0.21690442598171078,0.2595891288031468,0.41970797946177724,0.501297710767729,0.5744599931693581,0.3219708901819885,1.8387827974572521,1.5226458561512968,-0.24310341315992162,-0.29347994555353313,-0.3931953135343045,-0.16550107151265922,-0.2809563692212649,-0.2055937302623644,0.017891329509405165,0.30751286624537694,-0.5180850054442141,-0.595127995561044,-0.5744599931693578,-0.5938045444373451,-0.7204429324129977,-0.6662889510865104,1.0751024069065958,1.1462756375511085,1.017478187845104,1.146533280948101,1.1449146741952285,1.1346331871058306,0.9138509824758836,-0.6225058487243532,-0.5121050066606414,-0.6782658421565663,-0.5102365625355015,-0.5511517537946048,-0.5821901332397632,-0.5730125041082317,-0.6127052247077579,0.47168975824162146,0.46256278473921053,0.13399173865241593,0.26176936768616954,-1.5502877212208133,-1.6655651413990535,-1.8631265302962938,0.5875233354669585,0.4580381943310913,0.3638933746657621,0.2938201902422508,0.2586075505118468,0.06155448588249823,-0.6152067903084789,-0.7498871241553752,-0.29365295910144246,-0.30337600835431316,0.2471482619275404,-0.16390803892711142,2.3
2007-05-01,-0.5320856667421437,0.039585337703152076,0.5139355928872367,-0.20781050538407342,-0.4243989553769142,1.3681058198005052,0.590340413772964,0.0005492219780307132,1.7003187584703192,-0.4839672653373178,-0.25388027623447235,-0.4015570188129585,1.4151977531344269,-0.4832865927741648,-0.2690661378543141,-0.43035952226114654,0.6324589433699673,-0.430017606548197,-1.4677156189072904,-0.5070177232774904,-0.16265324375740714,2.4,-0.15250597424624424,-0.2954151418352379,-0.21690442598171064,-0.1955664847830432,0.0379883512302825,-0.08873448029941505,0.21690442598171078,0.2595891288031468,0.41970797946177724,0.501297710767729,0.5744599931693581,1.8720141668141157,1.5898371763038144,-0.16932990857263588,-0.24310341315992162,-0.29347994555353313,-0.3931953135343045,-0.16550107151265922,-0.2809563692212649,-0.2055937302623644,0.2905966435970465,-0.4869517889611893,-0.5180850054442141,-0.5448472393466709,-0.5744599931693578,-0.7011897700242086,-0.6259302501049537,1.121278165845248,1.0751024069065958,1.1462756375511085,1.017478187845104,1.146533280948101,1.1449146741952285,1.1346331871058306,-0.6014402451945452,-0.5050741972570246,-0.660888316408275,-0.5051680744994895,-0.5601863329479346,-0.5511517537946048,-0.5467886843435702,-0.6031641492146858,0.5355785727584983,0.47168975824162146,0.26176936768616954,0.13399173865241593,-1.1716852120470143,-1.5502877212208133,-1.6655651413990535,0.6124538788703497,0.5875233354669585,0.4580381943310913,0.3638933746657621,0.2938201902422508,0.09702294712674248,-0.6000451247982999,-0.7208987211267942,-0.2791162857744,-0.29365295910144246,0.21674940925683042,-0.16390803892711142,2.7
2007-06-01,-0.5164957166662663,-0.018555627048352,0.4468247862947906,-0.17120353052436055,-0.42442639741759086,1.6099945723495699,0.36216607621268987,0.06963065687477484,1.7280115662677056,-0.48713995561043566,-0.2566661035325031,-0.40911059639687875,1.282023396778338,-0.4902221994556043,-0.1955664847830432,-0.4221203024208303,0.649615879526397,-0.4141058437385638,-1.3477235487413015,-0.43144605469496433,-0.005234107094204156,2.4,-0.2690661378543141,-0.15250597424624424,-0.2954151418352379,-0.21690442598171064,-0.037988351230282213,0.0379883512302825,-0.08873448029941505,0.21690442598171078,0.2595891288031468,0.41970797946177724,0.501297710767729,1.7944743049814336,1.6368711004105772,-0.16265324375740714,-0.16932990857263588,-0.24310341315992162,-0.29347994555353313,-0.3931953135343045,-0.16550107151265922,-0.2809563692212649,0.31547555577820213,-0.430017606548197,-0.4869517889611893,-0.4719542489859679,-0.5448472393466709,-0.6834700453478009,-0.588516393846244,1.1745557892445335,1.121278165845248,1.0751024069065958,1.1462756375511085,1.017478187845104,1.146533280948101,1.1449146741952285,-0.6093760825534775,-0.5292270544596365,-0.677315213203418,-0.4832865927741648,-0.5102365625355015,-0.5601863329479346,-0.5780673268633898,-0.6079162431326829,0.590340413772964,0.5355785727584983,0.21613450017411473,0.26176936768616954,-0.6883576839099506,-1.1716852120470143,-1.5502877212208133,0.6324589433699673,0.6124538788703497,0.5875233354669585,0.4580381943310913,0.3638933746657621,0.19446370778020725,-0.6031976000583203,-0.6741565055960962,-0.2470492528156922,-0.2791162857744,0.24119268354915685,-0.16390803892711142,2.4
2007-07-01,-0.5052505067754686,0.010514855327399777,0.38726429826261605,-0.1487531752484814,-0.4186242938398593,1.5092075921207928,0.4169279172271558,0.125524586967569,1.7280115662677056,-0.47705991674055026,-0.24491627136938499,-0.3996624270231624,1.3459492702203877,-0.48944228949818724,-0.15250597424624424,-0.43629507952175606,0.6663693326528728,-0.3991346013824542,-1.059486700210077,-0.4868219010218427,0.2443716898031939,2.4,-0.1955664847830432,-0.2690661378543141,-0.15250597424624424,-0.2954151418352379,-0.1955664847830432,-0.037988351230282213,0.0379883512302825,-0.08873448029941505,0.21690442598171078,0.2595891288031468,0.41970797946177724,1.7335501278271828,1.6167137043648214,-0.005234107094204156,-0.16265324375740714,-0.16932990857263588,-0.24310341315992162,-0.29347994555353313,-0.3931953135343045,-0.16550107151265922,0.39305834453036465,-0.4141058437385638,-0.430017606548197,-0.43457783286631996,-0.4719542489859679,-0.6588498509656764,-0.5627580186408462,1.0909217114819414,1.1745557892445335,1.121278165845248,1.0751024069065958,1.1462756375511085,1.017478187845104,1.146533280948101,-0.5896477818297264,-0.5020349245469191,-0.6450578274058101,-0.4902221994556043,-0.5051680744994895,-0.5102365625355015,-0.542201309355528,-0.5883807219109972,0.36216607621268987,0.590340413772964,0.44430883773438873,0.21613450017411473,-1.2020761120460839,-0.6883576839099506,-1.1716852120470143,0.649615879526397,0.6324589433699673,0.6124538788703497,0.5875233354669585,0.4580381943310913,0.1672794016126951,-0.6547070272352947,-0.6044668632463669,-0.20781050538407342,-0.2470492528156922,0.3134264165666202,-0.13483755655135965,2.4
2007-08-01,-0.5002242387182185,-0.018555627048352,0.3219975570132373,-0.13683038075613022,-0.40935546648265314,1.2068466514344622,0.2343884471789366,0.1748798876597551,1.456622049853317,-0.46875521122118335,-0.26266359925433413,-0.40233753147883794,1.1610916484275773,-0.5019579092022424,-0.15250597424624424,-0.4752118413929804,0.6833964408292872,-0.41796034759454775,-2.2358769454474072,-0.47671246212805013,0.17968171462924482,2.1,-0.15250597424624424,-0.1955664847830432,-0.2690661378543141,-0.15250597424624424,-0.21690442598171064,-0.1955664847830432,-0.037988351230282213,0.0379883512302825,-0.08873448029941505,0.21690442598171078,0.2595891288031468,1.7557043740650922,1.4688928000292822,0.2443716898031939,-0.005234107094204156,-0.16265324375740714,-0.16932990857263588,-0.24310341315992162,-0.29347994555353313,-0.3931953135343045,0.35081421262590134,-0.3991346013824542,-0.4141058437385638,-0.5744599931693578,-0.43457783286631996,-0.6361038582320186,-0.5360676311602904,0.9978275744015375,1.0909217114819414,1.1745557892445335,1.121278165845248,1.0751024069065958,1.1462756375511085,1.017478187845104,-0.5669981979192628,-0.48753821487843063,-0.6319187101724189,-0.48944228949818724,-0.4832865927741648,-0.5051680744994895,-0.5106896259228425,-0.5810884885381867,0.4169279172271558,0.36216607621268987,0.6633562017922516,0.44430883773438873,-0.6162279549464073,-1.2020761120460839,-0.6883576839099506,0.6663693326528728,0.649615879526397,0.6324589433699673,0.6124538788703497,0.5875233354669585,0.1521914054257064,-0.6985126218164746,-0.5294803808225985,-0.17120353052436055,-0.20781050538407342,0.4523569823239992,-0.13483755655135965,2.4
2007-09-01,-0.47177045005514034,-0.07669659179985557,0.27597119140966503,-0.13114500774214877,-0.4024052124596329,1.0523066150836713,0.3165312087006351,0.22161800545229876,1.2738495183905654,-0.4443340777567163,-0.23087923059809876,-0.3753595467988818,1.2993188464635153,-0.466596635886339,-0.18376971543791995,-0.4753786557206394,0.699609987423664,-0.3805775380368783,-0.4298400435602784,-0.4038729350356849,0.33502340868871966,2.1,-0.15250597424624424,-0.15250597424624424,-0.1955664847830432,-0.2690661378543141,-0.2954151418352379,-0.21690442598171064,-0.1955664847830432,-0.037988351230282213,0.0379883512302825,-0.08873448029941505,0.21690442598171078,1.7557043740650922,1.3681058198005052,0.17968171462924482,0.2443716898031939,-0.005234107094204156,-0.16265324375740714,-0.16932990857263588,-0.24310341315992162,-0.29347994555353313,0.017891329509405165,-0.41796034759454775,-0.3991346013824542,-0.664789014501948,-0.5744599931693578,-0.6551014476687442,-0.4936985984033843,1.3153351724600884,0.9978275744015375,1.0909217114819414,1.1745557892445335,1.121278165845248,1.0751024069065958,1.1462756375511085,-0.5395421489949922,-0.4096276854666319,-0.6055751416738768,-0.5019579092022424,-0.4902221994556043,-0.4832865927741648,-0.5894129317264492,-0.5616154489013647,0.2343884471789366,0.4169279172271558,0.6451022547874298,0.6633562017922516,-1.0213431567159186,-0.6162279549464073,-1.2020761120460839,0.6833964408292872,0.6663693326528728,0.649615879526397,0.6324589433699673,0.6124538788703497,0.13848051395244676,-0.7069046051320497,-0.4821938175100776,-0.1487531752484814,-0.17120353052436055,0.5840288929172035,-0.018555627048352,2.1
2007-10-01,-0.4492800302735462,-0.07669659179985557,0.19134176405804618,-0.12586494811334464,-0.4005916425279174,1.0523066150836713,0.1978805531692929,0.2708020817404495,1.251695272152656,-0.42554945831700625,-0.20066697587585497,-0.3318327072899781,1.3695857785703727,-0.4109403034507692,0.2595891288031468,-0.42119466081212137,0.7416141660165301,-0.37155395095009536,0.486949090046955,-0.4574436134768072,0.4301162558253243,2.6,-0.18376971543791995,-0.15250597424624424,-0.15250597424624424,-0.1955664847830432,-0.15250597424624424,-0.2954151418352379,-0.21690442598171064,-0.1955664847830432,-0.037988351230282213,0.0379883512302825,-0.08873448029941505,1.7169344431487512,1.3815440838310091,0.33502340868871966,0.17968171462924482,0.2443716898031939,-0.005234107094204156,-0.16265324375740714,-0.16932990857263588,-0.24310341315992162,-0.2055937302623644,-0.3805775380368783,-0.41796034759454775,-0.6827315994919703,-0.664789014501948,-0.6721396444729828,-0.42821403591277485,1.4645137304176026,1.3153351724600884,0.9978275744015375,1.0909217114819414,1.1745557892445335,1.121278165845248,1.0751024069065958,-0.5419896174479382,-0.39309987603414054,-0.5930787785477497,-0.466596635886339,-0.48944228949818724,-0.4902221994556043,-0.667439207405622,-0.5626220855803462,0.3165312087006351,0.2343884471789366,0.5447055462609092,0.6451022547874298,-0.797772920984742,-1.0213431567159186,-0.6162279549464073,0.699609987423664,0.6833964408292872,0.6663693326528728,0.649615879526397,0.6324589433699673,0.22149784631921615,-0.6985264588182212,-0.48217166845938264,-0.13683038075613022,-0.1487531752484814,0.6355404120667413,0.010514855327399777,2.1
2007-11-01,-0.4098366046717339,-0.10576707417560734,0.057313025054438915,-0.11152809402366619,-0.3950881634699023,0.6961926182753264,0.11573779164759407,0.33584574517656246,0.919381578584017,-0.39326424713100855,-0.18469013834449297,-0.2922492715709289,1.4836642125611252,-0.2711891509106248,0.4586790696940937,-0.37966991032972336,0.8189075939253639,-0.33223531154210467,-0.4868884954643717,-0.4481419774588845,0.6525741834712132,2.8,0.2595891288031468,-0.18376971543791995,-0.15250597424624424,-0.15250597424624424,-0.2690661378543141,-0.15250597424624424,-0.2954151418352379,-0.21690442598171064,-0.1955664847830432,-0.037988351230282213,0.0379883512302825,1.7833971818624785,1.3076336316632393,0.4301162558253243,0.33502340868871966,0.17968171462924482,0.2443716898031939,-0.005234107094204156,-0.16265324375740714,-0.16932990857263588,-0.2809563692212649,-0.37155395095009536,-0.3805775380368783,-0.6177242976011148,-0.6827315994919703,-0.6696691059363685,-0.3482142250427875,1.4151977531344269,1.4645137304176026,1.3153351724600884,0.9978275744015375,1.0909217114819414,1.1745557892445335,1.121278165845248,-0.532476239052129,-0.40003838623984106,-0.5818512774628357,-0.4109403034507692,-0.5019579092022424,-0.48944228949818724,-0.6431329285061048,-0.5515055990395317,0.1978805531692929,0.3165312087006351,0.6998640958018955,0.5447055462609092,-1.4677156189072904,-0.797772920984742,-1.0213431567159186,0.7416141660165301,0.699609987423664,0.6833964408292872,0.6663693326528728,0.649615879526397,0.2586075505118468,-0.6284896683375015,-0.5068430165053615,-0.13114500774214877,-0.13683038075613022,0.6269316376335323,0.010514855327399777,2.6
2007-12-01,-0.39254283491543296,-0.13483755655135965,-0.126326716775751,-0.07955360121432942,-0.3750961228959758,0.5752482420007944,-0.08505562540544696,0.42310582076837644,0.7864561011565613,-0.38631519935725905,-0.17458216403681676,-0.2724754457854072,1.4178923999570932,-0.208097275216269,0.5448472393466712,-0.2656937818080962,0.9122579269322706,-0.32035048687853773,-0.48642037748121214,-0.3537705357327784,0.5860034100444909,2.7,0.4586790696940937,0.2595891288031468,-0.18376971543791995,-0.15250597424624424,-0.1955664847830432,-0.2690661378543141,-0.15250597424624424,-0.2954151418352379,-0.21690442598171064,-0.1955664847830432,-0.037988351230282213,1.7778586203030013,1.2740379715869805,0.6525741834712132,0.4301162558253243,0.33502340868871966,0.17968171462924482,0.2443716898031939,-0.005234107094204156,-0.16265324375740714,-0.16550107151265922,-0.33223531154210467,-0.37155395095009536,-0.6197487957651812,-0.6177242976011148,-0.6440266197459897,-0.2768726102950816,1.282023396778338,1.4151977531344269,1.4645137304176026,1.3153351724600884,0.9978275744015375,1.0909217114819414,1.1745557892445335,-0.5061648965590524,-0.3881817687293999,-0.5750500182495497,-0.2711891509106248,-0.466596635886339,-0.5019579092022424,-0.5821901332397632,-0.5036557659730209,0.11573779164759407,0.1978805531692929,0.43518186423197763,0.6998640958018955,-1.3477235487413015,-1.4677156189072904,-0.797772920984742,0.8189075939253639,0.7416141660165301,0.699609987423664,0.6833964408292872,0.6663693326528728,0.2938201902422508,-0.5743498541471365,-0.5225699068993751,-0.12586494811334464,-0.13114500774214877,0.6008701019176963,0.010514855327399777,2.8
2008-01-01,-0.37363043646272776,-0.1929785213028632,-0.2989632217757305,-0.023689787688798945,-0.33388145494564403,0.23257250922295294,-0.4592615390042964,0.5423238650011284,0.4818352153853088,-0.32932837316650654,-0.14071791259386912,-0.23931489643374906,1.5100863006974155,-0.1753569817363603,0.6985257103450605,-0.25510320611444887,0.9103611305309397,-0.2955808771141774,0.039017637383682496,-0.4303296028229137,0.5970844196846059,2.8,0.5448472393466712,0.4586790696940937,0.2595891288031468,-0.18376971543791995,-0.15250597424624424,-0.1955664847830432,-0.2690661378543141,-0.15250597424624424,-0.2954151418352379,-0.21690442598171064,-0.1955664847830432,1.7058573200297964,1.4218588759225197,0.5860034100444909,0.6525741834712132,0.4301162558253243,0.33502340868871966,0.17968171462924482,0.2443716898031939,-0.005234107094204156,-0.3931953135343045,-0.32035048687853773,-0.33223531154210467,-0.595127995561044,-0.6197487957651812,-0.6198323802839709,-0.22245325081408351,1.3459492702203877,1.282023396778338,1.4151977531344269,1.4645137304176026,1.3153351724600884,0.9978275744015375,1.0909217114819414,-0.48471253037616924,-0.3710417440080227,-0.5505956500531283,-0.208097275216269,-0.4109403034507692,-0.466596635886339,-0.5511517537946048,-0.5355999107758243,-0.08505562540544696,0.11573779164759407,0.46256278473921053,0.43518186423197763,-1.059486700210077,-1.3477235487413015,-1.4677156189072904,0.9122579269322706,0.8189075939253639,0.7416141660165301,0.699609987423664,0.6833964408292872,0.3638933746657621,-0.5459479839405234,-0.5064621104668459,-0.11152809402366619,-0.12586494811334464,0.5291303149742728,0.010514855327399777,2.7
2008-02-01,-0.3586368232749979,-0.22204900367861496,-0.36044774737248836,0.036507567346341877,-0.2910824050910895,0.09818986891791706,-0.3314839099705428,0.6668864619567416,0.11629015245980565,-0.3151051506949489,-0.1260109311407521,-0.22688027551560166,1.3385018604979078,-0.19507833653713424,0.7312172511297167,-0.34100600552421517,0.9084676038179373,-0.27441917392522924,-0.9579422119971828,-0.42061978390446386,0.6135486214717244,2.9,0.6985257103450605,0.5448472393466712,0.4586790696940937,0.2595891288031468,-0.15250597424624424,-0.15250597424624424,-0.1955664847830432,-0.2690661378543141,-0.15250597424624424,-0.2954151418352379,-0.21690442598171064,1.7113958815892736,1.3949823478615124,0.5970844196846059,0.5860034100444909,0.6525741834712132,0.4301162558253243,0.33502340868871966,0.17968171462924482,0.2443716898031939,-0.29347994555353313,-0.2955808771141774,-0.32035048687853773,-0.5180850054442141,-0.595127995561044,-0.5972567695183552,-0.17788651909544437,1.1610916484275773,1.3459492702203877,1.282023396778338,1.4151977531344269,1.4645137304176026,1.3153351724600884,0.9978275744015375,-0.4759461715810147,-0.34072621926749874,-0.5398289305441973,-0.1753569817363603,-0.2711891509106248,-0.4109403034507692,-0.5601863329479346,-0.5289453072397768,-0.4592615390042964,-0.08505562540544696,0.47168975824162146,0.46256278473921053,-2.2358769454474072,-1.059486700210077,-1.3477235487413015,0.9103611305309397,0.9122579269322706,0.8189075939253639,0.7416141660165301,0.699609987423664,0.4580381943310913,-0.5193696467636442,-0.4709797015218319,-0.07955360121432942,-0.11152809402366619,0.4965910293160663,0.039585337703152076,2.8
2008-03-01,-0.3370835043176365,-0.1929785213028632,-0.38030908379708706,0.07489944945469335,-0.27222875196643326,-0.1033840915396365,-0.4592615390042964,0.7605456221973717,-0.16617648707353752,-0.2984971713331592,-0.09976287144909303,-0.1878033556423641,1.9107157208233625,-0.17223426913427634,0.8314951797328802,-0.3770529186128852,0.9067349186274218,-0.24716508010152408,-0.3765243304373048,-0.33039832300594624,0.7526257130086765,3.1,0.7312172511297167,0.6985257103450605,0.5448472393466712,0.4586790696940937,-0.18376971543791995,-0.15250597424624424,-0.15250597424624424,-0.1955664847830432,-0.2690661378543141,-0.15250597424624424,-0.2954151418352379,1.7003187584703192,1.2404423115107217,0.6135486214717244,0.5970844196846059,0.5860034100444909,0.6525741834712132,0.4301162558253243,0.33502340868871966,0.17968171462924482,-0.24310341315992162,-0.27441917392522924,-0.2955808771141774,-0.4869517889611893,-0.5180850054442141,-0.5705919915197221,-0.1332515377860455,1.2993188464635153,1.1610916484275773,1.3459492702203877,1.282023396778338,1.4151977531344269,1.4645137304176026,1.3153351724600884,-0.44310479991454416,-0.2832189171180437,-0.5294728081870793,-0.19507833653713424,-0.208097275216269,-0.2711891509106248,-0.5102365625355015,-0.4647865898473234,-0.3314839099705428,-0.4592615390042964,0.5355785727584983,0.47168975824162146,-0.4298400435602784,-2.2358769454474072,-1.059486700210077,0.9084676038179373,0.9103611305309397,0.9122579269322706,0.8189075939253639,0.7416141660165301,0.5875233354669585,-0.502669583508403,-0.441277186761087,-0.023689787688798945,-0.07955360121432942,0.503256949191396,0.010514855327399777,2.9
2008-04-01,-0.32311218293816096,-0.1929785213028632,-0.40587196919056434,0.08072495265686891,-0.29040751105930895,0.13850466100942782,-0.2037062809367895,0.815761002778171,-0.05540525588399115,-0.30979905517555506,-0.11314104652662829,-0.19483454372775297,1.987705630042335,-0.17548272504136467,0.7312172511297167,-0.3777989229952827,0.867921517896094,-0.21479624952799933,-0.9973113305931396,-0.40243001690296853,1.029130830634294,2.5,0.8314951797328802,0.7312172511297167,0.6985257103450605,0.5448472393466712,0.2595891288031468,-0.18376971543791995,-0.15250597424624424,-0.15250597424624424,-0.1955664847830432,-0.2690661378543141,-0.15250597424624424,1.7280115662677056,1.3143527636784909,0.7526257130086765,0.6135486214717244,0.5970844196846059,0.5860034100444909,0.6525741834712132,0.4301162558253243,0.33502340868871966,-0.16932990857263588,-0.24716508010152408,-0.27441917392522924,-0.430017606548197,-0.4869517889611893,-0.5533834127474415,-0.06923830129450825,1.3695857785703727,1.2993188464635153,1.1610916484275773,1.3459492702203877,1.282023396778338,1.4151977531344269,1.4645137304176026,-0.4007846770543356,-0.24981214327647278,-0.4911789277922843,-0.17223426913427634,-0.1753569817363603,-0.208097275216269,-0.5051680744994895,-0.5166291177328339,-0.4592615390042964,-0.3314839099705428,0.590340413772964,0.5355785727584983,0.486949090046955,-0.4298400435602784,-2.2358769454474072,0.9067349186274218,0.9084676038179373,0.9103611305309397,0.9122579269322706,0.8189075939253639,0.6124538788703497,-0.4866297385010038,-0.4263638101646722,0.036507567346341877,-0.023689787688798945,0.5245671940998342,0.06865582007890385,3.1
2008-05-01,-0.29065441802608705,-0.16390803892711142,-0.572778699731718,0.0630442143772732,-0.32961001596507017,0.3467977534822333,-0.29497601596089906,0.8389405682050953,0.1218287140192831,-0.30008623176309734,-0.09804136334579963,-0.1587319476460912,1.8354626312099993,-0.09434346823843383,0.8628644163039895,-0.35565786668951643,0.8273587317512539,-0.15305376115623903,-1.1407172463467816,-0.39439440440742635,1.7262969581635756,2.8,0.7312172511297167,0.8314951797328802,0.7312172511297167,0.6985257103450605,0.4586790696940937,0.2595891288031468,-0.18376971543791995,-0.15250597424624424,-0.15250597424624424,-0.1955664847830432,-0.2690661378543141,1.7280115662677056,1.3681058198005052,1.029130830634294,0.7526257130086765,0.6135486214717244,0.5970844196846059,0.5860034100444909,0.6525741834712132,0.4301162558253243,-0.16265324375740714,-0.21479624952799933,-0.24716508010152408,-0.4141058437385638,-0.430017606548197,-0.5320856667421437,0.0005492219780307132,1.4836642125611252,1.3695857785703727,1.2993188464635153,1.1610916484275773,1.3459492702203877,1.282023396778338,1.4151977531344269,-0.4015570188129585,-0.25388027623447235,-0.4839672653373178,-0.17548272504136467,-0.19507833653713424,-0.1753569817363603,-0.4832865927741648,-0.5070177232774904,-0.2037062809367895,-0.4592615390042964,0.36216607621268987,0.590340413772964,-0.4868884954643717,0.486949090046955,-0.4298400435602784,0.867921517896094,0.9067349186274218,0.9084676038179373,0.9103611305309397,0.9122579269322706,0.6324589433699673,-0.43035952226114654,-0.4243989553769142,0.07489944945469335,0.036507567346341877,0.5139355928872367,0.039585337703152076,2.5
2008-06-01,-0.23553585136437696,-0.10576707417560734,-0.8186650553871742,0.03927889712648772,-0.36771655824624405,0.5752482420007944,-1.198546392699584,0.854666227967858,0.32121693016046654,-0.29018130528583974,-0.08553370086784055,-0.11439358866581317,1.8249780605017953,-0.03652364737403359,0.9116502480892474,-0.2941971456320899,0.7887957036928436,-0.09030817926576974,-1.2357986731215727,-0.2786143915520605,1.8673148312431889,3.3,0.8628644163039895,0.7312172511297167,0.8314951797328802,0.7312172511297167,0.5448472393466712,0.4586790696940937,0.2595891288031468,-0.18376971543791995,-0.15250597424624424,-0.15250597424624424,-0.1955664847830432,1.456622049853317,1.6099945723495699,1.7262969581635756,1.029130830634294,0.7526257130086765,0.6135486214717244,0.5970844196846059,0.5860034100444909,0.6525741834712132,-0.005234107094204156,-0.15305376115623903,-0.21479624952799933,-0.3991346013824542,-0.4141058437385638,-0.5164957166662663,0.06963065687477484,1.4178923999570932,1.4836642125611252,1.3695857785703727,1.2993188464635153,1.1610916484275773,1.3459492702203877,1.282023396778338,-0.40911059639687875,-0.2566661035325031,-0.48713995561043566,-0.09434346823843383,-0.17223426913427634,-0.19507833653713424,-0.4902221994556043,-0.43144605469496433,-0.29497601596089906,-0.2037062809367895,0.4169279172271558,0.36216607621268987,-0.48642037748121214,-0.4868884954643717,0.486949090046955,0.8273587317512539,0.867921517896094,0.9067349186274218,0.9084676038179373,0.9103611305309397,0.649615879526397,-0.4221203024208303,-0.42442639741759086,0.08072495265686891,0.07489944945469335,0.4468247862947906,-0.018555627048352,2.8
2008-07-01,-0.19992602004351842,-0.13483755655135965,-0.8093741649469596,0.023576461755945338,-0.385522601691202,0.4475847337110101,-0.9338641611296662,0.8778304847108348,0.243677068327784,-0.30207921507650654,-0.1256467948463265,-0.1324590764229298,1.713251759170643,-0.04646500455563303,0.9507510514443361,-0.2374884963686612,0.7788877516559809,0.09227681507904112,-0.5329883797946764,-0.3784957493947958,1.8845654982290552,3.0,0.9116502480892474,0.8628644163039895,0.7312172511297167,0.8314951797328802,0.6985257103450605,0.5448472393466712,0.4586790696940937,0.2595891288031468,-0.18376971543791995,-0.15250597424624424,-0.15250597424624424,1.2738495183905654,1.5092075921207928,1.8673148312431889,1.7262969581635756,1.029130830634294,0.7526257130086765,0.6135486214717244,0.5970844196846059,0.5860034100444909,0.2443716898031939,-0.09030817926576974,-0.15305376115623903,-0.41796034759454775,-0.3991346013824542,-0.5052505067754686,0.125524586967569,1.5100863006974155,1.4178923999570932,1.4836642125611252,1.3695857785703727,1.2993188464635153,1.1610916484275773,1.3459492702203877,-0.3996624270231624,-0.24491627136938499,-0.47705991674055026,-0.03652364737403359,-0.17548272504136467,-0.17223426913427634,-0.48944228949818724,-0.4868219010218427,-1.198546392699584,-0.29497601596089906,0.2343884471789366,0.4169279172271558,0.039017637383682496,-0.48642037748121214,-0.4868884954643717,0.7887957036928436,0.8273587317512539,0.867921517896094,0.9067349186274218,0.9084676038179373,0.6663693326528728,-0.43629507952175606,-0.4186242938398593,0.0630442143772732,0.08072495265686891,0.38726429826261605,0.010514855327399777,3.3
2008-08-01,-0.20614496187706602,-0.07669659179985557,-0.6151263431457936,0.005773019649725665,-0.3964839071918738,0.3400786214669817,-0.5961661415404608,0.9002044685977272,0.18829145273301098,-0.28176396527099473,-0.09075601803412557,-0.13668737610696116,1.3158262104637692,-0.12694542932832137,0.8893928732105038,-0.20542741389662778,0.7690556777492805,-0.038923030896158776,-1.510534719970492,-0.36932366496113606,1.6023771751501408,3.0,0.9507510514443361,0.9116502480892474,0.8628644163039895,0.7312172511297167,0.7312172511297167,0.6985257103450605,0.5448472393466712,0.4586790696940937,0.2595891288031468,-0.18376971543791995,-0.15250597424624424,1.251695272152656,1.2068466514344622,1.8845654982290552,1.8673148312431889,1.7262969581635756,1.029130830634294,0.7526257130086765,0.6135486214717244,0.5970844196846059,0.17968171462924482,0.09227681507904112,-0.09030817926576974,-0.3805775380368783,-0.41796034759454775,-0.5002242387182185,0.1748798876597551,1.3385018604979078,1.5100863006974155,1.4178923999570932,1.4836642125611252,1.3695857785703727,1.2993188464635153,1.1610916484275773,-0.40233753147883794,-0.26266359925433413,-0.46875521122118335,-0.04646500455563303,-0.09434346823843383,-0.17548272504136467,-0.5019579092022424,-0.47671246212805013,-0.9338641611296662,-1.198546392699584,0.3165312087006351,0.2343884471789366,-0.9579422119971828,0.039017637383682496,-0.48642037748121214,0.7788877516559809,0.7887957036928436,0.8273587317512539,0.867921517896094,0.9067349186274218,0.6833964408292872,-0.4752118413929804,-0.40935546648265314,0.03927889712648772,0.0630442143772732,0.3219975570132373,-0.018555627048352,3.0
2008-09-01,-0.19975563807547644,-0.07669659179985557,-0.449710859323397,-0.02872132121153804,-0.42012556833828874,0.165381189070435,-0.13981746641991283,0.9041666947064078,0.038750290627123235,-0.2413607241712818,-0.022368860799792948,-0.10048529764459034,1.3238040624741756,-0.12439444139159644,0.8628644163039895,-0.12884943125309745,0.760777081734065,0.0058568992881419405,0.3491787242533585,-0.293541493494396,1.0785771410704983,3.1,0.8893928732105038,0.9507510514443361,0.9116502480892474,0.8628644163039895,0.8314951797328802,0.7312172511297167,0.6985257103450605,0.5448472393466712,0.4586790696940937,0.2595891288031468,-0.18376971543791995,0.919381578584017,1.0523066150836713,1.6023771751501408,1.8845654982290552,1.8673148312431889,1.7262969581635756,1.029130830634294,0.7526257130086765,0.6135486214717244,0.33502340868871966,-0.038923030896158776,0.09227681507904112,-0.37155395095009536,-0.3805775380368783,-0.47177045005514034,0.22161800545229876,1.9107157208233625,1.3385018604979078,1.5100863006974155,1.4178923999570932,1.4836642125611252,1.3695857785703727,1.2993188464635153,-0.3753595467988818,-0.23087923059809876,-0.4443340777567163,-0.12694542932832137,-0.03652364737403359,-0.09434346823843383,-0.466596635886339,-0.4038729350356849,-0.5961661415404608,-0.9338641611296662,0.1978805531692929,0.3165312087006351,-0.3765243304373048,-0.9579422119971828,0.039017637383682496,0.7690556777492805,0.7788877516559809,0.7887957036928436,0.8273587317512539,0.867921517896094,0.699609987423664,-0.4753786557206394,-0.4024052124596329,0.023576461755945338,0.03927889712648772,0.27597119140966503,-0.07669659179985557,3.0
2008-10-01,-0.2505294645521068,-0.10576707417560734,-0.5201287524877336,-0.09006699209398872,-0.4701312340661557,0.06459420884165823,-0.4957694330139401,0.8798145424914144,-0.2326392257872654,-0.21119874244008327,-0.005864013217708323,-0.12071603916013994,1.0393627210955387,-0.22829368831373772,0.3757931145253799,-0.06201218390411842,0.7097349995896082,-0.1394231651622886,1.6435199077463496,-0.35045433466614684,0.46668702244050386,2.4,0.8628644163039895,0.8893928732105038,0.9507510514443361,0.9116502480892474,0.7312172511297167,0.8314951797328802,0.7312172511297167,0.6985257103450605,0.5448472393466712,0.4586790696940937,0.2595891288031468,0.7864561011565613,1.0523066150836713,1.0785771410704983,1.6023771751501408,1.8845654982290552,1.8673148312431889,1.7262969581635756,1.029130830634294,0.7526257130086765,0.4301162558253243,0.0058568992881419405,-0.038923030896158776,-0.33223531154210467,-0.37155395095009536,-0.4492800302735462,0.2708020817404495,1.987705630042335,1.9107157208233625,1.3385018604979078,1.5100863006974155,1.4178923999570932,1.4836642125611252,1.3695857785703727,-0.3318327072899781,-0.20066697587585497,-0.42554945831700625,-0.12439444139159644,-0.04646500455563303,-0.03652364737403359,-0.4109403034507692,-0.4574436134768072,-0.13981746641991283,-0.5961661415404608,0.11573779164759407,0.1978805531692929,-0.9973113305931396,-0.3765243304373048,-0.9579422119971828,0.760777081734065,0.7690556777492805,0.7788877516559809,0.7887957036928436,0.8273587317512539,0.7416141660165301,-0.42119466081212137,-0.4005916425279174,0.005773019649725665,0.023576461755945338,0.19134176405804618,-0.07669659179985557,3.1
2008-11-01,-0.3406615256465267,-0.10576707417560734,-0.7263394777772354,-0.18495221866776243,-0.5472219642390987,-0.23104759982942044,-0.7330707440766251,0.837607104112493,-0.4264888803689715,-0.20379758038189705,-0.005196555201090928,-0.16572664085652736,0.9291701557511896,-0.4159447646137666,-0.2954151418352379,-0.034253879859446765,0.6444411580232446,-0.3868956828494607,0.9101945981574535,-0.3407967307536947,-0.26631687918344554,1.4,0.3757931145253799,0.8628644163039895,0.8893928732105038,0.9507510514443361,0.8628644163039895,0.7312172511297167,0.8314951797328802,0.7312172511297167,0.6985257103450605,0.5448472393466712,0.4586790696940937,0.4818352153853088,0.6961926182753264,0.46668702244050386,1.0785771410704983,1.6023771751501408,1.8845654982290552,1.8673148312431889,1.7262969581635756,1.029130830634294,0.6525741834712132,-0.1394231651622886,0.0058568992881419405,-0.32035048687853773,-0.33223531154210467,-0.4098366046717339,0.33584574517656246,1.8354626312099993,1.987705630042335,1.9107157208233625,1.3385018604979078,1.5100863006974155,1.4178923999570932,1.4836642125611252,-0.2922492715709289,-0.18469013834449297,-0.39326424713100855,-0.22829368831373772,-0.12694542932832137,-0.04646500455563303,-0.2711891509106248,-0.4481419774588845,-0.4957694330139401,-0.13981746641991283,-0.08505562540544696,0.11573779164759407,-1.1407172463467816,-0.9973113305931396,-0.3765243304373048,0.7097349995896082,0.760777081734065,0.7690556777492805,0.7788877516559809,0.7887957036928436,0.8189075939253639,-0.37966991032972336,-0.3950881634699023,-0.02872132121153804,0.005773019649725665,0.057313025054438915,-0.10576707417560734,2.4
2008-12-01,-0.3828310627370168,0.039585337703152076,-0.9540627306531115,-0.3073207558965695,-0.6394678513827069,-0.7484207650038083,-0.952118108134488,0.7974966748331896,-0.747725450818656,-0.19575932712264538,0.0004964431397455131,-0.19723758551963752,1.4947640963233246,-0.5788426493583527,-0.6824578366693298,0.012660076940314149,0.5427038745047282,-0.5690931462802784,-0.0024965986637373832,-0.20803457536625095,-1.201769756305295,0.8,-0.2954151418352379,0.3757931145253799,0.8628644163039895,0.8893928732105038,0.9116502480892474,0.8628644163039895,0.7312172511297167,0.8314951797328802,0.7312172511297167,0.6985257103450605,0.5448472393466712,0.11629015245980565,0.5752482420007944,-0.26631687918344554,0.46668702244050386,1.0785771410704983,1.6023771751501408,1.8845654982290552,1.8673148312431889,1.7262969581635756,0.5860034100444909,-0.3868956828494607,-0.1394231651622886,-0.2955808771141774,-0.32035048687853773,-0.39254283491543296,0.42310582076837644,1.8249780605017953,1.8354626312099993,1.987705630042335,1.9107157208233625,1.3385018604979078,1.5100863006974155,1.4178923999570932,-0.2724754457854072,-0.17458216403681676,-0.38631519935725905,-0.4159447646137666,-0.12439444139159644,-0.12694542932832137,-0.208097275216269,-0.3537705357327784,-0.7330707440766251,-0.4957694330139401,-0.4592615390042964,-0.08505562540544696,-1.2357986731215727,-1.1407172463467816,-0.9973113305931396,0.6444411580232446,0.7097349995896082,0.760777081734065,0.7690556777492805,0.7788877516559809,0.9122579269322706,-0.2656937818080962,-0.3750961228959758,-0.09006699209398872,-0.02872132121153804,-0.126326716775751,-0.13483755655135965,1.4
2009-01-01,-0.38197915289680445,0.09772630245465563,-1.110737721089221,-0.45835779307489505,-0.7433064834604095,-0.6946677088817939,-1.1529115251875293,0.7704311779335853,-0.7754182586160426,-0.23228591931512194,-0.014591134413051774,-0.2321153180249032,1.3752993997860326,-0.6610791750800411,-0.9474012715571217,0.07530610140481296,0.3219904487834077,-0.5289357388637101,2.0924838361665277,-0.32215752437562845,-0.8707584410865726,0.3,-0.6824578366693298,-0.2954151418352379,0.3757931145253799,0.8628644163039895,0.9507510514443361,0.9116502480892474,0.8628644163039895,0.7312172511297167,0.8314951797328802,0.7312172511297167,0.6985257103450605,-0.16617648707353752,0.23257250922295294,-1.201769756305295,-0.26631687918344554,0.46668702244050386,1.0785771410704983,1.6023771751501408,1.8845654982290552,1.8673148312431889,0.5970844196846059,-0.5690931462802784,-0.3868956828494607,-0.27441917392522924,-0.2955808771141774,-0.37363043646272776,0.5423238650011284,1.713251759170643,1.8249780605017953,1.8354626312099993,1.987705630042335,1.9107157208233625,1.3385018604979078,1.5100863006974155,-0.23931489643374906,-0.14071791259386912,-0.32932837316650654,-0.5788426493583527,-0.22829368831373772,-0.12439444139159644,-0.1753569817363603,-0.4303296028229137,-0.952118108134488,-0.7330707440766251,-0.3314839099705428,-0.4592615390042964,-0.5329883797946764,-1.2357986731215727,-1.1407172463467816,0.5427038745047282,0.6444411580232446,0.7097349995896082,0.760777081734065,0.7690556777492805,0.9103611305309397,-0.25510320611444887,-0.33388145494564403,-0.18495221866776243,-0.09006699209398872,-0.2989632217757305,-0.1929785213028632,0.8
2009-02-01,-0.3685189774214561,0.1558672672061592,-1.1212987585769607,-0.5993672492837181,-0.8362316134555395,-0.5132511444699955,-1.171165472192351,0.7544632399021143,-0.6757241505454509,-0.22209728956804073,-0.01016680102124326,-0.2238089457793056,1.1082232233646925,-0.6175726847100542,-1.2206403488473496,0.1915535126684781,0.12949736707659715,-0.4586790696940935,0.4411377027231063,-0.31471263208140376,-0.9860412624632844,0.2,-0.9474012715571217,-0.6824578366693298,-0.2954151418352379,0.3757931145253799,0.8893928732105038,0.9507510514443361,0.9116502480892474,0.8628644163039895,0.7312172511297167,0.8314951797328802,0.7312172511297167,-0.05540525588399115,0.09818986891791706,-0.8707584410865726,-1.201769756305295,-0.26631687918344554,0.46668702244050386,1.0785771410704983,1.6023771751501408,1.8845654982290552,0.6135486214717244,-0.5289357388637101,-0.5690931462802784,-0.24716508010152408,-0.27441917392522924,-0.3586368232749979,0.6668864619567416,1.3158262104637692,1.713251759170643,1.8249780605017953,1.8354626312099993,1.987705630042335,1.9107157208233625,1.3385018604979078,-0.22688027551560166,-0.1260109311407521,-0.3151051506949489,-0.6610791750800411,-0.4159447646137666,-0.22829368831373772,-0.19507833653713424,-0.42061978390446386,-1.1529115251875293,-0.952118108134488,-0.4592615390042964,-0.3314839099705428,-1.510534719970492,-0.5329883797946764,-1.2357986731215727,0.3219904487834077,0.5427038745047282,0.6444411580232446,0.7097349995896082,0.760777081734065,0.9084676038179373,-0.34100600552421517,-0.2910824050910895,-0.3073207558965695,-0.18495221866776243,-0.36044774737248836,-0.22204900367861496,0.3
2009-03-01,-0.3767825028715124,0.2721491967091668,-0.9764079101928724,-0.6830299914370201,-0.8923707023246319,-0.5468468045462546,-0.9703720551393099,0.7431158803880227,-0.6646470274264962,-0.21387285607522652,-0.020520693787720423,-0.2493591026397681,1.5433435166009792,-0.6737728747881289,-1.7545755214071095,0.2690661378543142,-0.018067442935972636,-0.4897399861883139,1.2558919244698412,-0.2416465957036843,-0.6663875651655583,-0.5,-1.2206403488473496,-0.9474012715571217,-0.6824578366693298,-0.2954151418352379,0.8628644163039895,0.8893928732105038,0.9507510514443361,0.9116502480892474,0.8628644163039895,0.7312172511297167,0.8314951797328802,0.1218287140192831,-0.1033840915396365,-0.9860412624632844,-0.8707584410865726,-1.201769756305295,-0.26631687918344554,0.46668702244050386,1.0785771410704983,1.6023771751501408,0.7526257130086765,-0.4586790696940935,-0.5289357388637101,-0.21479624952799933,-0.24716508010152408,-0.3370835043176365,0.7605456221973717,1.3238040624741756,1.3158262104637692,1.713251759170643,1.8249780605017953,1.8354626312099993,1.987705630042335,1.9107157208233625,-0.1878033556423641,-0.09976287144909303,-0.2984971713331592,-0.6175726847100542,-0.5788426493583527,-0.4159447646137666,-0.17223426913427634,-0.33039832300594624,-1.171165472192351,-1.1529115251875293,-0.2037062809367895,-0.4592615390042964,0.3491787242533585,-1.510534719970492,-0.5329883797946764,0.12949736707659715,0.3219904487834077,0.5427038745047282,0.6444411580232446,0.7097349995896082,0.9067349186274218,-0.3770529186128852,-0.27222875196643326,-0.45835779307489505,-0.3073207558965695,-0.38030908379708706,-0.1929785213028632,0.2
2009-04-01,-0.36604843888484184,0.3302901614606709,-0.740546307716192,-0.7013153184491171,-0.9090224067748577,-0.5199702764852473,-0.6052931150428715,0.7274137004854822,-0.7144940814617922,-0.19549316301020928,-0.004474777718609137,-0.24717761061923907,1.3771695877383194,-0.6553934699957704,-1.8618057185119037,0.29653701854951703,-0.013064351224169267,-0.4586790696940935,0.815375492162855,-0.3009532134238305,-0.6178632197246258,-0.5,-1.7545755214071095,-1.2206403488473496,-0.9474012715571217,-0.6824578366693298,0.3757931145253799,0.8628644163039895,0.8893928732105038,0.9507510514443361,0.9116502480892474,0.8628644163039895,0.7312172511297167,0.32121693016046654,0.13850466100942782,-0.6663875651655583,-0.9860412624632844,-0.8707584410865726,-1.201769756305295,-0.26631687918344554,0.46668702244050386,1.0785771410704983,1.029130830634294,-0.4897399861883139,-0.4586790696940935,-0.15305376115623903,-0.21479624952799933,-0.32311218293816096,0.815761002778171,1.0393627210955387,1.3238040624741756,1.3158262104637692,1.713251759170643,1.8249780605017953,1.8354626312099993,1.987705630042335,-0.19483454372775297,-0.11314104652662829,-0.30979905517555506,-0.6737728747881289,-0.6610791750800411,-0.5788426493583527,-0.17548272504136467,-0.40243001690296853,-0.9703720551393099,-1.171165472192351,-0.29497601596089906,-0.2037062809367895,1.6435199077463496,0.3491787242533585,-1.510534719970492,-0.018067442935972636,0.12949736707659715,0.3219904487834077,0.5427038745047282,0.6444411580232446,0.867921517896094,-0.3777989229952827,-0.29040751105930895,-0.5993672492837181,-0.45835779307489505,-0.40587196919056434,-0.1929785213028632,-0.5
2009-05-01,-0.35821086835489235,0.38843112621217446,-0.49197853051596324,-0.6661110728889447,-0.8857379430496295,-0.3385537120734492,-0.5322773270235838,0.7048433013904631,-0.7421868892591788,-0.2037040339635642,-0.033605623567708034,-0.2643317418191294,1.3011011325509436,-0.6276145577869746,-2.028890715340596,0.37583633563816726,-6.177810991959525e-05,-0.43144798187914296,0.7839944006424548,-0.29275477334732664,-0.40281315786006816,-1.2,-1.8618057185119037,-1.7545755214071095,-1.2206403488473496,-0.9474012715571217,-0.2954151418352379,0.3757931145253799,0.8628644163039895,0.8893928732105038,0.9507510514443361,0.9116502480892474,0.8628644163039895,0.243677068327784,0.3467977534822333,-0.6178632197246258,-0.6663875651655583,-0.9860412624632844,-0.8707584410865726,-1.201769756305295,-0.26631687918344554,0.46668702244050386,1.7262969581635756,-0.4586790696940935,-0.4897399861883139,-0.09030817926576974,-0.15305376115623903,-0.29065441802608705,0.8389405682050953,0.9291701557511896,1.0393627210955387,1.3238040624741756,1.3158262104637692,1.713251759170643,1.8249780605017953,1.8354626312099993,-0.1587319476460912,-0.09804136334579963,-0.30008623176309734,-0.6553934699957704,-0.6175726847100542,-0.6610791750800411,-0.09434346823843383,-0.39439440440742635,-0.6052931150428715,-0.9703720551393099,-1.198546392699584,-0.29497601596089906,0.9101945981574535,1.6435199077463496,0.3491787242533585,-0.013064351224169267,-0.018067442935972636,0.12949736707659715,0.3219904487834077,0.5427038745047282,0.8273587317512539,-0.35565786668951643,-0.32961001596507017,-0.6830299914370201,-0.5993672492837181,-0.572778699731718,-0.16390803892711142,-0.5
2009-06-01,-0.3134856017437664,0.47564257333943033,-0.18606596624424016,-0.609248732639171,-0.8324411167933701,0.05115594481115464,-0.28584904245848797,0.669910964788756,-0.7366483276997015,-0.17837621650975627,-0.015458980672358463,-0.24851157573769453,1.3502231195116767,-0.5345614475640275,-2.2736256193762023,0.4571509746047344,0.01303116804495139,-0.35030578594201145,-0.13094226880676682,-0.1533023800766059,-0.040817044398608913,-1.6,-2.028890715340596,-1.8618057185119037,-1.7545755214071095,-1.2206403488473496,-0.6824578366693298,-0.2954151418352379,0.3757931145253799,0.8628644163039895,0.8893928732105038,0.9507510514443361,0.9116502480892474,0.18829145273301098,0.5752482420007944,-0.40281315786006816,-0.6178632197246258,-0.6663875651655583,-0.9860412624632844,-0.8707584410865726,-1.201769756305295,-0.26631687918344554,1.8673148312431889,-0.43144798187914296,-0.4586790696940935,0.09227681507904112,-0.09030817926576974,-0.23553585136437696,0.854666227967858,1.4947640963233246,0.9291701557511896,1.0393627210955387,1.3238040624741756,1.3158262104637692,1.713251759170643,1.8249780605017953,-0.11439358866581317,-0.08553370086784055,-0.29018130528583974,-0.6276145577869746,-0.6737728747881289,-0.6175726847100542,-0.03652364737403359,-0.2786143915520605,-0.5322773270235838,-0.6052931150428715,-0.9338641611296662,-1.198546392699584,-0.0024965986637373832,0.9101945981574535,1.6435199077463496,-6.177810991959525e-05,-0.013064351224169267,-0.018067442935972636,0.12949736707659715,0.3219904487834077,0.7887957036928436,-0.2941971456320899,-0.36771655824624405,-0.7013153184491171,-0.6830299914370201,-0.8186650553871742,-0.10576707417560734,-1.2
2009-07-01,-0.3126336919035553,0.5628540204666856,0.1706430714317488,-0.5608177303924615,-0.7649302342597142,-0.11682235557014009,0.21613450017411473,0.6237905810663525,-0.7532640123781333,-0.17262608484979555,-0.004785633669034403,-0.25938168781408416,1.3791610196421318,-0.5467189606395465,-5.199337582605575,0.5303255009701021,0.055269684580961397,-0.35286274574586035,-0.1649053985566606,-0.2664867593483566,-0.25268664296638255,-1.5,-2.2736256193762023,-2.028890715340596,-1.8618057185119037,-1.7545755214071095,-0.9474012715571217,-0.6824578366693298,-0.2954151418352379,0.3757931145253799,0.8628644163039895,0.8893928732105038,0.9507510514443361,0.038750290627123235,0.4475847337110101,-0.040817044398608913,-0.40281315786006816,-0.6178632197246258,-0.6663875651655583,-0.9860412624632844,-0.8707584410865726,-1.201769756305295,1.8845654982290552,-0.35030578594201145,-0.43144798187914296,-0.038923030896158776,0.09227681507904112,-0.19992602004351842,0.8778304847108348,1.3752993997860326,1.4947640963233246,0.9291701557511896,1.0393627210955387,1.3238040624741756,1.3158262104637692,1.713251759170643,-0.1324590764229298,-0.1256467948463265,-0.30207921507650654,-0.5345614475640275,-0.6553934699957704,-0.6737728747881289,-0.04646500455563303,-0.3784957493947958,-0.28584904245848797,-0.5322773270235838,-0.5961661415404608,-0.9338641611296662,2.0924838361665277,-0.0024965986637373832,0.9101945981574535,0.01303116804495139,-6.177810991959525e-05,-0.013064351224169267,-0.018067442935972636,0.12949736707659715,0.7788877516559809,-0.2374884963686612,-0.385522601691202,-0.6661110728889447,-0.7013153184491171,-0.8093741649469596,-0.13483755655135965,-1.6
2009-08-01,-0.29065441802608705,0.6209949852181897,0.4659993024640581,-0.5181496509330883,-0.6975211487431587,-0.04291190340237049,0.40780094372474485,0.5740425396705603,-0.764341135497088,-0.16195641967466726,0.0019023652551869276,-0.2405742404053831,1.183279291556824,-0.45839495016720244,-2.2736256193762023,0.5025533536533734,0.08658940388088271,-0.33579715242514235,-1.614122761925631,-0.25790266544138213,-0.01347415056884483,-1.3,-5.199337582605575,-2.2736256193762023,-2.028890715340596,-1.8618057185119037,-1.2206403488473496,-0.9474012715571217,-0.6824578366693298,-0.2954151418352379,0.3757931145253799,0.8628644163039895,0.8893928732105038,-0.2326392257872654,0.3400786214669817,-0.25268664296638255,-0.040817044398608913,-0.40281315786006816,-0.6178632197246258,-0.6663875651655583,-0.9860412624632844,-0.8707584410865726,1.6023771751501408,-0.35286274574586035,-0.35030578594201145,0.0058568992881419405,-0.038923030896158776,-0.20614496187706602,0.9002044685977272,1.1082232233646925,1.3752993997860326,1.4947640963233246,0.9291701557511896,1.0393627210955387,1.3238040624741756,1.3158262104637692,-0.13668737610696116,-0.09075601803412557,-0.28176396527099473,-0.5467189606395465,-0.6276145577869746,-0.6553934699957704,-0.12694542932832137,-0.36932366496113606,0.21613450017411473,-0.28584904245848797,-0.13981746641991283,-0.5961661415404608,0.4411377027231063,2.0924838361665277,-0.0024965986637373832,0.055269684580961397,0.01303116804495139,-6.177810991959525e-05,-0.013064351224169267,-0.018067442935972636,0.7690556777492805,-0.20542741389662778,-0.3964839071918738,-0.609248732639171,-0.6661110728889447,-0.6151263431457936,-0.07669659179985557,-1.5
2009-09-01,-0.2783869163270362,0.6500654675939415,0.6377514087790958,-0.4764891822815066,-0.6531693997610305,-0.1772945437074061,0.8550226453428819,0.5360505476929545,-0.7975725048539519,-0.1775681924440216,-0.03298350328131284,-0.2577405132795629,1.3164021192335194,-0.46967432070982684,-1.9887457490533582,0.34809777368227446,0.1577969919588536,-0.32199493832648746,-0.6407288478456648,-0.16561457675387595,-0.152363709107721,-1.7,-2.2736256193762023,-5.199337582605575,-2.2736256193762023,-2.028890715340596,-1.7545755214071095,-1.2206403488473496,-0.9474012715571217,-0.6824578366693298,-0.2954151418352379,0.3757931145253799,0.8628644163039895,-0.4264888803689715,0.165381189070435,-0.01347415056884483,-0.25268664296638255,-0.040817044398608913,-0.40281315786006816,-0.6178632197246258,-0.6663875651655583,-0.9860412624632844,1.0785771410704983,-0.33579715242514235,-0.35286274574586035,-0.1394231651622886,0.0058568992881419405,-0.19975563807547644,0.9041666947064078,1.5433435166009792,1.1082232233646925,1.3752993997860326,1.4947640963233246,0.9291701557511896,1.0393627210955387,1.3238040624741756,-0.10048529764459034,-0.022368860799792948,-0.2413607241712818,-0.45839495016720244,-0.5345614475640275,-0.6276145577869746,-0.12439444139159644,-0.293541493494396,0.40780094372474485,0.21613450017411473,-0.4957694330139401,-0.13981746641991283,1.2558919244698412,0.4411377027231063,2.0924838361665277,0.08658940388088271,0.055269684580961397,0.01303116804495139,-6.177810991959525e-05,-0.013064351224169267,0.760777081734065,-0.12884943125309745,-0.42012556833828874,-0.5608177303924615,-0.609248732639171,-0.449710859323397,-0.07669659179985557,-1.3
2009-10-01,-0.24950717274385248,0.6500654675939415,0.5738677165370242,-0.43285565253172875,-0.6450691464704607,-0.20417107176841326,0.5538325197633202,0.5190301403797102,-0.8141881895323838,-0.16331192531984984,-0.047081790907959456,-0.26426173322365243,1.3227371157007488,-0.45192562438987793,-1.8844152674387813,0.25875958605429444,0.16616410656916575,-0.2953758568747861,-0.348775295339869,-0.24005678988790113,0.07103124008297487,-1.5,-1.9887457490533582,-2.2736256193762023,-5.199337582605575,-2.2736256193762023,-1.8618057185119037,-1.7545755214071095,-1.2206403488473496,-0.9474012715571217,-0.6824578366693298,-0.2954151418352379,0.3757931145253799,-0.747725450818656,0.06459420884165823,-0.152363709107721,-0.01347415056884483,-0.25268664296638255,-0.040817044398608913,-0.40281315786006816,-0.6178632197246258,-0.6663875651655583,0.46668702244050386,-0.32199493832648746,-0.33579715242514235,-0.3868956828494607,-0.1394231651622886,-0.2505294645521068,0.8798145424914144,1.3771695877383194,1.5433435166009792,1.1082232233646925,1.3752993997860326,1.4947640963233246,0.9291701557511896,1.0393627210955387,-0.12071603916013994,-0.005864013217708323,-0.21119874244008327,-0.46967432070982684,-0.5467189606395465,-0.5345614475640275,-0.22829368831373772,-0.35045433466614684,0.8550226453428819,0.40780094372474485,-0.7330707440766251,-0.4957694330139401,0.815375492162855,1.2558919244698412,0.4411377027231063,0.1577969919588536,0.08658940388088271,0.055269684580961397,0.01303116804495139,-6.177810991959525e-05,0.7097349995896082,-0.06201218390411842,-0.4701312340661557,-0.5181496509330883,-0.5608177303924615,-0.5201287524877336,-0.10576707417560734,-1.7
2009-11-01,-0.23042439232310527,0.6209949852181897,0.3970256135352421,-0.3881195550361662,-0.6566467585567741,-0.2713623919209312,0.343912129207868,0.5106001330992647,-0.8474195588892478,-0.15254571877246478,-0.03580590173875767,-0.2302449967789695,1.2784557935046879,-0.3543816756463485,-1.1202053547494892,0.12298962605509937,0.18277017029742124,-0.21829488017275578,-0.5012574512806067,-0.22454026901803054,0.14023144187706235,-0.6,-1.8844152674387813,-1.9887457490533582,-2.2736256193762023,-5.199337582605575,-2.028890715340596,-1.8618057185119037,-1.7545755214071095,-1.2206403488473496,-0.9474012715571217,-0.6824578366693298,-0.2954151418352379,-0.7754182586160426,-0.23104759982942044,0.07103124008297487,-0.152363709107721,-0.01347415056884483,-0.25268664296638255,-0.040817044398608913,-0.40281315786006816,-0.6178632197246258,-0.26631687918344554,-0.2953758568747861,-0.32199493832648746,-0.5690931462802784,-0.3868956828494607,-0.3406615256465267,0.837607104112493,1.3011011325509436,1.3771695877383194,1.5433435166009792,1.1082232233646925,1.3752993997860326,1.4947640963233246,0.9291701557511896,-0.16572664085652736,-0.005196555201090928,-0.20379758038189705,-0.45192562438987793,-0.45839495016720244,-0.5467189606395465,-0.4159447646137666,-0.3407967307536947,0.5538325197633202,0.8550226453428819,-0.952118108134488,-0.7330707440766251,0.7839944006424548,0.815375492162855,1.2558919244698412,0.16616410656916575,0.1577969919588536,0.08658940388088271,0.055269684580961397,0.01303116804495139,0.6444411580232446,-0.034253879859446765,-0.5472219642390987,-0.4764891822815066,-0.5181496509330883,-0.7263394777772354,-0.10576707417560734,-1.5
2009-12-01,-0.22599446115400398,0.6500654675939415,0.2211431771915922,-0.35079534804140394,-0.6646147755075893,-0.19745193975316164,0.05184897713071742,0.4956135466952658,-0.8141881895323838,-0.13239558499353463,-0.003325865817140995,-0.20873571138572453,1.1622040616828275,-0.31867589953507247,-0.6824578366693298,0.07653680792809546,0.19602815875065482,-0.19943579031306433,0.0211755654980942,-0.038030413209525396,0.0941167210309715,0.0,-1.1202053547494892,-1.8844152674387813,-1.9887457490533582,-2.2736256193762023,-2.2736256193762023,-2.028890715340596,-1.8618057185119037,-1.7545755214071095,-1.2206403488473496,-0.9474012715571217,-0.6824578366693298,-0.6757241505454509,-0.7484207650038083,0.14023144187706235,0.07103124008297487,-0.152363709107721,-0.01347415056884483,-0.25268664296638255,-0.040817044398608913,-0.40281315786006816,-1.201769756305295,-0.21829488017275578,-0.2953758568747861,-0.5289357388637101,-0.5690931462802784,-0.3828310627370168,0.7974966748331896,1.3502231195116767,1.3011011325509436,1.3771695877383194,1.5433435166009792,1.1082232233646925,1.3752993997860326,1.4947640963233246,-0.19723758551963752,0.0004964431397455131,-0.19575932712264538,-0.3543816756463485,-0.46967432070982684,-0.45839495016720244,-0.5788426493583527,-0.20803457536625095,0.343912129207868,0.5538325197633202,-1.1529115251875293,-0.952118108134488,-0.13094226880676682,0.7839944006424548,0.815375492162855,0.18277017029742124,0.16616410656916575,0.1577969919588536,0.08658940388088271,0.055269684580961397,0.5427038745047282,0.012660076940314149,-0.6394678513827069,-0.43285565253172875,-0.4764891822815066,-0.9540627306531115,0.039585337703152076,-0.6
2010-01-01,-0.20921183730182905,0.6209949852181897,0.11414034481027872,-0.32082014043374546,-0.6520233219119963,-0.1033840915396365,0.2252614736765255,0.46233999060706193,-0.8252653126513385,-0.17710430605371183,-0.06169835059519667,-0.22745552416132653,0.8721673119412675,-0.2976458303901814,-0.5744599931693578,0.18578296506196357,0.2579503817480006,-0.16623429777683474,0.5225469873382321,-0.20149932419722733,0.3221069655217712,0.1,-0.6824578366693298,-1.1202053547494892,-1.8844152674387813,-1.9887457490533582,-5.199337582605575,-2.2736256193762023,-2.028890715340596,-1.8618057185119037,-1.7545755214071095,-1.2206403488473496,-0.9474012715571217,-0.6646470274264962,-0.6946677088817939,0.0941167210309715,0.14023144187706235,0.07103124008297487,-0.152363709107721,-0.01347415056884483,-0.25268664296638255,-0.040817044398608913,-0.8707584410865726,-0.19943579031306433,-0.21829488017275578,-0.4586790696940935,-0.5289357388637101,-0.38197915289680445,0.7704311779335853,1.3791610196421318,1.3502231195116767,1.3011011325509436,1.3771695877383194,1.5433435166009792,1.1082232233646925,1.3752993997860326,-0.2321153180249032,-0.014591134413051774,-0.23228591931512194,-0.31867589953507247,-0.45192562438987793,-0.46967432070982684,-0.6610791750800411,-0.32215752437562845,0.05184897713071742,0.343912129207868,-1.171165472192351,-1.1529115251875293,-0.1649053985566606,-0.13094226880676682,0.7839944006424548,0.19602815875065482,0.18277017029742124,0.16616410656916575,0.1577969919588536,0.08658940388088271,0.3219904487834077,0.07530610140481296,-0.7433064834604095,-0.3881195550361662,-0.43285565253172875,-1.110737721089221,0.09772630245465563,0.0
2010-02-01,-0.20938221926987102,0.7082064323454451,-0.024300979121392945,-0.28833979887110267,-0.6245658270992288,-0.18401367572265803,-0.021166810888570312,0.42253768880594433,-0.8252653126513385,-0.16530408323655685,-0.032607929289494506,-0.21062235095357107,0.5274646955554486,-0.3017991650410152,-0.3509988307523616,0.2953767267199051,0.30638906823073725,-0.18590288245727982,-0.08802991082269032,-0.19120472232351424,0.3330114803026198,0.2,-0.5744599931693578,-0.6824578366693298,-1.1202053547494892,-1.8844152674387813,-2.2736256193762023,-5.199337582605575,-2.2736256193762023,-2.028890715340596,-1.8618057185119037,-1.7545755214071095,-1.2206403488473496,-0.7144940814617922,-0.5132511444699955,0.3221069655217712,0.0941167210309715,0.14023144187706235,0.07103124008297487,-0.152363709107721,-0.01347415056884483,-0.25268664296638255,-0.9860412624632844,-0.16623429777683474,-0.19943579031306433,-0.4897399861883139,-0.4586790696940935,-0.3685189774214561,0.7544632399021143,1.183279291556824,1.3791610196421318,1.3502231195116767,1.3011011325509436,1.3771695877383194,1.5433435166009792,1.1082232233646925,-0.2238089457793056,-0.01016680102124326,-0.22209728956804073,-0.2976458303901814,-0.3543816756463485,-0.45192562438987793,-0.6175726847100542,-0.31471263208140376,0.2252614736765255,0.05184897713071742,-0.9703720551393099,-1.171165472192351,-1.614122761925631,-0.1649053985566606,-0.13094226880676682,0.2579503817480006,0.19602815875065482,0.18277017029742124,0.16616410656916575,0.1577969919588536,0.12949736707659715,0.1915535126684781,-0.8362316134555395,-0.35079534804140394,-0.3881195550361662,-1.1212987585769607,0.1558672672061592,0.1
2010-03-01,-0.1985629642991801,0.7372769147211968,-0.17875556434849668,-0.24463442323373527,-0.5971411127388626,-0.13697975161589532,-0.21283325443920026,0.3952182338734156,-0.7975725048539519,-0.1595438181069203,-0.04560720657850192,-0.20338911047538266,0.5207144385542402,-0.24655608834043402,-0.08873448029941505,0.4571509746047344,0.3587809714113961,-0.19572288385511352,0.2046210558811964,-0.05611394204567318,0.4867659556813959,0.6,-0.3509988307523616,-0.5744599931693578,-0.6824578366693298,-1.1202053547494892,-1.9887457490533582,-2.2736256193762023,-5.199337582605575,-2.2736256193762023,-2.028890715340596,-1.8618057185119037,-1.7545755214071095,-0.7421868892591788,-0.5468468045462546,0.3330114803026198,0.3221069655217712,0.0941167210309715,0.14023144187706235,0.07103124008297487,-0.152363709107721,-0.01347415056884483,-0.6663875651655583,-0.18590288245727982,-0.16623429777683474,-0.4586790696940935,-0.4897399861883139,-0.3767825028715124,0.7431158803880227,1.3164021192335194,1.183279291556824,1.3791610196421318,1.3502231195116767,1.3011011325509436,1.3771695877383194,1.5433435166009792,-0.2493591026397681,-0.020520693787720423,-0.21387285607522652,-0.3017991650410152,-0.31867589953507247,-0.3543816756463485,-0.6737728747881289,-0.2416465957036843,-0.021166810888570312,0.2252614736765255,-0.6052931150428715,-0.9703720551393099,-0.6407288478456648,-1.614122761925631,-0.1649053985566606,0.30638906823073725,0.2579503817480006,0.19602815875065482,0.18277017029742124,0.16616410656916575,-0.018067442935972636,0.2690661378543142,-0.8923707023246319,-0.32082014043374546,-0.35079534804140394,-0.9764079101928724,0.2721491967091668,0.2
2010-04-01,-0.19438860608214117,0.8244883618484528,-0.3310932378297322,-0.17624009157364498,-0.5722008373578423,-0.036192771387118544,-0.1945793074343784,0.38685440560157763,-0.7698796970565653,-0.16221518237870922,-0.05417054609971837,-0.19041106817895578,0.34559573716775366,-0.20448572602882736,0.2595891288031468,0.46532411605303065,0.3819283659647027,-0.22840597268784393,0.7982254092639827,-0.17032969851968702,0.636194061042141,0.7,-0.08873448029941505,-0.3509988307523616,-0.5744599931693578,-0.6824578366693298,-1.8844152674387813,-1.9887457490533582,-2.2736256193762023,-5.199337582605575,-2.2736256193762023,-2.028890715340596,-1.8618057185119037,-0.7366483276997015,-0.5199702764852473,0.4867659556813959,0.3330114803026198,0.3221069655217712,0.0941167210309715,0.14023144187706235,0.07103124008297487,-0.152363709107721,-0.6178632197246258,-0.19572288385511352,-0.18590288245727982,-0.43144798187914296,-0.4586790696940935,-0.36604843888484184,0.7274137004854822,1.3227371157007488,1.3164021192335194,1.183279291556824,1.3791610196421318,1.3502231195116767,1.3011011325509436,1.3771695877383194,-0.24717761061923907,-0.004474777718609137,-0.19549316301020928,-0.24655608834043402,-0.2976458303901814,-0.31867589953507247,-0.6553934699957704,-0.3009532134238305,-0.21283325443920026,-0.021166810888570312,-0.5322773270235838,-0.6052931150428715,-0.348775295339869,-0.6407288478456648,-1.614122761925631,0.3587809714113961,0.30638906823073725,0.2579503817480006,0.19602815875065482,0.18277017029742124,-0.013064351224169267,0.29653701854951703,-0.9090224067748577,-0.28833979887110267,-0.32082014043374546,-0.740546307716192,0.3302901614606709,0.6
2010-05-01,-0.19191806754552693,0.8826293265999563,-0.501570492848926,-0.12048962300231451,-0.5510664668342949,-0.30495805199719006,-0.6235470620476934,0.4002504526398887,-0.8141881895323838,-0.14224628026682962,-0.02096685399356197,-0.16536322068825088,0.046677867976916615,-0.19388366766157544,0.3366727119345954,0.34948468084559836,0.4018383295062345,-0.2661080688991796,1.5636417881379279,-0.15756353867190748,0.45768140841351884,1.1,0.2595891288031468,-0.08873448029941505,-0.3509988307523616,-0.5744599931693578,-1.1202053547494892,-1.8844152674387813,-1.9887457490533582,-2.2736256193762023,-5.199337582605575,-2.2736256193762023,-2.028890715340596,-0.7532640123781333,-0.3385537120734492,0.636194061042141,0.4867659556813959,0.3330114803026198,0.3221069655217712,0.0941167210309715,0.14023144187706235,0.07103124008297487,-0.40281315786006816,-0.22840597268784393,-0.19572288385511352,-0.35030578594201145,-0.43144798187914296,-0.35821086835489235,0.7048433013904631,1.2784557935046879,1.3227371157007488,1.3164021192335194,1.183279291556824,1.3791610196421318,1.3502231195116767,1.3011011325509436,-0.2643317418191294,-0.033605623567708034,-0.2037040339635642,-0.20448572602882736,-0.3017991650410152,-0.2976458303901814,-0.6276145577869746,-0.29275477334732664,-0.1945793074343784,-0.21283325443920026,-0.28584904245848797,-0.5322773270235838,-0.5012574512806067,-0.348775295339869,-0.6407288478456648,0.3819283659647027,0.3587809714113961,0.30638906823073725,0.2579503817480006,0.19602815875065482,-6.177810991959525e-05,0.37583633563816726,-0.8857379430496295,-0.24463442323373527,-0.28833979887110267,-0.49197853051596324,0.38843112621217446,0.7
2010-06-01,-0.19515532493833193,0.9407702913514603,-0.5779298516466691,-0.11441502701750814,-0.5271997611541429,-0.42590242827172237,-0.6235470620476934,0.4328664761816109,-0.8418809973297704,-0.13401114544615308,0.002230081424154614,-0.1423022335222778,-0.10241581921452822,-0.19983640291585134,0.4586790696940937,0.3212369931136694,0.4318872219991916,-0.28691346575203525,0.1156652976589761,-0.11106480677532067,0.5496997432763295,1.2,0.3366727119345954,0.2595891288031468,-0.08873448029941505,-0.3509988307523616,-0.6824578366693298,-1.1202053547494892,-1.8844152674387813,-1.9887457490533582,-2.2736256193762023,-5.199337582605575,-2.2736256193762023,-0.764341135497088,0.05115594481115464,0.45768140841351884,0.636194061042141,0.4867659556813959,0.3330114803026198,0.3221069655217712,0.0941167210309715,0.14023144187706235,-0.040817044398608913,-0.2661080688991796,-0.22840597268784393,-0.35286274574586035,-0.35030578594201145,-0.3134856017437664,0.669910964788756,1.1622040616828275,1.2784557935046879,1.3227371157007488,1.3164021192335194,1.183279291556824,1.3791610196421318,1.3502231195116767,-0.24851157573769453,-0.015458980672358463,-0.17837621650975627,-0.19388366766157544,-0.24655608834043402,-0.3017991650410152,-0.5345614475640275,-0.1533023800766059,-0.6235470620476934,-0.1945793074343784,0.21613450017411473,-0.28584904245848797,0.0211755654980942,-0.5012574512806067,-0.348775295339869,0.4018383295062345,0.3819283659647027,0.3587809714113961,0.30638906823073725,0.2579503817480006,0.01303116804495139,0.4571509746047344,-0.8324411167933701,-0.17624009157364498,-0.24463442323373527,-0.18606596624424016,0.47564257333943033,1.1
2010-07-01,-0.18859561916870035,0.9407702913514603,-0.5826105787292087,-0.17950995264578284,-0.498666621095212,-0.5871615966377652,-0.6600549560573374,0.47646025536136627,-0.8584966820082024,-0.09477028715452257,0.06685271842016074,-0.09257584020793054,0.37322420262172656,-0.16724849764175417,0.5744599931693581,0.37557527894303894,0.48662737877653345,-0.2647060154385907,0.12310057598101157,-0.1270744886417898,0.4055199426871927,1.9,0.4586790696940937,0.3366727119345954,0.2595891288031468,-0.08873448029941505,-0.5744599931693578,-0.6824578366693298,-1.1202053547494892,-1.8844152674387813,-1.9887457490533582,-2.2736256193762023,-5.199337582605575,-0.7975725048539519,-0.11682235557014009,0.5496997432763295,0.45768140841351884,0.636194061042141,0.4867659556813959,0.3330114803026198,0.3221069655217712,0.0941167210309715,-0.25268664296638255,-0.28691346575203525,-0.2661080688991796,-0.33579715242514235,-0.35286274574586035,-0.3126336919035553,0.6237905810663525,0.8721673119412675,1.1622040616828275,1.2784557935046879,1.3227371157007488,1.3164021192335194,1.183279291556824,1.3791610196421318,-0.25938168781408416,-0.004785633669034403,-0.17262608484979555,-0.19983640291585134,-0.20448572602882736,-0.24655608834043402,-0.5467189606395465,-0.2664867593483566,-0.6235470620476934,-0.6235470620476934,0.40780094372474485,0.21613450017411473,0.5225469873382321,0.0211755654980942,-0.5012574512806067,0.4318872219991916,0.4018383295062345,0.3819283659647027,0.3587809714113961,0.30638906823073725,0.055269684580961397,0.5303255009701021,-0.7649302342597142,-0.12048962300231451,-0.17624009157364498,0.1706430714317488,0.5628540204666856,1.2
2010-08-01,-0.178031937150073,0.9407702913514603,-0.5963846178223458,-0.26525549138336674,-0.4661037417561593,-0.7820164250800672,-0.523150353521173,0.5152761168400174,-0.8751123666866344,-0.08979242496083335,0.09066897526505904,-0.06664894835187776,0.2220208706737284,-0.1593517287300743,0.41970797946177724,0.5732514726578826,0.5256959260479804,-0.2344037623441312,-1.2754428729065297,-0.11208057086355565,0.5102518342785578,2.0,0.5744599931693581,0.4586790696940937,0.3366727119345954,0.2595891288031468,-0.3509988307523616,-0.5744599931693578,-0.6824578366693298,-1.1202053547494892,-1.8844152674387813,-1.9887457490533582,-2.2736256193762023,-0.8141881895323838,-0.04291190340237049,0.4055199426871927,0.5496997432763295,0.45768140841351884,0.636194061042141,0.4867659556813959,0.3330114803026198,0.3221069655217712,-0.01347415056884483,-0.2647060154385907,-0.28691346575203525,-0.32199493832648746,-0.33579715242514235,-0.29065441802608705,0.5740425396705603,0.5274646955554486,0.8721673119412675,1.1622040616828275,1.2784557935046879,1.3227371157007488,1.3164021192335194,1.183279291556824,-0.2405742404053831,0.0019023652551869276,-0.16195641967466726,-0.16724849764175417,-0.19388366766157544,-0.20448572602882736,-0.45839495016720244,-0.25790266544138213,-0.6600549560573374,-0.6235470620476934,0.8550226453428819,0.40780094372474485,-0.08802991082269032,0.5225469873382321,0.0211755654980942,0.48662737877653345,0.4318872219991916,0.4018383295062345,0.3819283659647027,0.3587809714113961,0.08658940388088271,0.5025533536533734,-0.6975211487431587,-0.11441502701750814,-0.12048962300231451,0.4659993024640581,0.6209949852181897,1.9
2010-09-01,-0.1703647485881655,0.9116998089757086,-0.790980553999503,-0.2939484501864723,-0.43460267605878145,-0.822331217171578,-0.21283325443920026,0.5255927026073466,-0.8751123666866344,-0.09709656151646172,0.03523179735996052,-0.08653890420178374,0.14156944663869017,-0.13422334798216928,0.5448472393466712,0.6759780275382224,0.5607994805128678,-0.1837022397821022,-0.5816690170036816,-0.014304291586083456,0.2928646492990036,2.0,0.41970797946177724,0.5744599931693581,0.4586790696940937,0.3366727119345954,-0.08873448029941505,-0.3509988307523616,-0.5744599931693578,-0.6824578366693298,-1.1202053547494892,-1.8844152674387813,-1.9887457490533582,-0.8474195588892478,-0.1772945437074061,0.5102518342785578,0.4055199426871927,0.5496997432763295,0.45768140841351884,0.636194061042141,0.4867659556813959,0.3330114803026198,-0.152363709107721,-0.2344037623441312,-0.2647060154385907,-0.2953758568747861,-0.32199493832648746,-0.2783869163270362,0.5360505476929545,0.5207144385542402,0.5274646955554486,0.8721673119412675,1.1622040616828275,1.2784557935046879,1.3227371157007488,1.3164021192335194,-0.2577405132795629,-0.03298350328131284,-0.1775681924440216,-0.1593517287300743,-0.19983640291585134,-0.19388366766157544,-0.46967432070982684,-0.16561457675387595,-0.523150353521173,-0.6600549560573374,0.5538325197633202,0.8550226453428819,0.2046210558811964,-0.08802991082269032,0.5225469873382321,0.5256959260479804,0.48662737877653345,0.4318872219991916,0.4018383295062345,0.3819283659647027,0.1577969919588536,0.34809777368227446,-0.6531693997610305,-0.17950995264578284,-0.11441502701750814,0.6377514087790958,0.6500654675939415,2.0
2010-10-01,-0.14574455420604107,0.8535588442242045,-1.2755557653744538,-0.2216654410965277,-0.40890994792285623,-0.9768712535223691,-1.6092602003080774,0.4965063366278396,-0.8917280513650664,-0.07822192688925933,0.06265257001715689,-0.0661111484721,0.53096561465576,-0.10966754406361387,0.6045853465832371,0.7077023355280709,0.5166666228069708,-0.14408660258092346,0.4838360779647129,-0.08951223690975538,0.41685997209583026,2.3,0.5448472393466712,0.41970797946177724,0.5744599931693581,0.4586790696940937,0.2595891288031468,-0.08873448029941505,-0.3509988307523616,-0.5744599931693578,-0.6824578366693298,-1.1202053547494892,-1.8844152674387813,-0.8141881895323838,-0.20417107176841326,0.2928646492990036,0.5102518342785578,0.4055199426871927,0.5496997432763295,0.45768140841351884,0.636194061042141,0.4867659556813959,0.07103124008297487,-0.1837022397821022,-0.2344037623441312,-0.21829488017275578,-0.2953758568747861,-0.24950717274385248,0.5190301403797102,0.34559573716775366,0.5207144385542402,0.5274646955554486,0.8721673119412675,1.1622040616828275,1.2784557935046879,1.3227371157007488,-0.26426173322365243,-0.047081790907959456,-0.16331192531984984,-0.13422334798216928,-0.16724849764175417,-0.19983640291585134,-0.45192562438987793,-0.24005678988790113,-0.21283325443920026,-0.523150353521173,0.343912129207868,0.5538325197633202,0.7982254092639827,0.2046210558811964,-0.08802991082269032,0.5607994805128678,0.5256959260479804,0.48662737877653345,0.4318872219991916,0.4018383295062345,0.16616410656916575,0.25875958605429444,-0.6450691464704607,-0.26525549138336674,-0.17950995264578284,0.5738677165370242,0.6500654675939415,2.0
2010-11-01,-0.13032498609820564,0.9116998089757086,-1.5854575322250664,-0.11036553411966639,-0.39031929207528865,-0.8626460092630885,-1.819180590863529,0.4532375648748138,-0.8806509282461117,-0.06312836306725798,0.08175460076019546,-0.03582246693935355,0.359090188972588,-0.040376938322197034,0.6441303081868934,0.7035897179259549,0.45549062197241186,-0.1318877243739501,0.39991376903074427,-0.08051809161065838,0.6708037460540516,2.3,0.6045853465832371,0.5448472393466712,0.41970797946177724,0.5744599931693581,0.3366727119345954,0.2595891288031468,-0.08873448029941505,-0.3509988307523616,-0.5744599931693578,-0.6824578366693298,-1.1202053547494892,-0.8252653126513385,-0.2713623919209312,0.41685997209583026,0.2928646492990036,0.5102518342785578,0.4055199426871927,0.5496997432763295,0.45768140841351884,0.636194061042141,0.14023144187706235,-0.14408660258092346,-0.1837022397821022,-0.19943579031306433,-0.21829488017275578,-0.23042439232310527,0.5106001330992647,0.046677867976916615,0.34559573716775366,0.5207144385542402,0.5274646955554486,0.8721673119412675,1.1622040616828275,1.2784557935046879,-0.2302449967789695,-0.03580590173875767,-0.15254571877246478,-0.10966754406361387,-0.1593517287300743,-0.16724849764175417,-0.3543816756463485,-0.22454026901803054,-1.6092602003080774,-0.21283325443920026,0.05184897713071742,0.343912129207868,1.5636417881379279,0.7982254092639827,0.2046210558811964,0.5166666228069708,0.5607994805128678,0.5256959260479804,0.48662737877653345,0.4318872219991916,0.18277017029742124,0.12298962605509937,-0.6566467585567741,-0.2939484501864723,-0.26525549138336674,0.3970256135352421,0.6209949852181897,2.3
2010-12-01,-0.11277564338983996,0.9116998089757086,-1.622649319475865,-0.059115579386670454,-0.3826872037299355,-0.4729363523784849,-1.4814825712743234,0.43426085552635757,-0.8584966820082024,-0.05858334308707993,0.07204604648568215,-0.0009612014389816089,0.07499439285579793,0.10618817393531271,0.7820865662620162,0.6759780275382224,0.4084829608504203,-0.11086185177523859,0.09644035901282236,0.0351955317049407,0.7318761485988813,2.5,0.6441303081868934,0.6045853465832371,0.5448472393466712,0.41970797946177724,0.4586790696940937,0.3366727119345954,0.2595891288031468,-0.08873448029941505,-0.3509988307523616,-0.5744599931693578,-0.6824578366693298,-0.8252653126513385,-0.19745193975316164,0.6708037460540516,0.41685997209583026,0.2928646492990036,0.5102518342785578,0.4055199426871927,0.5496997432763295,0.45768140841351884,0.0941167210309715,-0.1318877243739501,-0.14408660258092346,-0.16623429777683474,-0.19943579031306433,-0.22599446115400398,0.4956135466952658,-0.10241581921452822,0.046677867976916615,0.34559573716775366,0.5207144385542402,0.5274646955554486,0.8721673119412675,1.1622040616828275,-0.20873571138572453,-0.003325865817140995,-0.13239558499353463,-0.040376938322197034,-0.13422334798216928,-0.1593517287300743,-0.31867589953507247,-0.038030413209525396,-1.819180590863529,-1.6092602003080774,0.2252614736765255,0.05184897713071742,0.1156652976589761,1.5636417881379279,0.7982254092639827,0.45549062197241186,0.5166666228069708,0.5607994805128678,0.5256959260479804,0.48662737877653345,0.19602815875065482,0.07653680792809546,-0.6646147755075893,-0.2216654410965277,-0.2939484501864723,0.2211431771915922,0.6500654675939415,2.3
2011-01-01,-0.08943331376803344,0.9116998089757086,-1.5599746190530916,-0.12914442982178254,-0.38527058906283995,-0.4326215602869741,-1.627514147312899,0.4609908032722244,-0.8695738051271571,0.0023658000443996905,0.19103372193086154,0.0870376368939304,0.324999420902286,0.21148500074005863,0.9293772710121567,0.6078475479340809,0.38079074569213184,-0.06112899726589985,-0.22763408401046187,-0.06341287434003605,0.7000876575192284,3.6,0.7820865662620162,0.6441303081868934,0.6045853465832371,0.5448472393466712,0.5744599931693581,0.4586790696940937,0.3366727119345954,0.2595891288031468,-0.08873448029941505,-0.3509988307523616,-0.5744599931693578,-0.7975725048539519,-0.1033840915396365,0.7318761485988813,0.6708037460540516,0.41685997209583026,0.2928646492990036,0.5102518342785578,0.4055199426871927,0.5496997432763295,0.3221069655217712,-0.11086185177523859,-0.1318877243739501,-0.18590288245727982,-0.16623429777683474,-0.20921183730182905,0.46233999060706193,0.37322420262172656,-0.10241581921452822,0.046677867976916615,0.34559573716775366,0.5207144385542402,0.5274646955554486,0.8721673119412675,-0.22745552416132653,-0.06169835059519667,-0.17710430605371183,0.10618817393531271,-0.10966754406361387,-0.13422334798216928,-0.2976458303901814,-0.20149932419722733,-1.4814825712743234,-1.819180590863529,-0.021166810888570312,0.2252614736765255,0.12310057598101157,0.1156652976589761,1.5636417881379279,0.4084829608504203,0.45549062197241186,0.5166666228069708,0.5607994805128678,0.5256959260479804,0.2579503817480006,0.18578296506196357,-0.6520233219119963,-0.11036553411966639,-0.2216654410965277,0.11414034481027872,0.6209949852181897,2.5
2011-02-01,-0.06770961284263004,0.9116998089757086,-1.4594071983792245,-0.2655217897682132,-0.38631553991380496,-0.251204995875176,-1.198546392699584,0.499958358039421,-0.8584966820082024,-0.009556814900835188,0.17449210248366495,0.09520836446825197,0.2609856455953781,0.23391842773080299,0.9474012715571222,0.48183349172081813,0.3500493285505243,0.01426423765274878,-0.3569682182124516,-0.03792011921756891,0.6719108964483683,3.6,0.9293772710121567,0.7820865662620162,0.6441303081868934,0.6045853465832371,0.41970797946177724,0.5744599931693581,0.4586790696940937,0.3366727119345954,0.2595891288031468,-0.08873448029941505,-0.3509988307523616,-0.7698796970565653,-0.18401367572265803,0.7000876575192284,0.7318761485988813,0.6708037460540516,0.41685997209583026,0.2928646492990036,0.5102518342785578,0.4055199426871927,0.3330114803026198,-0.06112899726589985,-0.11086185177523859,-0.19572288385511352,-0.18590288245727982,-0.20938221926987102,0.42253768880594433,0.2220208706737284,0.37322420262172656,-0.10241581921452822,0.046677867976916615,0.34559573716775366,0.5207144385542402,0.5274646955554486,-0.21062235095357107,-0.032607929289494506,-0.16530408323655685,0.21148500074005863,-0.040376938322197034,-0.10966754406361387,-0.3017991650410152,-0.19120472232351424,-1.627514147312899,-1.4814825712743234,-0.21283325443920026,-0.021166810888570312,-1.2754428729065297,0.12310057598101157,0.1156652976589761,0.38079074569213184,0.4084829608504203,0.45549062197241186,0.5166666228069708,0.5607994805128678,0.30638906823073725,0.2953767267199051,-0.6245658270992288,-0.059115579386670454,-0.11036553411966639,-0.024300979121392945,0.7082064323454451,3.6
2011-03-01,-0.03627413973881043,0.9989112561029639,-1.4837187537184795,-0.37132096139118126,-0.373286484430914,-0.3519919761039528,-1.3719588892453922,0.504677012436127,-0.8751123666866344,0.007201386707006628,0.2032863736347815,0.1323565488224667,0.6021085343123945,0.2962434116929262,0.9474012715571222,0.3896280669540143,0.32389057337927935,0.2061060825316713,-0.32202972513933104,-0.011044497647838505,1.0336812439394154,4.0,0.9474012715571222,0.9293772710121567,0.7820865662620162,0.6441303081868934,0.5448472393466712,0.41970797946177724,0.5744599931693581,0.4586790696940937,0.3366727119345954,0.2595891288031468,-0.08873448029941505,-0.8141881895323838,-0.13697975161589532,0.6719108964483683,0.7000876575192284,0.7318761485988813,0.6708037460540516,0.41685997209583026,0.2928646492990036,0.5102518342785578,0.4867659556813959,0.01426423765274878,-0.06112899726589985,-0.22840597268784393,-0.19572288385511352,-0.1985629642991801,0.3952182338734156,0.14156944663869017,0.2220208706737284,0.37322420262172656,-0.10241581921452822,0.046677867976916615,0.34559573716775366,0.5207144385542402,-0.20338911047538266,-0.04560720657850192,-0.1595438181069203,0.23391842773080299,0.10618817393531271,-0.040376938322197034,-0.24655608834043402,-0.05611394204567318,-1.198546392699584,-1.627514147312899,-0.1945793074343784,-0.21283325443920026,-0.5816690170036816,-1.2754428729065297,0.12310057598101157,0.3500493285505243,0.38079074569213184,0.4084829608504203,0.45549062197241186,0.5166666228069708,0.3587809714113961,0.4571509746047344,-0.5971411127388626,-0.12914442982178254,-0.059115579386670454,-0.17875556434849668,0.7372769147211968,3.6
2011-04-01,-0.0029644649865241475,0.9989112561029639,-1.5593113200393887,-0.41005566138672045,-0.33529200608108584,-0.311677184012442,-1.764418749849063,0.4489123700110443,-0.8806509282461117,0.03699820067050833,0.23772336410779052,0.16049313803346812,0.7699071321255051,0.3174524835349557,0.8961205734316428,0.34434995568421434,0.28567550174936346,0.3036732799825647,-0.06629807506329982,-0.012860274295164028,1.2739383571292557,4.0,0.9474012715571222,0.9474012715571222,0.9293772710121567,0.7820865662620162,0.6045853465832371,0.5448472393466712,0.41970797946177724,0.5744599931693581,0.4586790696940937,0.3366727119345954,0.2595891288031468,-0.8418809973297704,-0.036192771387118544,1.0336812439394154,0.6719108964483683,0.7000876575192284,0.7318761485988813,0.6708037460540516,0.41685997209583026,0.2928646492990036,0.636194061042141,0.2061060825316713,0.01426423765274878,-0.2661080688991796,-0.22840597268784393,-0.19438860608214117,0.38685440560157763,0.53096561465576,0.14156944663869017,0.2220208706737284,0.37322420262172656,-0.10241581921452822,0.046677867976916615,0.34559573716775366,-0.19041106817895578,-0.05417054609971837,-0.16221518237870922,0.2962434116929262,0.21148500074005863,0.10618817393531271,-0.20448572602882736,-0.17032969851968702,-1.3719588892453922,-1.198546392699584,-0.6235470620476934,-0.1945793074343784,0.4838360779647129,-0.5816690170036816,-1.2754428729065297,0.32389057337927935,0.3500493285505243,0.38079074569213184,0.4084829608504203,0.45549062197241186,0.3819283659647027,0.46532411605303065,-0.5722008373578423,-0.2655217897682132,-0.12914442982178254,-0.3310932378297322,0.8244883618484528,4.0
2011-05-01,0.020974201523429922,1.0279817384787158,-1.5288795376304058,-0.39559471558026205,-0.2885530082870499,-0.5334085405157509,-1.4814825712743234,0.3733964689325015,-0.9138822976029757,0.030515608085487526,0.23360271695329177,0.16435881083460396,0.6314374461865158,0.3200309621051564,0.8628644163039895,0.35343692811381094,0.24303306338932062,0.41698397951585275,1.7595503382277948,-0.0038661652985033444,0.9102901762856246,3.8,0.8961205734316428,0.9474012715571222,0.9474012715571222,0.9293772710121567,0.6441303081868934,0.6045853465832371,0.5448472393466712,0.41970797946177724,0.5744599931693581,0.4586790696940937,0.3366727119345954,-0.8584966820082024,-0.30495805199719006,1.2739383571292557,1.0336812439394154,0.6719108964483683,0.7000876575192284,0.7318761485988813,0.6708037460540516,0.41685997209583026,0.45768140841351884,0.3036732799825647,0.2061060825316713,-0.28691346575203525,-0.2661080688991796,-0.19191806754552693,0.4002504526398887,0.359090188972588,0.53096561465576,0.14156944663869017,0.2220208706737284,0.37322420262172656,-0.10241581921452822,0.046677867976916615,-0.16536322068825088,-0.02096685399356197,-0.14224628026682962,0.3174524835349557,0.23391842773080299,0.21148500074005863,-0.19388366766157544,-0.15756353867190748,-1.764418749849063,-1.3719588892453922,-0.6235470620476934,-0.6235470620476934,0.39991376903074427,0.4838360779647129,-0.5816690170036816,0.28567550174936346,0.32389057337927935,0.3500493285505243,0.38079074569213184,0.4084829608504203,0.4018383295062345,0.34948468084559836,-0.5510664668342949,-0.37132096139118126,-0.2655217897682132,-0.501570492848926,0.8826293265999563,4.0
2011-06-01,0.019355572827028034,0.9989112561029639,-1.4762672243730133,-0.375525354452871,-0.24964352385053412,-0.7081059729122975,-1.417593756757447,0.3310767840150101,-0.919420859162453,0.03220823377487258,0.23149321325552938,0.1547639684496028,0.6304674945743105,0.29093220882632,0.6045853465832371,0.41903864817729847,0.192378512585801,0.3776545572288839,-0.05596560117715785,-0.08826738656753308,0.7309806102670661,3.4,0.8628644163039895,0.8961205734316428,0.9474012715571222,0.9474012715571222,0.7820865662620162,0.6441303081868934,0.6045853465832371,0.5448472393466712,0.41970797946177724,0.5744599931693581,0.4586790696940937,-0.8751123666866344,-0.42590242827172237,0.9102901762856246,1.2739383571292557,1.0336812439394154,0.6719108964483683,0.7000876575192284,0.7318761485988813,0.6708037460540516,0.5496997432763295,0.41698397951585275,0.3036732799825647,-0.2647060154385907,-0.28691346575203525,-0.19515532493833193,0.4328664761816109,0.07499439285579793,0.359090188972588,0.53096561465576,0.14156944663869017,0.2220208706737284,0.37322420262172656,-0.10241581921452822,-0.1423022335222778,0.002230081424154614,-0.13401114544615308,0.3200309621051564,0.2962434116929262,0.23391842773080299,-0.19983640291585134,-0.11106480677532067,-1.4814825712743234,-1.764418749849063,-0.6600549560573374,-0.6235470620476934,0.09644035901282236,0.39991376903074427,0.4838360779647129,0.24303306338932062,0.28567550174936346,0.32389057337927935,0.3500493285505243,0.38079074569213184,0.4318872219991916,0.3212369931136694,-0.5271997611541429,-0.41005566138672045,-0.37132096139118126,-0.5779298516466691,0.9407702913514603,3.8
2011-07-01,0.03281574830237638,1.0279817384787158,-1.468222959738702,-0.3883909096039889,-0.23468937691026837,-0.7349825009733046,-1.4267207302598581,0.35970866732749024,-0.9138822976029757,0.05031963962243389,0.2592184021638026,0.17860564760982456,0.6937841171599427,0.3139616811966051,0.4586790696940937,0.542240110398921,0.11183677575047918,0.4305806694227598,-0.2642530593770493,0.01401311293521229,0.816430022302365,3.2,0.6045853465832371,0.8628644163039895,0.8961205734316428,0.9474012715571222,0.9293772710121567,0.7820865662620162,0.6441303081868934,0.6045853465832371,0.5448472393466712,0.41970797946177724,0.5744599931693581,-0.8751123666866344,-0.5871615966377652,0.7309806102670661,0.9102901762856246,1.2739383571292557,1.0336812439394154,0.6719108964483683,0.7000876575192284,0.7318761485988813,0.4055199426871927,0.3776545572288839,0.41698397951585275,-0.2344037623441312,-0.2647060154385907,-0.18859561916870035,0.47646025536136627,0.324999420902286,0.07499439285579793,0.359090188972588,0.53096561465576,0.14156944663869017,0.2220208706737284,0.37322420262172656,-0.09257584020793054,0.06685271842016074,-0.09477028715452257,0.29093220882632,0.3174524835349557,0.2962434116929262,-0.16724849764175417,-0.1270744886417898,-1.417593756757447,-1.4814825712743234,-0.523150353521173,-0.6600549560573374,-0.22763408401046187,0.09644035901282236,0.39991376903074427,0.192378512585801,0.24303306338932062,0.28567550174936346,0.32389057337927935,0.3500493285505243,0.48662737877653345,0.37557527894303894,-0.498666621095212,-0.39559471558026205,-0.41005566138672045,-0.5826105787292087,0.9407702913514603,3.4
2011-08-01,0.051472573803016786,1.1442636679817233,-1.5417785865352458,-0.43433383300967615,-0.2344436967430684,-1.0843773657663978,-1.408466783255036,0.40983736082350747,-0.9581907900787942,0.05229314290323077,0.24453122190870716,0.1768088758837122,0.5828034661306746,0.3120167579898993,0.501297710767729,0.6163068521475681,0.07491764362579378,0.5436645738309245,-0.807501752133767,0.022439756035456324,0.4352582915386462,2.9,0.4586790696940937,0.6045853465832371,0.8628644163039895,0.8961205734316428,0.9474012715571222,0.9293772710121567,0.7820865662620162,0.6441303081868934,0.6045853465832371,0.5448472393466712,0.41970797946177724,-0.8917280513650664,-0.7820164250800672,0.816430022302365,0.7309806102670661,0.9102901762856246,1.2739383571292557,1.0336812439394154,0.6719108964483683,0.7000876575192284,0.5102518342785578,0.4305806694227598,0.3776545572288839,-0.1837022397821022,-0.2344037623441312,-0.178031937150073,0.5152761168400174,0.2609856455953781,0.324999420902286,0.07499439285579793,0.359090188972588,0.53096561465576,0.14156944663869017,0.2220208706737284,-0.06664894835187776,0.09066897526505904,-0.08979242496083335,0.3139616811966051,0.3200309621051564,0.3174524835349557,-0.1593517287300743,-0.11208057086355565,-1.4267207302598581,-1.417593756757447,-0.21283325443920026,-0.523150353521173,-0.3569682182124516,-0.22763408401046187,0.09644035901282236,0.11183677575047918,0.192378512585801,0.24303306338932062,0.28567550174936346,0.32389057337927935,0.5256959260479804,0.5732514726578826,-0.4661037417561593,-0.375525354452871,-0.39559471558026205,-0.5963846178223458,0.9407702913514603,3.2
2011-09-01,0.06263259270979288,1.2314751151089791,-1.721631408464489,-0.5023870756545542,-0.23540143411251693,-1.1650069499494191,-1.7187838823370085,0.4056760789590274,-0.9637293516382714,0.062387420628000165,0.28220368556769393,0.2153429922681274,0.5040585507133671,0.3557345116723389,0.3757931145253799,0.6485139668487513,0.04522067308182722,0.623250045223885,0.5564173710006209,-0.06302308405089276,0.6348915480696327,3.6,0.501297710767729,0.4586790696940937,0.6045853465832371,0.8628644163039895,0.9474012715571222,0.9474012715571222,0.9293772710121567,0.7820865662620162,0.6441303081868934,0.6045853465832371,0.5448472393466712,-0.8806509282461117,-0.822331217171578,0.4352582915386462,0.816430022302365,0.7309806102670661,0.9102901762856246,1.2739383571292557,1.0336812439394154,0.6719108964483683,0.2928646492990036,0.5436645738309245,0.4305806694227598,-0.14408660258092346,-0.1837022397821022,-0.1703647485881655,0.5255927026073466,0.6021085343123945,0.2609856455953781,0.324999420902286,0.07499439285579793,0.359090188972588,0.53096561465576,0.14156944663869017,-0.08653890420178374,0.03523179735996052,-0.09709656151646172,0.3120167579898993,0.29093220882632,0.3200309621051564,-0.13422334798216928,-0.014304291586083456,-1.408466783255036,-1.4267207302598581,-1.6092602003080774,-0.21283325443920026,-0.32202972513933104,-0.3569682182124516,-0.22763408401046187,0.07491764362579378,0.11183677575047918,0.192378512585801,0.24303306338932062,0.28567550174936346,0.5607994805128678,0.6759780275382224,-0.43460267605878145,-0.3883909096039889,-0.375525354452871,-0.790980553999503,0.9116998089757086,2.9
2011-10-01,0.06280297467783487,1.2896160798604828,-1.9279503314654474,-0.5768235349597656,-0.22653774521259426,-1.0575008377053905,-1.8556884848731727,0.301818651840482,-0.9581907900787942,0.08039577756364769,0.2989641027206997,0.28643244163297044,0.7392081635991367,0.5879164288119504,0.29338123212119316,0.6318284731477035,-0.034765308209389945,0.6038165915775222,0.824288623096042,0.0391899925345198,0.5606678078499938,4.2,0.3757931145253799,0.501297710767729,0.4586790696940937,0.6045853465832371,0.8961205734316428,0.9474012715571222,0.9474012715571222,0.9293772710121567,0.7820865662620162,0.6441303081868934,0.6045853465832371,-0.8584966820082024,-0.9768712535223691,0.6348915480696327,0.4352582915386462,0.816430022302365,0.7309806102670661,0.9102901762856246,1.2739383571292557,1.0336812439394154,0.41685997209583026,0.623250045223885,0.5436645738309245,-0.1318877243739501,-0.14408660258092346,-0.14574455420604107,0.4965063366278396,0.7699071321255051,0.6021085343123945,0.2609856455953781,0.324999420902286,0.07499439285579793,0.359090188972588,0.53096561465576,-0.0661111484721,0.06265257001715689,-0.07822192688925933,0.3557345116723389,0.3139616811966051,0.29093220882632,-0.10966754406361387,-0.08951223690975538,-1.7187838823370085,-1.408466783255036,-1.819180590863529,-1.6092602003080774,-0.06629807506329982,-0.32202972513933104,-0.3569682182124516,0.04522067308182722,0.07491764362579378,0.11183677575047918,0.192378512585801,0.24303306338932062,0.5166666228069708,0.7077023355280709,-0.40890994792285623,-0.43433383300967615,-0.3883909096039889,-1.2755557653744538,0.8535588442242045,3.6
2011-11-01,0.07907445262588263,1.4349684917392422,-2.1131989262224957,-0.6414039313225828,-0.20730568770937996,-1.1582878179341674,-2.1203707164430905,0.14251199117866617,-0.9581907900787942,0.09364435569101505,0.302061480781255,0.30282643492418604,0.5575301644350954,0.6452771912698424,0.21690442598171078,0.5721509863242749,-0.08810868537601774,0.699111765518748,1.3147649704705222,0.05034226069113457,1.0312061144458016,3.9,0.29338123212119316,0.3757931145253799,0.501297710767729,0.4586790696940937,0.8628644163039895,0.8961205734316428,0.9474012715571222,0.9474012715571222,0.9293772710121567,0.7820865662620162,0.6441303081868934,-0.8695738051271571,-0.8626460092630885,0.5606678078499938,0.6348915480696327,0.4352582915386462,0.816430022302365,0.7309806102670661,0.9102901762856246,1.2739383571292557,0.6708037460540516,0.6038165915775222,0.623250045223885,-0.11086185177523859,-0.1318877243739501,-0.13032498609820564,0.4532375648748138,0.6314374461865158,0.7699071321255051,0.6021085343123945,0.2609856455953781,0.324999420902286,0.07499439285579793,0.359090188972588,-0.03582246693935355,0.08175460076019546,-0.06312836306725798,0.5879164288119504,0.3120167579898993,0.3139616811966051,-0.040376938322197034,-0.08051809161065838,-1.8556884848731727,-1.7187838823370085,-1.4814825712743234,-1.819180590863529,1.7595503382277948,-0.06629807506329982,-0.32202972513933104,-0.034765308209389945,0.04522067308182722,0.07491764362579378,0.11183677575047918,0.192378512585801,0.45549062197241186,0.7035897179259549,-0.39031929207528865,-0.5023870756545542,-0.43433383300967615,-1.5854575322250664,0.9116998089757086,4.2
2011-12-01,0.08367476576302714,1.5803209036180015,-2.1954856379086816,-0.6696284885528838,-0.1817703305115993,-1.1717260819646709,-2.239021371974433,0.011763914067737203,-0.9526522285193167,0.10434808899576081,0.29906988644035626,0.30536701838757235,0.31559392136266096,0.6556580582509648,-0.037988351230282213,0.5157047936930386,-0.19046993811708307,0.6023253199523821,-0.34520099773701896,-0.13791237241541565,1.4033709441863147,3.6,0.21690442598171078,0.29338123212119316,0.3757931145253799,0.501297710767729,0.6045853465832371,0.8628644163039895,0.8961205734316428,0.9474012715571222,0.9474012715571222,0.9293772710121567,0.7820865662620162,-0.8584966820082024,-0.4729363523784849,1.0312061144458016,0.5606678078499938,0.6348915480696327,0.4352582915386462,0.816430022302365,0.7309806102670661,0.9102901762856246,0.7318761485988813,0.699111765518748,0.6038165915775222,-0.06112899726589985,-0.11086185177523859,-0.11277564338983996,0.43426085552635757,0.6304674945743105,0.6314374461865158,0.7699071321255051,0.6021085343123945,0.2609856455953781,0.324999420902286,0.07499439285579793,-0.0009612014389816089,0.07204604648568215,-0.05858334308707993,0.6452771912698424,0.3557345116723389,0.3120167579898993,0.10618817393531271,0.0351955317049407,-2.1203707164430905,-1.8556884848731727,-1.627514147312899,-1.4814825712743234,-0.05596560117715785,1.7595503382277948,-0.06629807506329982,-0.08810868537601774,-0.034765308209389945,0.04522067308182722,0.07491764362579378,0.11183677575047918,0.4084829608504203,0.6759780275382224,-0.3826872037299355,-0.5768235349597656,-0.5023870756545542,-1.622649319475865,0.9116998089757086,3.9
2012-01-01,0.11093588064980901,1.522179938866498,-2.1434566514434827,-0.6517968676607823,-0.1522488713973204,-1.20532174204093,-2.1203707164430905,-0.0411380315831393,-0.9526522285193167,0.1836311983307947,0.3972704881258746,0.39679443132225045,0.29356389537039634,0.7422465718105075,0.0760316231203884,0.45248679411831844,-0.2283533652594049,0.7439810861524917,0.6436340367383293,0.06963769870515082,1.398031093846895,3.5,-0.037988351230282213,0.21690442598171078,0.29338123212119316,0.3757931145253799,0.4586790696940937,0.6045853465832371,0.8628644163039895,0.8961205734316428,0.9474012715571222,0.9474012715571222,0.9293772710121567,-0.8751123666866344,-0.4326215602869741,1.4033709441863147,1.0312061144458016,0.5606678078499938,0.6348915480696327,0.4352582915386462,0.816430022302365,0.7309806102670661,0.7000876575192284,0.6023253199523821,0.699111765518748,0.01426423765274878,-0.06112899726589985,-0.08943331376803344,0.4609908032722244,0.6937841171599427,0.6304674945743105,0.6314374461865158,0.7699071321255051,0.6021085343123945,0.2609856455953781,0.324999420902286,0.0870376368939304,0.19103372193086154,0.0023658000443996905,0.6556580582509648,0.5879164288119504,0.3557345116723389,0.21148500074005863,-0.06341287434003605,-2.239021371974433,-2.1203707164430905,-1.198546392699584,-1.627514147312899,-0.2642530593770493,-0.05596560117715785,1.7595503382277948,-0.19046993811708307,-0.08810868537601774,-0.034765308209389945,0.04522067308182722,0.07491764362579378,0.38079074569213184,0.6078475479340809,-0.38527058906283995,-0.6414039313225828,-0.5768235349597656,-1.5599746190530916,0.9116998089757086,3.6
2012-02-01,0.12882598729425868,1.6675323507452575,-2.015044784938926,-0.6210382086550985,-0.12786769592407732,-1.2120408740561817,-1.9195772993900497,-0.0269924543505247,-0.9304979822814077,0.22313425920982394,0.42497275207208857,0.4247905022908239,0.23620641300226458,0.7596025340920364,-0.037988351230282213,0.3219773508114823,-0.28968005327786156,0.8696093449846554,0.3883322582394471,0.07751627267020965,1.3971784398292841,3.6,0.0760316231203884,-0.037988351230282213,0.21690442598171078,0.29338123212119316,0.501297710767729,0.4586790696940937,0.6045853465832371,0.8628644163039895,0.8961205734316428,0.9474012715571222,0.9474012715571222,-0.8806509282461117,-0.251204995875176,1.398031093846895,1.4033709441863147,1.0312061144458016,0.5606678078499938,0.6348915480696327,0.4352582915386462,0.816430022302365,0.6719108964483683,0.7439810861524917,0.6023253199523821,0.2061060825316713,0.01426423765274878,-0.06770961284263004,0.499958358039421,0.5828034661306746,0.6937841171599427,0.6304674945743105,0.6314374461865158,0.7699071321255051,0.6021085343123945,0.2609856455953781,0.09520836446825197,0.17449210248366495,-0.009556814900835188,0.7422465718105075,0.6452771912698424,0.5879164288119504,0.23391842773080299,-0.03792011921756891,-2.1203707164430905,-2.239021371974433,-1.3719588892453922,-1.198546392699584,-0.807501752133767,-0.2642530593770493,-0.05596560117715785,-0.2283533652594049,-0.19046993811708307,-0.08810868537601774,-0.034765308209389945,0.04522067308182722,0.3500493285505243,0.48183349172081813,-0.38631553991380496,-0.6696284885528838,-0.6414039313225828,-1.4594071983792245,0.9116998089757086,3.5
2012-03-01,0.1441603644180737,1.783814280248265,-1.8884393497908374,-0.6217743203021224,-0.11808045726072887,-1.0843773657663978,-1.7917996703562964,0.015947052101981125,-0.9138822976029757,0.2288492308734528,0.3777016698061424,0.41625752269209704,0.32442351213253595,0.8083560120669663,-0.08873448029941505,0.11418529432142852,-0.34964555718605983,0.9481653538355618,-0.22284568940025096,-0.19043469233340352,1.6440054712626193,3.1,-0.037988351230282213,0.0760316231203884,-0.037988351230282213,0.21690442598171078,0.3757931145253799,0.501297710767729,0.4586790696940937,0.6045853465832371,0.8628644163039895,0.8961205734316428,0.9474012715571222,-0.9138822976029757,-0.3519919761039528,1.3971784398292841,1.398031093846895,1.4033709441863147,1.0312061144458016,0.5606678078499938,0.6348915480696327,0.4352582915386462,1.0336812439394154,0.8696093449846554,0.7439810861524917,0.3036732799825647,0.2061060825316713,-0.03627413973881043,0.504677012436127,0.5040585507133671,0.5828034661306746,0.6937841171599427,0.6304674945743105,0.6314374461865158,0.7699071321255051,0.6021085343123945,0.1323565488224667,0.2032863736347815,0.007201386707006628,0.7596025340920364,0.6556580582509648,0.6452771912698424,0.2962434116929262,-0.011044497647838505,-1.9195772993900497,-2.1203707164430905,-1.764418749849063,-1.3719588892453922,0.5564173710006209,-0.807501752133767,-0.2642530593770493,-0.28968005327786156,-0.2283533652594049,-0.19046993811708307,-0.08810868537601774,-0.034765308209389945,0.32389057337927935,0.3896280669540143,-0.373286484430914,-0.6517968676607823,-0.6696284885528838,-1.4837187537184795,0.9989112561029639,3.6
2012-04-01,0.154724046436701,1.9291666921270245,-1.7856185941696983,-0.6825133511990685,-0.126684546069323,-1.1717260819646709,-1.8374345378683512,0.06602302826398007,-0.919420859162453,0.24001054364508206,0.37072026336465336,0.427066679872556,0.27069728611260424,0.8415805359826035,-0.037988351230282213,-0.16467432016837402,-0.4867807241252552,0.9874918731684015,1.0436450970081392,0.09515749026057904,1.5176354237615264,3.0,-0.08873448029941505,-0.037988351230282213,0.0760316231203884,-0.037988351230282213,0.29338123212119316,0.3757931145253799,0.501297710767729,0.4586790696940937,0.6045853465832371,0.8628644163039895,0.8961205734316428,-0.919420859162453,-0.311677184012442,1.6440054712626193,1.3971784398292841,1.398031093846895,1.4033709441863147,1.0312061144458016,0.5606678078499938,0.6348915480696327,1.2739383571292557,0.9481653538355618,0.8696093449846554,0.41698397951585275,0.3036732799825647,-0.0029644649865241475,0.4489123700110443,0.7392081635991367,0.5040585507133671,0.5828034661306746,0.6937841171599427,0.6304674945743105,0.6314374461865158,0.7699071321255051,0.16049313803346812,0.23772336410779052,0.03699820067050833,0.8083560120669663,0.7422465718105075,0.6556580582509648,0.3174524835349557,-0.012860274295164028,-1.7917996703562964,-1.9195772993900497,-1.4814825712743234,-1.764418749849063,0.824288623096042,0.5564173710006209,-0.807501752133767,-0.34964555718605983,-0.28968005327786156,-0.2283533652594049,-0.19046993811708307,-0.08810868537601774,0.28567550174936346,0.34434995568421434,-0.33529200608108584,-0.6210382086550985,-0.6517968676607823,-1.5593113200393887,0.9989112561029639,3.1
2012-05-01,0.1456938021304552,1.9000962097512721,-1.6685251491330568,-0.7701054076998194,-0.14475027171231217,-1.2590747981629442,-1.63664112081531,0.11225578479391353,-0.9138822976029757,0.2506021757712508,0.35940102423104214,0.40620167470504287,0.09471169047270347,0.7885161193946428,-0.17454077098017204,-0.4412802385597324,-0.6375102463939067,0.7924501033916433,1.169046417254747,0.10740201392139807,1.4122338922864404,2.7,-0.037988351230282213,-0.08873448029941505,-0.037988351230282213,0.0760316231203884,0.21690442598171078,0.29338123212119316,0.3757931145253799,0.501297710767729,0.4586790696940937,0.6045853465832371,0.8628644163039895,-0.9138822976029757,-0.5334085405157509,1.5176354237615264,1.6440054712626193,1.3971784398292841,1.398031093846895,1.4033709441863147,1.0312061144458016,0.5606678078499938,0.9102901762856246,0.9874918731684015,0.9481653538355618,0.3776545572288839,0.41698397951585275,0.020974201523429922,0.3733964689325015,0.5575301644350954,0.7392081635991367,0.5040585507133671,0.5828034661306746,0.6937841171599427,0.6304674945743105,0.6314374461865158,0.16435881083460396,0.23360271695329177,0.030515608085487526,0.8415805359826035,0.7596025340920364,0.7422465718105075,0.3200309621051564,-0.0038661652985033444,-1.8374345378683512,-1.7917996703562964,-1.417593756757447,-1.4814825712743234,1.3147649704705222,0.824288623096042,0.5564173710006209,-0.4867807241252552,-0.34964555718605983,-0.28968005327786156,-0.2283533652594049,-0.19046993811708307,0.24303306338932062,0.35343692811381094,-0.2885530082870499,-0.6217743203021224,-0.6210382086550985,-1.5288795376304058,1.0279817384787158,3.0
2012-06-01,0.14160463489743785,1.9291666921270245,-1.5884823638974979,-0.8442859836572492,-0.16050120309756324,-1.2926704582392032,-1.5453713857912004,0.1560821762491466,-0.9138822976029757,0.2566042623574484,0.35539612065847986,0.4014301985863471,0.03846662135982208,0.7419493202578404,0.0379883512302825,-0.4987547382753078,-0.7501625512071476,0.6303527324525723,1.4094085980364432,-0.24366650873984258,0.7035435221360594,2.7,-0.17454077098017204,-0.037988351230282213,-0.08873448029941505,-0.037988351230282213,-0.037988351230282213,0.21690442598171078,0.29338123212119316,0.3757931145253799,0.501297710767729,0.4586790696940937,0.6045853465832371,-0.9581907900787942,-0.7081059729122975,1.4122338922864404,1.5176354237615264,1.6440054712626193,1.3971784398292841,1.398031093846895,1.4033709441863147,1.0312061144458016,0.7309806102670661,0.7924501033916433,0.9874918731684015,0.4305806694227598,0.3776545572288839,0.019355572827028034,0.3310767840150101,0.31559392136266096,0.5575301644350954,0.7392081635991367,0.5040585507133671,0.5828034661306746,0.6937841171599427,0.6304674945743105,0.1547639684496028,0.23149321325552938,0.03220823377487258,0.7885161193946428,0.8083560120669663,0.7596025340920364,0.29093220882632,-0.08826738656753308,-1.63664112081531,-1.8374345378683512,-1.4267207302598581,-1.417593756757447,-0.34520099773701896,1.3147649704705222,0.824288623096042,-0.6375102463939067,-0.4867807241252552,-0.34964555718605983,-0.28968005327786156,-0.2283533652594049,0.192378512585801,0.41903864817729847,-0.24964352385053412,-0.6825133511990685,-0.6217743203021224,-1.4762672243730133,0.9989112561029639,2.7
2012-07-01,0.14450112835415768,1.9582371745027758,-1.598394215116498,-0.8669988890282319,-0.16399681254800164,-1.353142646376469,-1.572752306298433,0.18743842799808105,-0.9138822976029757,0.27026579408270107,0.3736968896107393,0.43496128423704444,-0.06697318108470937,0.7683955677720649,0.19105200614617424,-0.43970215719806405,-0.9104973300977829,0.5763173882676078,1.0318869466688358,0.1222794993175575,0.9565072625579961,2.8,0.0379883512302825,-0.17454077098017204,-0.037988351230282213,-0.08873448029941505,0.0760316231203884,-0.037988351230282213,0.21690442598171078,0.29338123212119316,0.3757931145253799,0.501297710767729,0.4586790696940937,-0.9637293516382714,-0.7349825009733046,0.7035435221360594,1.4122338922864404,1.5176354237615264,1.6440054712626193,1.3971784398292841,1.398031093846895,1.4033709441863147,0.816430022302365,0.6303527324525723,0.7924501033916433,0.5436645738309245,0.4305806694227598,0.03281574830237638,0.35970866732749024,0.29356389537039634,0.31559392136266096,0.5575301644350954,0.7392081635991367,0.5040585507133671,0.5828034661306746,0.6937841171599427,0.17860564760982456,0.2592184021638026,0.05031963962243389,0.7419493202578404,0.8415805359826035,0.8083560120669663,0.3139616811966051,0.01401311293521229,-1.5453713857912004,-1.63664112081531,-1.408466783255036,-1.4267207302598581,0.6436340367383293,-0.34520099773701896,1.3147649704705222,-0.7501625512071476,-0.6375102463939067,-0.4867807241252552,-0.34964555718605983,-0.28968005327786156,0.11183677575047918,0.542240110398921,-0.23468937691026837,-0.7701054076998194,-0.6825133511990685,-1.468222959738702,1.0279817384787158,2.7
2012-08-01,0.17150667028887595,2.1326600687572874,-1.7396204540560734,-0.8516548349674138,-0.1611858337139098,-1.2926704582392032,-1.4632286242695018,0.17653797693293619,-0.919420859162453,0.2778902075971385,0.38520802301881124,0.4639786829149821,-0.2340352218922986,0.8905725361360034,0.6045853465832371,-0.13923009981409168,-1.0043841251340688,0.9084996011311416,-0.34868729305009505,0.1279347949886818,1.3201624198669881,3.1,0.19105200614617424,0.0379883512302825,-0.17454077098017204,-0.037988351230282213,-0.037988351230282213,0.0760316231203884,-0.037988351230282213,0.21690442598171078,0.29338123212119316,0.3757931145253799,0.501297710767729,-0.9581907900787942,-1.0843773657663978,0.9565072625579961,0.7035435221360594,1.4122338922864404,1.5176354237615264,1.6440054712626193,1.3971784398292841,1.398031093846895,0.4352582915386462,0.5763173882676078,0.6303527324525723,0.623250045223885,0.5436645738309245,0.051472573803016786,0.40983736082350747,0.23620641300226458,0.29356389537039634,0.31559392136266096,0.5575301644350954,0.7392081635991367,0.5040585507133671,0.5828034661306746,0.1768088758837122,0.24453122190870716,0.05229314290323077,0.7683955677720649,0.7885161193946428,0.8415805359826035,0.3120167579898993,0.022439756035456324,-1.572752306298433,-1.5453713857912004,-1.7187838823370085,-1.408466783255036,0.3883322582394471,0.6436340367383293,-0.34520099773701896,-0.9104973300977829,-0.7501625512071476,-0.6375102463939067,-0.4867807241252552,-0.34964555718605983,0.07491764362579378,0.6163068521475681,-0.2344436967430684,-0.8442859836572492,-0.7701054076998194,-1.5417785865352458,1.1442636679817233,2.8
2012-09-01,0.1960416736869788,2.1326600687572874,-2.060040920159501,-0.8211326246439157,-0.16158228581695078,-1.3195469863002103,-2.0382279549213917,0.08287726064987994,-0.919420859162453,0.2969712648586153,0.3651027654760591,0.47330758279961427,-0.06499387357604905,0.9573197752631529,0.6665642591979043,0.07653680792809546,-1.195078143024,1.1951484161231947,-0.09688305204878377,-0.12175036959539738,1.1763312986386765,2.9,0.6045853465832371,0.19105200614617424,0.0379883512302825,-0.17454077098017204,-0.08873448029941505,-0.037988351230282213,0.0760316231203884,-0.037988351230282213,0.21690442598171078,0.29338123212119316,0.3757931145253799,-0.9581907900787942,-1.1650069499494191,1.3201624198669881,0.9565072625579961,0.7035435221360594,1.4122338922864404,1.5176354237615264,1.6440054712626193,1.3971784398292841,0.6348915480696327,0.9084996011311416,0.5763173882676078,0.6038165915775222,0.623250045223885,0.06263259270979288,0.4056760789590274,0.32442351213253595,0.23620641300226458,0.29356389537039634,0.31559392136266096,0.5575301644350954,0.7392081635991367,0.5040585507133671,0.2153429922681274,0.28220368556769393,0.062387420628000165,0.8905725361360034,0.7419493202578404,0.7885161193946428,0.3557345116723389,-0.06302308405089276,-1.4632286242695018,-1.572752306298433,-1.8556884848731727,-1.7187838823370085,-0.22284568940025096,0.3883322582394471,0.6436340367383293,-1.0043841251340688,-0.9104973300977829,-0.7501625512071476,-0.6375102463939067,-0.4867807241252552,0.04522067308182722,0.6485139668487513,-0.23540143411251693,-0.8669988890282319,-0.8442859836572492,-1.721631408464489,1.2314751151089791,3.1
2012-10-01,0.21998034019693408,2.2489419982602947,-2.3610375449324823,-0.7968597965055861,-0.17044879902066715,-1.2926704582392032,-2.531084524051584,-0.10359754507446332,-0.919420859162453,0.292485639186645,0.3718893391890985,0.4759710905662653,-0.032497463468310964,0.9278516129873409,0.7312172511297167,0.22356045868861316,-1.46381966676734,1.250023375142562,0.9496953636183053,0.1390795532008068,0.8343101987857923,2.1,0.6665642591979043,0.6045853465832371,0.19105200614617424,0.0379883512302825,-0.037988351230282213,-0.08873448029941505,-0.037988351230282213,0.0760316231203884,-0.037988351230282213,0.21690442598171078,0.29338123212119316,-0.9526522285193167,-1.0575008377053905,1.1763312986386765,1.3201624198669881,0.9565072625579961,0.7035435221360594,1.4122338922864404,1.5176354237615264,1.6440054712626193,0.5606678078499938,1.1951484161231947,0.9084996011311416,0.699111765518748,0.6038165915775222,0.06280297467783487,0.301818651840482,0.27069728611260424,0.32442351213253595,0.23620641300226458,0.29356389537039634,0.31559392136266096,0.5575301644350954,0.7392081635991367,0.28643244163297044,0.2989641027206997,0.08039577756364769,0.9573197752631529,0.7683955677720649,0.7419493202578404,0.5879164288119504,0.0391899925345198,-2.0382279549213917,-1.4632286242695018,-2.1203707164430905,-1.8556884848731727,1.0436450970081392,-0.22284568940025096,0.3883322582394471,-1.195078143024,-1.0043841251340688,-0.9104973300977829,-0.7501625512071476,-0.6375102463939067,-0.034765308209389945,0.6318284731477035,-0.22653774521259426,-0.8516548349674138,-0.8669988890282319,-1.9279503314654474,1.2896160798604828,2.9
2012-11-01,0.2144429262355556,2.3361534453875503,-2.4638394835603257,-0.7829750930399548,-0.1774449217723112,-1.3195469863002103,-2.4580687360322964,-0.32740388512983487,-0.919420859162453,0.31827163953813553,0.39302924893538993,0.4737183765073481,-0.166278039582028,0.872735308883751,0.6045853465832371,0.16954153977967387,-1.6466055714729024,1.0780510553883944,1.1306094013249859,0.14566512352506744,0.7481987264548897,1.9,0.7312172511297167,0.6665642591979043,0.6045853465832371,0.19105200614617424,-0.17454077098017204,-0.037988351230282213,-0.08873448029941505,-0.037988351230282213,0.0760316231203884,-0.037988351230282213,0.21690442598171078,-0.9526522285193167,-1.1582878179341674,0.8343101987857923,1.1763312986386765,1.3201624198669881,0.9565072625579961,0.7035435221360594,1.4122338922864404,1.5176354237615264,1.0312061144458016,1.250023375142562,1.1951484161231947,0.6023253199523821,0.699111765518748,0.07907445262588263,0.14251199117866617,0.09471169047270347,0.27069728611260424,0.32442351213253595,0.23620641300226458,0.29356389537039634,0.31559392136266096,0.5575301644350954,0.30282643492418604,0.302061480781255,0.09364435569101505,0.9278516129873409,0.8905725361360034,0.7683955677720649,0.6452771912698424,0.05034226069113457,-2.531084524051584,-2.0382279549213917,-2.239021371974433,-2.1203707164430905,1.169046417254747,1.0436450970081392,-0.22284568940025096,-1.46381966676734,-1.195078143024,-1.0043841251340688,-0.9104973300977829,-0.7501625512071476,-0.08810868537601774,0.5721509863242749,-0.20730568770937996,-0.8211326246439157,-0.8516548349674138,-2.1131989262224957,1.4349684917392422,2.1
2012-12-01,0.2131650614752377,2.48150585726631,-2.4114906082090823,-0.7823003831713636,-0.16759874616832462,-1.299389590254455,-2.321164133496132,-0.4881210810243938,-0.9304979822814077,0.34907421518776327,0.4279896128194656,0.4927047926413216,-0.011558633039781527,0.8778943576273905,0.3757931145253799,0.030221915334205818,-2.141480123122483,0.9305259707018076,0.3903866806102398,0.044538863593498165,0.7681553016991554,1.9,0.6045853465832371,0.7312172511297167,0.6665642591979043,0.6045853465832371,0.0379883512302825,-0.17454077098017204,-0.037988351230282213,-0.08873448029941505,-0.037988351230282213,0.0760316231203884,-0.037988351230282213,-0.9304979822814077,-1.1717260819646709,0.7481987264548897,0.8343101987857923,1.1763312986386765,1.3201624198669881,0.9565072625579961,0.7035435221360594,1.4122338922864404,1.4033709441863147,1.0780510553883944,1.250023375142562,0.7439810861524917,0.6023253199523821,0.08367476576302714,0.011763914067737203,0.03846662135982208,0.09471169047270347,0.27069728611260424,0.32442351213253595,0.23620641300226458,0.29356389537039634,0.31559392136266096,0.30536701838757235,0.29906988644035626,0.10434808899576081,0.872735308883751,0.9573197752631529,0.8905725361360034,0.6556580582509648,-0.13791237241541565,-2.4580687360322964,-2.531084524051584,-2.1203707164430905,-2.239021371974433,1.4094085980364432,1.169046417254747,1.0436450970081392,-1.6466055714729024,-1.46381966676734,-1.195078143024,-1.0043841251340688,-0.9104973300977829,-0.19046993811708307,0.5157047936930386,-0.1817703305115993,-0.7968597965055861,-0.8211326246439157,-2.1954856379086816,1.5803209036180015,1.9
2013-01-01,0.22858462958307432,2.510576339642062,-2.2914852334597917,-0.7929819911325944,-0.1300411265627939,-1.2254791380866852,-2.321164133496132,-0.5325401770380398,-0.936036543840885,0.31278731047334746,0.3688577000511923,0.4511036365015067,-0.0878786694265715,0.8515038282478471,0.11418529432142852,-0.04251098416572264,-2.0318515569876876,0.9687986364411855,0.0035458200865818553,0.15890369726384743,0.8706023641836775,0.2,0.3757931145253799,0.6045853465832371,0.7312172511297167,0.6665642591979043,0.19105200614617424,0.0379883512302825,-0.17454077098017204,-0.037988351230282213,-0.08873448029941505,-0.037988351230282213,0.0760316231203884,-0.9138822976029757,-1.20532174204093,0.7681553016991554,0.7481987264548897,0.8343101987857923,1.1763312986386765,1.3201624198669881,0.9565072625579961,0.7035435221360594,1.398031093846895,0.9305259707018076,1.0780510553883944,0.8696093449846554,0.7439810861524917,0.11093588064980901,-0.0411380315831393,-0.06697318108470937,0.03846662135982208,0.09471169047270347,0.27069728611260424,0.32442351213253595,0.23620641300226458,0.29356389537039634,0.39679443132225045,0.3972704881258746,0.1836311983307947,0.8778943576273905,0.9278516129873409,0.9573197752631529,0.7422465718105075,0.06963769870515082,-2.321164133496132,-2.4580687360322964,-1.9195772993900497,-2.1203707164430905,1.0318869466688358,1.4094085980364432,1.169046417254747,-2.141480123122483,-1.6466055714729024,-1.46381966676734,-1.195078143024,-1.0043841251340688,-0.2283533652594049,0.45248679411831844,-0.1522488713973204,-0.7829750930399548,-0.7968597965055861,-2.1434566514434827,1.522179938866498,1.9
2013-02-01,0.2574643731662581,2.48150585726631,-2.148452563163741,-0.7982324702766554,-0.07393555097963113,-1.1986026100256781,-1.9013233523852275,-0.4910911201870789,-0.9304979822814077,0.3185221865278756,0.3644701360950627,0.4587904357849174,-0.15576922008351993,0.8894688030908762,0.11418529432142852,-0.10651582793223893,-1.8373454727825242,1.254723342285021,-0.03830821951945058,0.16566012388257415,1.0712511633279256,0.0,0.11418529432142852,0.3757931145253799,0.6045853465832371,0.7312172511297167,0.6045853465832371,0.19105200614617424,0.0379883512302825,-0.17454077098017204,-0.037988351230282213,-0.08873448029941505,-0.037988351230282213,-0.919420859162453,-1.2120408740561817,0.8706023641836775,0.7681553016991554,0.7481987264548897,0.8343101987857923,1.1763312986386765,1.3201624198669881,0.9565072625579961,1.3971784398292841,0.9687986364411855,0.9305259707018076,0.9481653538355618,0.8696093449846554,0.12882598729425868,-0.0269924543505247,-0.2340352218922986,-0.06697318108470937,0.03846662135982208,0.09471169047270347,0.27069728611260424,0.32442351213253595,0.23620641300226458,0.4247905022908239,0.42497275207208857,0.22313425920982394,0.8515038282478471,0.872735308883751,0.9278516129873409,0.7596025340920364,0.07751627267020965,-2.321164133496132,-2.321164133496132,-1.7917996703562964,-1.9195772993900497,-0.34868729305009505,1.0318869466688358,1.4094085980364432,-2.0318515569876876,-2.141480123122483,-1.6466055714729024,-1.46381966676734,-1.195078143024,-0.28968005327786156,0.3219773508114823,-0.12786769592407732,-0.7823003831713636,-0.7829750930399548,-2.015044784938926,1.6675323507452575,0.2
2013-03-01,0.24673030917958758,2.48150585726631,-2.1041385439501643,-0.780957313165546,-0.019090883042032675,-1.2187600060714336,-2.1386246634479127,-0.4323459072344761,-0.936036543840885,0.3526997509888214,0.413075474539371,0.4818709767139293,-0.08369575309892562,0.8196501444032784,-0.11418529432142824,-0.1848647761391098,-1.733460815687448,0.9883443397630136,-0.6055633826570104,0.08568080319070391,1.0825100654411342,0.5,0.11418529432142852,0.11418529432142852,0.3757931145253799,0.6045853465832371,0.6665642591979043,0.6045853465832371,0.19105200614617424,0.0379883512302825,-0.17454077098017204,-0.037988351230282213,-0.08873448029941505,-0.9138822976029757,-1.0843773657663978,1.0712511633279256,0.8706023641836775,0.7681553016991554,0.7481987264548897,0.8343101987857923,1.1763312986386765,1.3201624198669881,1.6440054712626193,1.254723342285021,0.9687986364411855,0.9874918731684015,0.9481653538355618,0.1441603644180737,0.015947052101981125,-0.06499387357604905,-0.2340352218922986,-0.06697318108470937,0.03846662135982208,0.09471169047270347,0.27069728611260424,0.32442351213253595,0.41625752269209704,0.3777016698061424,0.2288492308734528,0.8894688030908762,0.8778943576273905,0.872735308883751,0.8083560120669663,-0.19043469233340352,-1.9013233523852275,-2.321164133496132,-1.8374345378683512,-1.7917996703562964,-0.09688305204878377,-0.34868729305009505,1.0318869466688358,-1.8373454727825242,-2.0318515569876876,-2.141480123122483,-1.6466055714729024,-1.46381966676734,-0.34964555718605983,0.11418529432142852,-0.11808045726072887,-0.7929819911325944,-0.7823003831713636,-1.8884393497908374,1.783814280248265,0.0
2013-04-01,0.2384667837295325,2.4524353748905585,-2.0720273448894586,-0.72568367364162,0.03544805130685907,-1.2926704582392032,-1.9560851933996934,-0.3879375849521269,-0.9526522285193167,0.3296264161106603,0.4069128512558177,0.46668252856851666,-0.03068486639299573,0.7444747506215499,-0.322613522001494,-0.15366082112256382,-1.6212816228208649,0.7897390819519732,0.682002246173889,0.17830431837433466,0.9099625811345627,0.2,-0.11418529432142824,0.11418529432142852,0.11418529432142852,0.3757931145253799,0.7312172511297167,0.6665642591979043,0.6045853465832371,0.19105200614617424,0.0379883512302825,-0.17454077098017204,-0.037988351230282213,-0.9138822976029757,-1.1717260819646709,1.0825100654411342,1.0712511633279256,0.8706023641836775,0.7681553016991554,0.7481987264548897,0.8343101987857923,1.1763312986386765,1.5176354237615264,0.9883443397630136,1.254723342285021,0.7924501033916433,0.9874918731684015,0.154724046436701,0.06602302826398007,-0.032497463468310964,-0.06499387357604905,-0.2340352218922986,-0.06697318108470937,0.03846662135982208,0.09471169047270347,0.27069728611260424,0.427066679872556,0.37072026336465336,0.24001054364508206,0.8196501444032784,0.8515038282478471,0.8778943576273905,0.8415805359826035,0.09515749026057904,-2.1386246634479127,-1.9013233523852275,-1.63664112081531,-1.8374345378683512,0.9496953636183053,-0.09688305204878377,-0.34868729305009505,-1.733460815687448,-1.8373454727825242,-2.0318515569876876,-2.141480123122483,-1.6466055714729024,-0.4867807241252552,-0.16467432016837402,-0.126684546069323,-0.7982324702766554,-0.7929819911325944,-1.7856185941696983,1.9291666921270245,0.5
2013-05-01,0.2444301526110153,2.4233648925148064,-2.0438065591928303,-0.6516095949013548,0.07955309623626401,-1.20532174204093,-2.1021167694382688,-0.35845852911326803,-0.9526522285193167,0.34333491604539323,0.41801100863869567,0.48900755612521274,0.036090239909913197,0.7172717560547863,-0.2690661378543141,-0.08432528998748869,-1.5497141711218854,0.7420260292443905,0.2598569846292161,0.1847834422401198,1.1185389103950407,0.7,-0.322613522001494,-0.11418529432142824,0.11418529432142852,0.11418529432142852,0.6045853465832371,0.7312172511297167,0.6665642591979043,0.6045853465832371,0.19105200614617424,0.0379883512302825,-0.17454077098017204,-0.9138822976029757,-1.2590747981629442,0.9099625811345627,1.0825100654411342,1.0712511633279256,0.8706023641836775,0.7681553016991554,0.7481987264548897,0.8343101987857923,1.4122338922864404,0.7897390819519732,0.9883443397630136,0.6303527324525723,0.7924501033916433,0.1456938021304552,0.11225578479391353,-0.166278039582028,-0.032497463468310964,-0.06499387357604905,-0.2340352218922986,-0.06697318108470937,0.03846662135982208,0.09471169047270347,0.40620167470504287,0.35940102423104214,0.2506021757712508,0.7444747506215499,0.8894688030908762,0.8515038282478471,0.7885161193946428,0.10740201392139807,-1.9560851933996934,-2.1386246634479127,-1.5453713857912004,-1.63664112081531,1.1306094013249859,0.9496953636183053,-0.09688305204878377,-1.6212816228208649,-1.733460815687448,-1.8373454727825242,-2.0318515569876876,-2.141480123122483,-0.6375102463939067,-0.4412802385597324,-0.14475027171231217,-0.780957313165546,-0.7982324702766554,-1.6685251491330568,1.9000962097512721,0.2
2013-06-01,0.2624906412235082,2.307082963011799,-1.9352042823812965,-0.5769274609774306,0.11545691192521204,-0.9634329894918655,-1.873942431877995,-0.32218993899938747,-0.9415751054003622,0.3613353651444059,0.42810906853346475,0.5040315742597575,0.27103980027566604,0.7405161372328981,-0.3088012923006506,-0.06540669664047584,-1.4078361990711037,0.8233490555374728,0.3510711771536576,0.09537302309971832,1.174519805076937,1.0,-0.2690661378543141,-0.322613522001494,-0.11418529432142824,0.11418529432142852,0.3757931145253799,0.6045853465832371,0.7312172511297167,0.6665642591979043,0.6045853465832371,0.19105200614617424,0.0379883512302825,-0.919420859162453,-1.2926704582392032,1.1185389103950407,0.9099625811345627,1.0825100654411342,1.0712511633279256,0.8706023641836775,0.7681553016991554,0.7481987264548897,0.7035435221360594,0.7420260292443905,0.7897390819519732,0.5763173882676078,0.6303527324525723,0.14160463489743785,0.1560821762491466,-0.011558633039781527,-0.166278039582028,-0.032497463468310964,-0.06499387357604905,-0.2340352218922986,-0.06697318108470937,0.03846662135982208,0.4014301985863471,0.35539612065847986,0.2566042623574484,0.7172717560547863,0.8196501444032784,0.8894688030908762,0.7419493202578404,-0.24366650873984258,-2.1021167694382688,-1.9560851933996934,-1.572752306298433,-1.5453713857912004,0.3903866806102398,1.1306094013249859,0.9496953636183053,-1.5497141711218854,-1.6212816228208649,-1.733460815687448,-1.8373454727825242,-2.0318515569876876,-0.7501625512071476,-0.4987547382753078,-0.16050120309756324,-0.72568367364162,-0.780957313165546,-1.5884823638974979,1.9291666921270245,0.7
2013-07-01,0.2726283683220299,2.278012480636047,-1.7632404848916712,-0.5241083219762176,0.14063624572900305,-0.8290503491868297,-1.883069405380406,-0.2696992668483555,-0.9526522285193167,0.3462470515322286,0.42276954307486875,0.5130109749411069,0.32843668692804334,0.7785392694633247,-0.2954151418352379,-0.09192950096018207,-1.4601574500343566,0.8478565791659156,1.3208741385929597,0.21364074492232257,1.562598571537515,0.8,-0.3088012923006506,-0.2690661378543141,-0.322613522001494,-0.11418529432142824,0.11418529432142852,0.3757931145253799,0.6045853465832371,0.7312172511297167,0.6665642591979043,0.6045853465832371,0.19105200614617424,-0.919420859162453,-1.353142646376469,1.174519805076937,1.1185389103950407,0.9099625811345627,1.0825100654411342,1.0712511633279256,0.8706023641836775,0.7681553016991554,0.9565072625579961,0.8233490555374728,0.7420260292443905,0.9084996011311416,0.5763173882676078,0.14450112835415768,0.18743842799808105,-0.0878786694265715,-0.011558633039781527,-0.166278039582028,-0.032497463468310964,-0.06499387357604905,-0.2340352218922986,-0.06697318108470937,0.43496128423704444,0.3736968896107393,0.27026579408270107,0.7405161372328981,0.7444747506215499,0.8196501444032784,0.7683955677720649,0.1222794993175575,-1.873942431877995,-2.1021167694382688,-1.4632286242695018,-1.572752306298433,0.0035458200865818553,0.3903866806102398,1.1306094013249859,-1.4078361990711037,-1.5497141711218854,-1.6212816228208649,-1.733460815687448,-1.8373454727825242,-0.9104973300977829,-0.43970215719806405,-0.16399681254800164,-0.6516095949013548,-0.72568367364162,-1.598394215116498,1.9582371745027758,1.0
2013-08-01,0.28472548805303877,2.074519104005784,-1.5219595883455646,-0.48879361339051625,0.15857467241605644,-0.7484207650038083,-1.35370494224057,-0.21584051853657268,-0.9471136669598396,0.3289545069807677,0.3500951277997185,0.4770895759562121,0.20847489018949208,0.7947062365871693,-0.604585346583237,-0.19237427640733887,-1.5045880331357644,0.9459792116545723,-0.4585536030780845,0.2243263281917821,1.704829518656549,0.2,-0.2954151418352379,-0.3088012923006506,-0.2690661378543141,-0.322613522001494,0.11418529432142852,0.11418529432142852,0.3757931145253799,0.6045853465832371,0.7312172511297167,0.6665642591979043,0.6045853465832371,-0.919420859162453,-1.2926704582392032,1.562598571537515,1.174519805076937,1.1185389103950407,0.9099625811345627,1.0825100654411342,1.0712511633279256,0.8706023641836775,1.3201624198669881,0.8478565791659156,0.8233490555374728,1.1951484161231947,0.9084996011311416,0.17150667028887595,0.17653797693293619,-0.15576922008351993,-0.0878786694265715,-0.011558633039781527,-0.166278039582028,-0.032497463468310964,-0.06499387357604905,-0.2340352218922986,0.4639786829149821,0.38520802301881124,0.2778902075971385,0.7785392694633247,0.7172717560547863,0.7444747506215499,0.8905725361360034,0.1279347949886818,-1.883069405380406,-1.873942431877995,-2.0382279549213917,-1.4632286242695018,-0.03830821951945058,0.0035458200865818553,0.3903866806102398,-1.4601574500343566,-1.4078361990711037,-1.5497141711218854,-1.6212816228208649,-1.733460815687448,-1.0043841251340688,-0.13923009981409168,-0.1611858337139098,-0.5769274609774306,-0.6516095949013548,-1.7396204540560734,2.1326600687572874,0.8
2013-09-01,0.28830350938192895,1.9582371745027758,-1.3637369002108102,-0.4671752837629021,0.1706626360087151,-0.6946677088817939,-1.2076733662019945,-0.18902671157596318,-0.9526522285193167,0.34243915296121646,0.379180373971597,0.483046287681099,0.20070618399546986,0.8121477793338714,-0.7478585947633022,-0.2301136247692504,-1.5491623222535338,0.8533673451880612,0.33199153050304664,0.2584400865786085,1.5514364136151362,0.1,-0.604585346583237,-0.2954151418352379,-0.3088012923006506,-0.2690661378543141,-0.11418529432142824,0.11418529432142852,0.11418529432142852,0.3757931145253799,0.6045853465832371,0.7312172511297167,0.6665642591979043,-0.919420859162453,-1.3195469863002103,1.704829518656549,1.562598571537515,1.174519805076937,1.1185389103950407,0.9099625811345627,1.0825100654411342,1.0712511633279256,1.1763312986386765,0.9459792116545723,0.8478565791659156,1.250023375142562,1.1951484161231947,0.1960416736869788,0.08287726064987994,-0.08369575309892562,-0.15576922008351993,-0.0878786694265715,-0.011558633039781527,-0.166278039582028,-0.032497463468310964,-0.06499387357604905,0.47330758279961427,0.3651027654760591,0.2969712648586153,0.7947062365871693,0.7405161372328981,0.7172717560547863,0.9573197752631529,-0.12175036959539738,-1.35370494224057,-1.883069405380406,-2.531084524051584,-2.0382279549213917,-0.6055633826570104,-0.03830821951945058,0.0035458200865818553,-1.5045880331357644,-1.4601574500343566,-1.4078361990711037,-1.5497141711218854,-1.6212816228208649,-1.195078143024,0.07653680792809546,-0.16158228581695078,-0.5241083219762176,-0.5769274609774306,-2.060040920159501,2.1326600687572874,0.2
2013-10-01,0.29912276435261986,1.9000962097512721,-1.3003565625394162,-0.4541305079822029,0.178244107331321,-0.849207745232585,-1.344577968738159,-0.20315661887886488,-0.9526522285193167,0.34819356041827654,0.38981049881529184,0.46503713090215587,0.27672311050344356,0.7467904528374859,-0.8494977249382524,-0.21460287649167914,-1.3622804624787506,0.832831878751352,0.7645698029573927,0.24169453097097282,1.2327557221869045,-0.2,-0.7478585947633022,-0.604585346583237,-0.2954151418352379,-0.3088012923006506,-0.322613522001494,-0.11418529432142824,0.11418529432142852,0.11418529432142852,0.3757931145253799,0.6045853465832371,0.7312172511297167,-0.9304979822814077,-1.2926704582392032,1.5514364136151362,1.704829518656549,1.562598571537515,1.174519805076937,1.1185389103950407,0.9099625811345627,1.0825100654411342,0.8343101987857923,0.8533673451880612,0.9459792116545723,1.0780510553883944,1.250023375142562,0.21998034019693408,-0.10359754507446332,-0.03068486639299573,-0.08369575309892562,-0.15576922008351993,-0.0878786694265715,-0.011558633039781527,-0.166278039582028,-0.032497463468310964,0.4759710905662653,0.3718893391890985,0.292485639186645,0.8121477793338714,0.7785392694633247,0.7405161372328981,0.9278516129873409,0.1390795532008068,-1.2076733662019945,-1.35370494224057,-2.4580687360322964,-2.531084524051584,0.682002246173889,-0.6055633826570104,-0.03830821951945058,-1.5491623222535338,-1.5045880331357644,-1.4601574500343566,-1.4078361990711037,-1.5497141711218854,-1.46381966676734,0.22356045868861316,-0.17044879902066715,-0.48879361339051625,-0.5241083219762176,-2.3610375449324823,2.2489419982602947,0.1
2013-11-01,0.31130507506765026,1.8419552449997687,-1.212222470186303,-0.44534030057872925,0.1799017904706385,-0.849207745232585,-1.2989431012261041,-0.22637743451735023,-0.9526522285193167,0.35915760924237095,0.3931645886373431,0.47685592704685786,0.17609366183570144,0.766978108728272,-0.8888055961152226,-0.13656096967533765,-1.1211455119625282,0.8996991860186363,0.7499637632316565,0.2581905491381818,0.8350619448739243,-0.2,-0.8494977249382524,-0.7478585947633022,-0.604585346583237,-0.2954151418352379,-0.2690661378543141,-0.322613522001494,-0.11418529432142824,0.11418529432142852,0.11418529432142852,0.3757931145253799,0.6045853465832371,-0.936036543840885,-1.3195469863002103,1.2327557221869045,1.5514364136151362,1.704829518656549,1.562598571537515,1.174519805076937,1.1185389103950407,0.9099625811345627,0.7481987264548897,0.832831878751352,0.8533673451880612,0.9305259707018076,1.0780510553883944,0.2144429262355556,-0.32740388512983487,0.036090239909913197,-0.03068486639299573,-0.08369575309892562,-0.15576922008351993,-0.0878786694265715,-0.011558633039781527,-0.166278039582028,0.4737183765073481,0.39302924893538993,0.31827163953813553,0.7467904528374859,0.7947062365871693,0.7785392694633247,0.872735308883751,0.14566512352506744,-1.344577968738159,-1.2076733662019945,-2.321164133496132,-2.4580687360322964,0.2598569846292161,0.682002246173889,-0.6055633826570104,-1.3622804624787506,-1.5491623222535338,-1.5045880331357644,-1.4601574500343566,-1.4078361990711037,-1.6466055714729024,0.16954153977967387,-0.1774449217723112,-0.4671752837629021,-0.48879361339051625,-2.4638394835603257,2.3361534453875503,-0.2
2013-12-01,0.325617160383211,1.7547437978725127,-1.0514171497215812,-0.43853285603014,0.17284830324573827,-0.7081059729122975,-0.9886260021441318,-0.2141255397814267,-0.9471136669598396,0.38980278990785466,0.42452569118644373,0.5090559714146979,0.3810868728781853,0.8440079446258139,-0.604585346583237,-0.08760556437707169,-0.9440018876733653,1.0361519388554874,-0.4042240657652236,0.19647370036373243,0.9239972379137354,0.2,-0.8888055961152226,-0.8494977249382524,-0.7478585947633022,-0.604585346583237,-0.3088012923006506,-0.2690661378543141,-0.322613522001494,-0.11418529432142824,0.11418529432142852,0.11418529432142852,0.3757931145253799,-0.9304979822814077,-1.299389590254455,0.8350619448739243,1.2327557221869045,1.5514364136151362,1.704829518656549,1.562598571537515,1.174519805076937,1.1185389103950407,0.7681553016991554,0.8996991860186363,0.832831878751352,0.9687986364411855,0.9305259707018076,0.2131650614752377,-0.4881210810243938,0.27103980027566604,0.036090239909913197,-0.03068486639299573,-0.08369575309892562,-0.15576922008351993,-0.0878786694265715,-0.011558633039781527,0.4927047926413216,0.4279896128194656,0.34907421518776327,0.766978108728272,0.8121477793338714,0.7947062365871693,0.8778943576273905,0.044538863593498165,-1.2989431012261041,-1.344577968738159,-2.321164133496132,-2.321164133496132,0.3510711771536576,0.2598569846292161,0.682002246173889,-1.1211455119625282,-1.3622804624787506,-1.5491623222535338,-1.5045880331357644,-1.4601574500343566,-2.141480123122483,0.030221915334205818,-0.16759874616832462,-0.4541305079822029,-0.4671752837629021,-2.4114906082090823,2.48150585726631,-0.2
2014-01-01,0.3426553571874495,1.6966028331210092,-0.8833108358577674,-0.4300000353363488,0.15672549952004725,-0.661072048805535,-0.8699753466127895,-0.1397274501076724,-0.9526522285193167,0.3870075241780566,0.3811985209423983,0.4755332524785068,0.1347737231556623,0.8387674396412163,-0.9084578685373851,-0.09640826195847134,-1.021291058327233,1.1081248292796557,0.5037447836126231,0.27877916863689867,0.8794886933876533,0.1,-0.604585346583237,-0.8888055961152226,-0.8494977249382524,-0.7478585947633022,-0.2954151418352379,-0.3088012923006506,-0.2690661378543141,-0.322613522001494,-0.11418529432142824,0.11418529432142852,0.11418529432142852,-0.936036543840885,-1.2254791380866852,0.9239972379137354,0.8350619448739243,1.2327557221869045,1.5514364136151362,1.704829518656549,1.562598571537515,1.174519805076937,0.8706023641836775,1.0361519388554874,0.8996991860186363,1.254723342285021,0.9687986364411855,0.22858462958307432,-0.5325401770380398,0.32843668692804334,0.27103980027566604,0.036090239909913197,-0.03068486639299573,-0.08369575309892562,-0.15576922008351993,-0.0878786694265715,0.4511036365015067,0.3688577000511923,0.31278731047334746,0.8440079446258139,0.7467904528374859,0.8121477793338714,0.8515038282478471,0.15890369726384743,-0.9886260021441318,-1.2989431012261041,-1.9013233523852275,-2.321164133496132,1.3208741385929597,0.3510711771536576,0.2598569846292161,-0.9440018876733653,-1.1211455119625282,-1.3622804624787506,-1.5491623222535338,-1.5045880331357644,-2.0318515569876876,-0.04251098416572264,-0.1300411265627939,-0.44534030057872925,-0.4541305079822029,-2.2914852334597917,2.510576339642062,0.2
2014-02-01,0.34657414245242363,1.6966028331210092,-0.7306720904837837,-0.4154918839918062,0.14329133587028522,-0.7484207650038083,-0.6874358765645704,-0.052204967802035505,-0.9526522285193167,0.3990329517002443,0.39156085334570323,0.4729869637512077,-0.0018166815346729,0.7866292648363357,-0.8694237732888861,-0.16533769446955635,-1.1710731485280483,1.0733802656151972,0.3518065495774364,0.2860200552894283,1.1346142728999544,-0.1,-0.9084578685373851,-0.604585346583237,-0.8888055961152226,-0.8494977249382524,-0.604585346583237,-0.2954151418352379,-0.3088012923006506,-0.2690661378543141,-0.322613522001494,-0.11418529432142824,0.11418529432142852,-0.9526522285193167,-1.1986026100256781,0.8794886933876533,0.9239972379137354,0.8350619448739243,1.2327557221869045,1.5514364136151362,1.704829518656549,1.562598571537515,1.0712511633279256,1.1081248292796557,1.0361519388554874,0.9883443397630136,1.254723342285021,0.2574643731662581,-0.4910911201870789,0.20847489018949208,0.32843668692804334,0.27103980027566604,0.036090239909913197,-0.03068486639299573,-0.08369575309892562,-0.15576922008351993,0.4587904357849174,0.3644701360950627,0.3185221865278756,0.8387674396412163,0.766978108728272,0.7467904528374859,0.8894688030908762,0.16566012388257415,-0.8699753466127895,-0.9886260021441318,-2.1386246634479127,-1.9013233523852275,-0.4585536030780845,1.3208741385929597,0.3510711771536576,-1.021291058327233,-0.9440018876733653,-1.1211455119625282,-1.3622804624787506,-1.5491623222535338,-1.8373454727825242,-0.10651582793223893,-0.07393555097963113,-0.43853285603014,-0.44534030057872925,-2.148452563163741,2.48150585726631,0.1
2014-03-01,0.3597787449757084,1.6384618683695056,-0.6207149901548967,-0.3932772362688951,0.1456097190768232,-0.6677911808207868,-0.5596582475308167,-0.01891243151671691,-0.9471136669598396,0.3701452819721995,0.37695122760747113,0.45176578310559046,0.35223384351379944,0.7278709585179416,-0.9212836464113224,-0.21794060624811087,-1.3277118832856778,1.0173326109870737,-0.29268143940543623,0.2456504000618041,1.1539088835709603,-0.4,-0.8694237732888861,-0.9084578685373851,-0.604585346583237,-0.8888055961152226,-0.7478585947633022,-0.604585346583237,-0.2954151418352379,-0.3088012923006506,-0.2690661378543141,-0.322613522001494,-0.11418529432142824,-0.9526522285193167,-1.2187600060714336,1.1346142728999544,0.8794886933876533,0.9239972379137354,0.8350619448739243,1.2327557221869045,1.5514364136151362,1.704829518656549,1.0825100654411342,1.0733802656151972,1.1081248292796557,0.7897390819519732,0.9883443397630136,0.24673030917958758,-0.4323459072344761,0.20070618399546986,0.20847489018949208,0.32843668692804334,0.27103980027566604,0.036090239909913197,-0.03068486639299573,-0.08369575309892562,0.4818709767139293,0.413075474539371,0.3526997509888214,0.7866292648363357,0.8440079446258139,0.766978108728272,0.8196501444032784,0.08568080319070391,-0.6874358765645704,-0.8699753466127895,-1.9560851933996934,-2.1386246634479127,0.33199153050304664,-0.4585536030780845,1.3208741385929597,-1.1710731485280483,-1.021291058327233,-0.9440018876733653,-1.1211455119625282,-1.3622804624787506,-1.733460815687448,-0.1848647761391098,-0.019090883042032675,-0.4300000353363488,-0.43853285603014,-2.1041385439501643,2.48150585726631,-0.1
2014-04-01,0.37443159422735306,1.6093913859937534,-0.5514590463266285,-0.3561272826642052,0.17243795711867613,-0.627476388729276,-0.6052931150428715,-0.06847316551422378,-0.9581907900787942,0.4025978119396728,0.40526187204373937,0.4544710649271033,0.3021843403238916,0.7267769728023443,-0.7478585947633022,-0.2599495770531134,-1.2799036073622454,1.155211370030575,0.6656927078004232,0.30002716323714385,1.2318855496242125,-0.1,-0.9212836464113224,-0.8694237732888861,-0.9084578685373851,-0.604585346583237,-0.8494977249382524,-0.7478585947633022,-0.604585346583237,-0.2954151418352379,-0.3088012923006506,-0.2690661378543141,-0.322613522001494,-0.9415751054003622,-1.2926704582392032,1.1539088835709603,1.1346142728999544,0.8794886933876533,0.9239972379137354,0.8350619448739243,1.2327557221869045,1.5514364136151362,0.9099625811345627,1.0173326109870737,1.0733802656151972,0.7420260292443905,0.7897390819519732,0.2384667837295325,-0.3879375849521269,0.27672311050344356,0.20070618399546986,0.20847489018949208,0.32843668692804334,0.27103980027566604,0.036090239909913197,-0.03068486639299573,0.46668252856851666,0.4069128512558177,0.3296264161106603,0.7278709585179416,0.8387674396412163,0.8440079446258139,0.7444747506215499,0.17830431837433466,-0.5596582475308167,-0.6874358765645704,-2.1021167694382688,-1.9560851933996934,0.7645698029573927,0.33199153050304664,-0.4585536030780845,-1.3277118832856778,-1.1710731485280483,-1.021291058327233,-0.9440018876733653,-1.1211455119625282,-1.6212816228208649,-0.15366082112256382,0.03544805130685907,-0.4154918839918062,-0.4300000353363488,-2.0720273448894586,2.4524353748905585,-0.4
2014-05-01,0.3880621516707446,1.5512504212422498,-0.47129395063464286,-0.3122447273732915,0.2118757423593954,-0.7013868408970456,-0.4136266714922416,-0.13797906379974106,-0.9637293516382714,0.40988230884870097,0.42009035031179787,0.45393953493736816,0.20324321368114992,0.7332576217267135,-0.7478585947633022,-0.3076639526131526,-1.2248291140493328,1.153118317883473,0.26839994087323543,0.307269480166922,1.3468371934182553,-0.4,-0.7478585947633022,-0.9212836464113224,-0.8694237732888861,-0.9084578685373851,-0.8888055961152226,-0.8494977249382524,-0.7478585947633022,-0.604585346583237,-0.2954151418352379,-0.3088012923006506,-0.2690661378543141,-0.9526522285193167,-1.20532174204093,1.2318855496242125,1.1539088835709603,1.1346142728999544,0.8794886933876533,0.9239972379137354,0.8350619448739243,1.2327557221869045,1.1185389103950407,1.155211370030575,1.0173326109870737,0.8233490555374728,0.7420260292443905,0.2444301526110153,-0.35845852911326803,0.17609366183570144,0.27672311050344356,0.20070618399546986,0.20847489018949208,0.32843668692804334,0.27103980027566604,0.036090239909913197,0.48900755612521274,0.41801100863869567,0.34333491604539323,0.7267769728023443,0.7866292648363357,0.8387674396412163,0.7172717560547863,0.1847834422401198,-0.6052931150428715,-0.5596582475308167,-1.873942431877995,-2.1021167694382688,0.7499637632316565,0.7645698029573927,0.33199153050304664,-1.2799036073622454,-1.3277118832856778,-1.1710731485280483,-1.021291058327233,-0.9440018876733653,-1.5497141711218854,-0.08432528998748869,0.07955309623626401,-0.3932772362688951,-0.4154918839918062,-2.0438065591928303,2.4233648925148064,-0.1
2014-06-01,0.3970923959769904,1.522179938866498,-0.39480757713214054,-0.26533521962774975,0.25049824465565507,-0.6409146527597797,-0.46838851250670716,-0.1388290551650361,-0.9637293516382714,0.424089720083939,0.4401709990342135,0.47080362030094197,0.0899225543874293,0.745463269150173,-0.6824578366693298,-0.3221747666018629,-1.1447381002582269,1.180253606484455,-0.3176311730028181,0.21089061360883593,1.4720486011906866,-0.4,-0.7478585947633022,-0.7478585947633022,-0.9212836464113224,-0.8694237732888861,-0.604585346583237,-0.8888055961152226,-0.8494977249382524,-0.7478585947633022,-0.604585346583237,-0.2954151418352379,-0.3088012923006506,-0.9471136669598396,-0.9634329894918655,1.3468371934182553,1.2318855496242125,1.1539088835709603,1.1346142728999544,0.8794886933876533,0.9239972379137354,0.8350619448739243,1.174519805076937,1.153118317883473,1.155211370030575,0.8478565791659156,0.8233490555374728,0.2624906412235082,-0.32218993899938747,0.3810868728781853,0.17609366183570144,0.27672311050344356,0.20070618399546986,0.20847489018949208,0.32843668692804334,0.27103980027566604,0.5040315742597575,0.42810906853346475,0.3613353651444059,0.7332576217267135,0.7278709585179416,0.7866292648363357,0.7405161372328981,0.09537302309971832,-0.4136266714922416,-0.6052931150428715,-1.883069405380406,-1.873942431877995,-0.4042240657652236,0.7499637632316565,0.7645698029573927,-1.2248291140493328,-1.2799036073622454,-1.3277118832856778,-1.1710731485280483,-1.021291058327233,-1.4078361990711037,-0.06540669664047584,0.11545691192521204,-0.3561272826642052,-0.3932772362688951,-1.9352042823812965,2.307082963011799,-0.4
2014-07-01,0.40884875177191526,1.464038974114994,-0.2873578411600305,-0.22328394291860154,0.27440051026787493,-0.627476388729276,-0.18545233393196764,-0.013206614250205823,-0.9581907900787942,0.4359629508211238,0.4066965364084263,0.45354906266976813,-0.01296809397626997,0.7604898860933945,-0.8494977249382524,-0.30245262838662856,-1.120022746769245,1.1695086700745732,-0.7643998644984408,0.3222391625863123,1.4703295322527383,-0.9,-0.6824578366693298,-0.7478585947633022,-0.7478585947633022,-0.9212836464113224,-0.9084578685373851,-0.604585346583237,-0.8888055961152226,-0.8494977249382524,-0.7478585947633022,-0.604585346583237,-0.2954151418352379,-0.9526522285193167,-0.8290503491868297,1.4720486011906866,1.3468371934182553,1.2318855496242125,1.1539088835709603,1.1346142728999544,0.8794886933876533,0.9239972379137354,1.562598571537515,1.180253606484455,1.153118317883473,0.9459792116545723,0.8478565791659156,0.2726283683220299,-0.2696992668483555,0.1347737231556623,0.3810868728781853,0.17609366183570144,0.27672311050344356,0.20070618399546986,0.20847489018949208,0.32843668692804334,0.5130109749411069,0.42276954307486875,0.3462470515322286,0.745463269150173,0.7267769728023443,0.7278709585179416,0.7785392694633247,0.21364074492232257,-0.46838851250670716,-0.4136266714922416,-1.35370494224057,-1.883069405380406,0.5037447836126231,-0.4042240657652236,0.7499637632316565,-1.1447381002582269,-1.2248291140493328,-1.2799036073622454,-1.3277118832856778,-1.1710731485280483,-1.4601574500343566,-0.09192950096018207,0.14063624572900305,-0.3122447273732915,-0.3561272826642052,-1.7632404848916712,2.278012480636047,-0.4
2014-08-01,0.40782645996366096,1.260545597484731,-0.1974455429403824,-0.1819687665904031,0.2902370151678092,-0.6745103128360386,-0.322356936468132,0.17236785734266244,-0.9581907900787942,0.4572819757858824,0.4412830309197589,0.4684020850452896,-0.14180191686773078,0.7335534286057819,-0.7990827621351786,-0.27848999232883653,-1.0789430028225682,1.1105742209394904,-0.5603486862028625,0.3291059983817461,1.1696743087172097,-0.4,-0.8494977249382524,-0.6824578366693298,-0.7478585947633022,-0.7478585947633022,-0.8694237732888861,-0.9084578685373851,-0.604585346583237,-0.8888055961152226,-0.8494977249382524,-0.7478585947633022,-0.604585346583237,-0.9526522285193167,-0.7484207650038083,1.4703295322527383,1.4720486011906866,1.3468371934182553,1.2318855496242125,1.1539088835709603,1.1346142728999544,0.8794886933876533,1.704829518656549,1.1695086700745732,1.180253606484455,0.8533673451880612,0.9459792116545723,0.28472548805303877,-0.21584051853657268,-0.0018166815346729,0.1347737231556623,0.3810868728781853,0.17609366183570144,0.27672311050344356,0.20070618399546986,0.20847489018949208,0.4770895759562121,0.3500951277997185,0.3289545069807677,0.7604898860933945,0.7332576217267135,0.7267769728023443,0.7947062365871693,0.2243263281917821,-0.18545233393196764,-0.46838851250670716,-1.2076733662019945,-1.35370494224057,0.3518065495774364,0.5037447836126231,-0.4042240657652236,-1.120022746769245,-1.1447381002582269,-1.2248291140493328,-1.2799036073622454,-1.3277118832856778,-1.5045880331357644,-0.19237427640733887,0.15857467241605644,-0.26533521962774975,-0.3122447273732915,-1.5219595883455646,2.074519104005784,-0.9
2014-09-01,0.41072295342038073,1.2024046327332274,-0.07545027114996908,-0.13981656843188428,0.3066440406690611,-0.5804424646225135,0.006214109618662627,0.30318919712005327,-0.9581907900787942,0.4367747328176343,0.4220164453081358,0.4648445634692862,-0.2776133291695101,0.742136161685931,-0.7990827621351786,-0.2941971456320899,-1.0582864921397348,1.0177529265131897,-0.8354196829025047,0.29465554869249583,1.2765082023410295,-0.4,-0.7990827621351786,-0.8494977249382524,-0.6824578366693298,-0.7478585947633022,-0.9212836464113224,-0.8694237732888861,-0.9084578685373851,-0.604585346583237,-0.8888055961152226,-0.8494977249382524,-0.7478585947633022,-0.9526522285193167,-0.6946677088817939,1.1696743087172097,1.4703295322527383,1.4720486011906866,1.3468371934182553,1.2318855496242125,1.1539088835709603,1.1346142728999544,1.5514364136151362,1.1105742209394904,1.1695086700745732,0.832831878751352,0.8533673451880612,0.28830350938192895,-0.18902671157596318,0.35223384351379944,-0.0018166815346729,0.1347737231556623,0.3810868728781853,0.17609366183570144,0.27672311050344356,0.20070618399546986,0.483046287681099,0.379180373971597,0.34243915296121646,0.7335534286057819,0.745463269150173,0.7332576217267135,0.8121477793338714,0.2584400865786085,-0.322356936468132,-0.18545233393196764,-1.344577968738159,-1.2076733662019945,-0.29268143940543623,0.3518065495774364,0.5037447836126231,-1.0789430028225682,-1.120022746769245,-1.1447381002582269,-1.2248291140493328,-1.2799036073622454,-1.5491623222535338,-0.2301136247692504,0.1706626360087151,-0.22328394291860154,-0.26533521962774975,-1.3637369002108102,1.9582371745027758,-0.4
2014-10-01,0.4082524148837665,1.260545597484731,-0.0032353551258083695,-0.09705487451278728,0.33050443707880406,-0.7282633689580529,0.13399173865241593,0.3003664203785022,-0.9637293516382714,0.4239509251307435,0.41047886316946164,0.4650888408691703,-0.29982522108906107,0.681823942647207,-0.8276848845367024,-0.3496679037282691,-0.9835880456173922,0.9069809586604446,0.32278137747050656,0.3428985549940598,0.7991737402340547,0.0,-0.7990827621351786,-0.7990827621351786,-0.8494977249382524,-0.6824578366693298,-0.7478585947633022,-0.9212836464113224,-0.8694237732888861,-0.9084578685373851,-0.604585346583237,-0.8888055961152226,-0.8494977249382524,-0.9471136669598396,-0.849207745232585,1.2765082023410295,1.1696743087172097,1.4703295322527383,1.4720486011906866,1.3468371934182553,1.2318855496242125,1.1539088835709603,1.2327557221869045,1.0177529265131897,1.1105742209394904,0.8996991860186363,0.832831878751352,0.29912276435261986,-0.20315661887886488,0.3021843403238916,0.35223384351379944,-0.0018166815346729,0.1347737231556623,0.3810868728781853,0.17609366183570144,0.27672311050344356,0.46503713090215587,0.38981049881529184,0.34819356041827654,0.742136161685931,0.7604898860933945,0.745463269150173,0.7467904528374859,0.24169453097097282,0.006214109618662627,-0.322356936468132,-1.2989431012261041,-1.344577968738159,0.6656927078004232,-0.29268143940543623,0.3518065495774364,-1.0582864921397348,-1.0789430028225682,-1.120022746769245,-1.1447381002582269,-1.2248291140493328,-1.3622804624787506,-0.21460287649167914,0.178244107331321,-0.1819687665904031,-0.22328394291860154,-1.3003565625394162,1.9000962097512721,-0.4
2014-11-01,0.4003296533697954,1.2314751151089791,0.01915216264886326,-0.05691501474636799,0.3638592721144726,-0.6812294448512902,-0.13069049291750176,0.20790305885173713,-0.9471136669598396,0.45027678208652105,0.4406938876842019,0.48242697005541946,-0.31169803504224247,0.6261400347327802,-0.7478585947633022,-0.37041611414819015,-0.9085675619043365,0.6669041997209745,-0.2745712514376489,0.3504618821044774,0.5184935940760875,0.0,-0.8276848845367024,-0.7990827621351786,-0.7990827621351786,-0.8494977249382524,-0.7478585947633022,-0.7478585947633022,-0.9212836464113224,-0.8694237732888861,-0.9084578685373851,-0.604585346583237,-0.8888055961152226,-0.9526522285193167,-0.849207745232585,0.7991737402340547,1.2765082023410295,1.1696743087172097,1.4703295322527383,1.4720486011906866,1.3468371934182553,1.2318855496242125,0.8350619448739243,0.9069809586604446,1.0177529265131897,1.0361519388554874,0.8996991860186363,0.31130507506765026,-0.22637743451735023,0.20324321368114992,0.3021843403238916,0.35223384351379944,-0.0018166815346729,0.1347737231556623,0.3810868728781853,0.17609366183570144,0.47685592704685786,0.3931645886373431,0.35915760924237095,0.681823942647207,0.7335534286057819,0.7604898860933945,0.766978108728272,0.2581905491381818,0.13399173865241593,0.006214109618662627,-0.9886260021441318,-1.2989431012261041,0.26839994087323543,0.6656927078004232,-0.29268143940543623,-0.9835880456173922,-1.0582864921397348,-1.0789430028225682,-1.120022746769245,-1.1447381002582269,-1.1211455119625282,-0.13656096967533765,0.1799017904706385,-0.13981656843188428,-0.1819687665904031,-1.212222470186303,1.8419552449997687,0.0
2014-12-01,0.38576199510217235,1.260545597484731,0.1316354443278232,-0.029597236432723426,0.4032129296682586,-0.6677911808207868,0.006214109618662627,0.10449014049347287,-0.902805174484021,0.4863063813979404,0.47467362530043966,0.48631986093263163,-0.11718333251038843,0.47812864328215054,-1.0299567622253682,-0.3416347004553563,-0.7954625276915014,0.36242997334797744,-0.18345466306020997,0.21767640519842632,-0.06277717371293856,-0.4,-0.7478585947633022,-0.8276848845367024,-0.7990827621351786,-0.7990827621351786,-0.6824578366693298,-0.7478585947633022,-0.7478585947633022,-0.9212836464113224,-0.8694237732888861,-0.9084578685373851,-0.604585346583237,-0.9526522285193167,-0.7081059729122975,0.5184935940760875,0.7991737402340547,1.2765082023410295,1.1696743087172097,1.4703295322527383,1.4720486011906866,1.3468371934182553,0.9239972379137354,0.6669041997209745,0.9069809586604446,1.1081248292796557,1.0361519388554874,0.325617160383211,-0.2141255397814267,0.0899225543874293,0.20324321368114992,0.3021843403238916,0.35223384351379944,-0.0018166815346729,0.1347737231556623,0.3810868728781853,0.5090559714146979,0.42452569118644373,0.38980278990785466,0.6261400347327802,0.742136161685931,0.7335534286057819,0.8440079446258139,0.19647370036373243,-0.13069049291750176,0.13399173865241593,-0.8699753466127895,-0.9886260021441318,-0.3176311730028181,0.26839994087323543,0.6656927078004232,-0.9085675619043365,-0.9835880456173922,-1.0582864921397348,-1.0789430028225682,-1.120022746769245,-0.9440018876733653,-0.08760556437707169,0.17284830324573827,-0.09705487451278728,-0.13981656843188428,-1.0514171497215812,1.7547437978725127,0.0
2015-01-01,0.3460629965482965,1.260545597484731,0.32163062564395006,-0.015784591340586598,0.44840016527410703,-0.849207745232585,0.44430883773438873,0.045146074077469366,-0.9083437360434984,0.48301996874162495,0.4411991014629901,0.4574047310258917,-0.7124396058233478,0.40791485190168303,-1.093318074871223,-0.17414582421365027,-0.7037644330276162,0.06859175091501639,0.20484666401766125,0.36934215443450763,-0.4328182059022799,-0.4,-1.0299567622253682,-0.7478585947633022,-0.8276848845367024,-0.7990827621351786,-0.8494977249382524,-0.6824578366693298,-0.7478585947633022,-0.7478585947633022,-0.9212836464113224,-0.8694237732888861,-0.9084578685373851,-0.9471136669598396,-0.661072048805535,-0.06277717371293856,0.5184935940760875,0.7991737402340547,1.2765082023410295,1.1696743087172097,1.4703295322527383,1.4720486011906866,0.8794886933876533,0.36242997334797744,0.6669041997209745,1.0733802656151972,1.1081248292796557,0.3426553571874495,-0.1397274501076724,-0.01296809397626997,0.0899225543874293,0.20324321368114992,0.3021843403238916,0.35223384351379944,-0.0018166815346729,0.1347737231556623,0.4755332524785068,0.3811985209423983,0.3870075241780566,0.47812864328215054,0.681823942647207,0.742136161685931,0.8387674396412163,0.27877916863689867,0.006214109618662627,-0.13069049291750176,-0.6874358765645704,-0.8699753466127895,-0.7643998644984408,-0.3176311730028181,0.26839994087323543,-0.7954625276915014,-0.9085675619043365,-0.9835880456173922,-1.0582864921397348,-1.0789430028225682,-1.021291058327233,-0.09640826195847134,0.15672549952004725,-0.05691501474636799,-0.09705487451278728,-0.8833108358577674,1.6966028331210092,-0.4
2015-02-01,0.3606306548159207,1.2314751151089791,0.4512985264510618,0.0024379359957507774,0.4898538600527888,-0.7820164250800672,0.4534358112367996,0.04123332602103113,-0.8972666129245437,0.5070993057508165,0.4585050446800876,0.48624390606503265,-1.0847615943667765,0.4964667257148448,-1.6778493461488129,-0.039042112117990066,-0.6662211628225512,0.13230812917158494,0.4572368756661987,0.37798614607043096,-0.27860348557855136,-0.2,-1.093318074871223,-1.0299567622253682,-0.7478585947633022,-0.8276848845367024,-0.7990827621351786,-0.8494977249382524,-0.6824578366693298,-0.7478585947633022,-0.7478585947633022,-0.9212836464113224,-0.8694237732888861,-0.9581907900787942,-0.7484207650038083,-0.4328182059022799,-0.06277717371293856,0.5184935940760875,0.7991737402340547,1.2765082023410295,1.1696743087172097,1.4703295322527383,1.1346142728999544,0.06859175091501639,0.36242997334797744,1.0173326109870737,1.0733802656151972,0.34657414245242363,-0.052204967802035505,-0.14180191686773078,-0.01296809397626997,0.0899225543874293,0.20324321368114992,0.3021843403238916,0.35223384351379944,-0.0018166815346729,0.4729869637512077,0.39156085334570323,0.3990329517002443,0.40791485190168303,0.6261400347327802,0.681823942647207,0.7866292648363357,0.2860200552894283,0.44430883773438873,0.006214109618662627,-0.5596582475308167,-0.6874358765645704,-0.5603486862028625,-0.7643998644984408,-0.3176311730028181,-0.7037644330276162,-0.7954625276915014,-0.9085675619043365,-0.9835880456173922,-1.0582864921397348,-1.1710731485280483,-0.16533769446955635,0.14329133587028522,-0.029597236432723426,-0.05691501474636799,-0.7306720904837837,1.6966028331210092,-0.4
2015-03-01,0.37622060489179815,1.1442636679817233,0.5145471451693776,0.04307452975162439,0.5159745576600218,-0.7484207650038083,0.5447055462609092,0.08008850196038662,-0.8806509282461117,0.5101584708826596,0.47627702582055564,0.5026060965573245,-1.1344564589984705,0.5586438998943626,-1.384539957914909,0.012660076940314149,-0.6283831178854586,0.21742931859249923,-0.9558184699412571,0.3607946937658448,-0.3155767021343971,0.3,-1.6778493461488129,-1.093318074871223,-1.0299567622253682,-0.7478585947633022,-0.7990827621351786,-0.7990827621351786,-0.8494977249382524,-0.6824578366693298,-0.7478585947633022,-0.7478585947633022,-0.9212836464113224,-0.9637293516382714,-0.6677911808207868,-0.27860348557855136,-0.4328182059022799,-0.06277717371293856,0.5184935940760875,0.7991737402340547,1.2765082023410295,1.1696743087172097,1.1539088835709603,0.13230812917158494,0.06859175091501639,1.155211370030575,1.0173326109870737,0.3597787449757084,-0.01891243151671691,-0.2776133291695101,-0.14180191686773078,-0.01296809397626997,0.0899225543874293,0.20324321368114992,0.3021843403238916,0.35223384351379944,0.45176578310559046,0.37695122760747113,0.3701452819721995,0.4964667257148448,0.47812864328215054,0.6261400347327802,0.7278709585179416,0.2456504000618041,0.4534358112367996,0.44430883773438873,-0.6052931150428715,-0.5596582475308167,-0.8354196829025047,-0.5603486862028625,-0.7643998644984408,-0.6662211628225512,-0.7037644330276162,-0.7954625276915014,-0.9085675619043365,-0.9835880456173922,-1.3277118832856778,-0.21794060624811087,0.1456097190768232,-0.015784591340586598,-0.029597236432723426,-0.6207149901548967,1.6384618683695056,-0.2
2015-04-01,0.3835470295176205,1.0279817384787158,0.5167110993984889,0.12588242693190052,0.5265984360213707,-0.8626460092630885,0.4899437052464435,0.15920715424919285,-0.8917280513650664,0.4871612807485168,0.44883612207455736,0.49816738739564725,-1.3032916925971294,0.57684359714644,-1.2206403488473496,0.020358729366469895,-0.6088111278061494,0.19335715330940045,-0.6316194335625633,0.3904118117105124,-0.08831188202638451,0.4,-1.384539957914909,-1.6778493461488129,-1.093318074871223,-1.0299567622253682,-0.8276848845367024,-0.7990827621351786,-0.7990827621351786,-0.8494977249382524,-0.6824578366693298,-0.7478585947633022,-0.7478585947633022,-0.9637293516382714,-0.627476388729276,-0.3155767021343971,-0.27860348557855136,-0.4328182059022799,-0.06277717371293856,0.5184935940760875,0.7991737402340547,1.2765082023410295,1.2318855496242125,0.21742931859249923,0.13230812917158494,1.153118317883473,1.155211370030575,0.37443159422735306,-0.06847316551422378,-0.29982522108906107,-0.2776133291695101,-0.14180191686773078,-0.01296809397626997,0.0899225543874293,0.20324321368114992,0.3021843403238916,0.4544710649271033,0.40526187204373937,0.4025978119396728,0.5586438998943626,0.40791485190168303,0.47812864328215054,0.7267769728023443,0.30002716323714385,0.5447055462609092,0.4534358112367996,-0.4136266714922416,-0.6052931150428715,0.32278137747050656,-0.8354196829025047,-0.5603486862028625,-0.6283831178854586,-0.6662211628225512,-0.7037644330276162,-0.7954625276915014,-0.9085675619043365,-1.2799036073622454,-0.2599495770531134,0.17243795711867613,0.0024379359957507774,-0.015784591340586598,-0.5514590463266285,1.6093913859937534,0.3
2015-05-01,0.4033965287945584,0.9116998089757086,0.5045270962389209,0.21260283453971182,0.5246648999131688,-0.7349825009733046,0.47168975824162146,0.24282538485776145,-0.886189489805589,0.5032611634850576,0.4717492349774897,0.5322724851530205,-0.9938528795126279,0.6592563579565722,-1.2206403488473496,-0.01272189272525788,-0.5963916058052056,0.2664280695113728,0.026375045290562713,0.3968787405691176,0.24055007852310092,1.0,-1.2206403488473496,-1.384539957914909,-1.6778493461488129,-1.093318074871223,-0.7478585947633022,-0.8276848845367024,-0.7990827621351786,-0.7990827621351786,-0.8494977249382524,-0.6824578366693298,-0.7478585947633022,-0.9581907900787942,-0.7013868408970456,-0.08831188202638451,-0.3155767021343971,-0.27860348557855136,-0.4328182059022799,-0.06277717371293856,0.5184935940760875,0.7991737402340547,1.3468371934182553,0.19335715330940045,0.21742931859249923,1.180253606484455,1.153118317883473,0.3880621516707446,-0.13797906379974106,-0.31169803504224247,-0.29982522108906107,-0.2776133291695101,-0.14180191686773078,-0.01296809397626997,0.0899225543874293,0.20324321368114992,0.45393953493736816,0.42009035031179787,0.40988230884870097,0.57684359714644,0.4964667257148448,0.40791485190168303,0.7332576217267135,0.307269480166922,0.4899437052464435,0.5447055462609092,-0.46838851250670716,-0.4136266714922416,-0.2745712514376489,0.32278137747050656,-0.8354196829025047,-0.6088111278061494,-0.6283831178854586,-0.6662211628225512,-0.7037644330276162,-0.7954625276915014,-1.2248291140493328,-0.3076639526131526,0.2118757423593954,0.04307452975162439,0.0024379359957507774,-0.47129395063464286,1.5512504212422498,0.4
2015-06-01,0.4194976247745642,0.8826293265999563,0.5077730275825914,0.2655861931067511,0.5193588166076689,-0.6409146527597797,0.4990706787488544,0.3010976281029333,-0.8640352435676797,0.5044989253694965,0.4671895913328532,0.5317008995726472,-0.8858427052957448,0.6657628986964641,-1.1718187298172502,-0.023919898819850512,-0.5859783597237492,0.2953247844530029,-0.1385015781279477,0.41236266500794644,0.2176519719879305,0.8,-1.2206403488473496,-1.2206403488473496,-1.384539957914909,-1.6778493461488129,-1.0299567622253682,-0.7478585947633022,-0.8276848845367024,-0.7990827621351786,-0.7990827621351786,-0.8494977249382524,-0.6824578366693298,-0.9581907900787942,-0.6409146527597797,0.24055007852310092,-0.08831188202638451,-0.3155767021343971,-0.27860348557855136,-0.4328182059022799,-0.06277717371293856,0.5184935940760875,1.4720486011906866,0.2664280695113728,0.19335715330940045,1.1695086700745732,1.180253606484455,0.3970923959769904,-0.1388290551650361,-0.11718333251038843,-0.31169803504224247,-0.29982522108906107,-0.2776133291695101,-0.14180191686773078,-0.01296809397626997,0.0899225543874293,0.47080362030094197,0.4401709990342135,0.424089720083939,0.6592563579565722,0.5586438998943626,0.4964667257148448,0.745463269150173,0.21089061360883593,0.47168975824162146,0.4899437052464435,-0.18545233393196764,-0.46838851250670716,-0.18345466306020997,-0.2745712514376489,0.32278137747050656,-0.5963916058052056,-0.6088111278061494,-0.6283831178854586,-0.6662211628225512,-0.7037644330276162,-1.1447381002582269,-0.3221747666018629,0.25049824465565507,0.12588242693190052,0.04307452975162439,-0.39480757713214054,1.522179938866498,1.0
2015-07-01,0.4270796223524501,0.8535588442242045,0.5332700534995295,0.25363479293129965,0.5182684986682397,-0.6745103128360386,0.43518186423197763,0.3076492935291516,-0.8529581204487251,0.5221903550359216,0.4633612956278806,0.5201326286127704,-1.0689695696805244,0.6528651651653896,-1.0299567622253682,-0.01098699269327876,-0.5659488219328637,0.29689645722926844,-0.5884907326446029,0.4136348477269429,-0.20289840274587104,0.8,-1.1718187298172502,-1.2206403488473496,-1.2206403488473496,-1.384539957914909,-1.093318074871223,-1.0299567622253682,-0.7478585947633022,-0.8276848845367024,-0.7990827621351786,-0.7990827621351786,-0.8494977249382524,-0.9581907900787942,-0.627476388729276,0.2176519719879305,0.24055007852310092,-0.08831188202638451,-0.3155767021343971,-0.27860348557855136,-0.4328182059022799,-0.06277717371293856,1.4703295322527383,0.2953247844530029,0.2664280695113728,1.1105742209394904,1.1695086700745732,0.40884875177191526,-0.013206614250205823,-0.7124396058233478,-0.11718333251038843,-0.31169803504224247,-0.29982522108906107,-0.2776133291695101,-0.14180191686773078,-0.01296809397626997,0.45354906266976813,0.4066965364084263,0.4359629508211238,0.6657628986964641,0.57684359714644,0.5586438998943626,0.7604898860933945,0.3222391625863123,0.4990706787488544,0.47168975824162146,-0.322356936468132,-0.18545233393196764,0.20484666401766125,-0.18345466306020997,-0.2745712514376489,-0.5859783597237492,-0.5963916058052056,-0.6088111278061494,-0.6283831178854586,-0.6662211628225512,-1.120022746769245,-0.30245262838662856,0.27440051026787493,0.21260283453971182,0.12588242693190052,-0.2873578411600305,1.464038974114994,0.8
2015-08-01,0.42767595924059765,0.8535588442242045,0.5892506085570194,0.20617954024925905,0.5217205305033091,-0.7349825009733046,0.6451022547874298,0.2877853006482393,-0.8086496279729066,0.5519445234624668,0.5038165625777403,0.5273379851771112,-0.726200794321542,0.5576721635864843,-1.2758170414017849,0.04061612220536926,-0.5498568206239415,0.2716172419163766,-1.6416880800479894,0.42385264621241414,-0.5966337962643248,0.7,-1.0299567622253682,-1.1718187298172502,-1.2206403488473496,-1.2206403488473496,-1.6778493461488129,-1.093318074871223,-1.0299567622253682,-0.7478585947633022,-0.8276848845367024,-0.7990827621351786,-0.7990827621351786,-0.9637293516382714,-0.6745103128360386,-0.20289840274587104,0.2176519719879305,0.24055007852310092,-0.08831188202638451,-0.3155767021343971,-0.27860348557855136,-0.4328182059022799,1.1696743087172097,0.29689645722926844,0.2953247844530029,1.0177529265131897,1.1105742209394904,0.40782645996366096,0.17236785734266244,-1.0847615943667765,-0.7124396058233478,-0.11718333251038843,-0.31169803504224247,-0.29982522108906107,-0.2776133291695101,-0.14180191686773078,0.4684020850452896,0.4412830309197589,0.4572819757858824,0.6528651651653896,0.6592563579565722,0.57684359714644,0.7335534286057819,0.3291059983817461,0.43518186423197763,0.4990706787488544,0.006214109618662627,-0.322356936468132,0.4572368756661987,0.20484666401766125,-0.18345466306020997,-0.5659488219328637,-0.5859783597237492,-0.5963916058052056,-0.6088111278061494,-0.6283831178854586,-1.0789430028225682,-0.27848999232883653,0.2902370151678092,0.2655861931067511,0.21260283453971182,-0.1974455429403824,1.260545597484731,0.8
2015-09-01,0.4161751763977376,0.8826293265999563,0.5948016215795305,0.1692355187763588,0.5283600053364819,-0.7685781610495636,0.6633562017922516,0.2787875585869631,-0.8141881895323838,0.5487751065078744,0.5306828474114323,0.5336373965918294,-0.3061329376672015,0.4511125282623255,-1.639976270133218,0.11418529432142852,-0.5381733394545269,0.1359883306352508,-0.5217521752346076,0.4583528345145745,-0.4787469954890114,0.9,-1.2758170414017849,-1.0299567622253682,-1.1718187298172502,-1.2206403488473496,-1.384539957914909,-1.6778493461488129,-1.093318074871223,-1.0299567622253682,-0.7478585947633022,-0.8276848845367024,-0.7990827621351786,-0.9471136669598396,-0.5804424646225135,-0.5966337962643248,-0.20289840274587104,0.2176519719879305,0.24055007852310092,-0.08831188202638451,-0.3155767021343971,-0.27860348557855136,1.2765082023410295,0.2716172419163766,0.29689645722926844,0.9069809586604446,1.0177529265131897,0.41072295342038073,0.30318919712005327,-1.1344564589984705,-1.0847615943667765,-0.7124396058233478,-0.11718333251038843,-0.31169803504224247,-0.29982522108906107,-0.2776133291695101,0.4648445634692862,0.4220164453081358,0.4367747328176343,0.5576721635864843,0.6657628986964641,0.6592563579565722,0.742136161685931,0.29465554869249583,0.6451022547874298,0.43518186423197763,0.13399173865241593,0.006214109618662627,-0.9558184699412571,0.4572368756661987,0.20484666401766125,-0.5498568206239415,-0.5659488219328637,-0.5859783597237492,-0.5963916058052056,-0.6088111278061494,-1.0582864921397348,-0.2941971456320899,0.3066440406690611,0.25363479293129965,0.2655861931067511,-0.07545027114996908,1.2024046327332274,0.7
2015-10-01,0.4161751763977376,0.8826293265999563,0.5379272593404476,0.17638162392155657,0.5364077422225827,-0.8357694812020816,0.5812134402705531,0.3037361157349933,-0.8751123666866344,0.5310088342650767,0.5036508435911274,0.5201667677123816,-0.45731505192368016,0.43117163873519054,-1.5509628022184883,0.1593331730060084,-0.508613235802178,0.11004755405849342,0.416200788703421,0.43950590340360324,-0.40429883495440877,0.6,-1.639976270133218,-1.2758170414017849,-1.0299567622253682,-1.1718187298172502,-1.2206403488473496,-1.384539957914909,-1.6778493461488129,-1.093318074871223,-1.0299567622253682,-0.7478585947633022,-0.8276848845367024,-0.902805174484021,-0.7282633689580529,-0.4787469954890114,-0.5966337962643248,-0.20289840274587104,0.2176519719879305,0.24055007852310092,-0.08831188202638451,-0.3155767021343971,0.7991737402340547,0.1359883306352508,0.2716172419163766,0.6669041997209745,0.9069809586604446,0.4082524148837665,0.3003664203785022,-1.3032916925971294,-1.1344564589984705,-1.0847615943667765,-0.7124396058233478,-0.11718333251038843,-0.31169803504224247,-0.29982522108906107,0.4650888408691703,0.41047886316946164,0.4239509251307435,0.4511125282623255,0.6528651651653896,0.6657628986964641,0.681823942647207,0.3428985549940598,0.6633562017922516,0.6451022547874298,-0.13069049291750176,0.13399173865241593,-0.6316194335625633,-0.9558184699412571,0.4572368756661987,-0.5381733394545269,-0.5498568206239415,-0.5659488219328637,-0.5859783597237492,-0.5963916058052056,-0.9835880456173922,-0.3496679037282691,0.33050443707880406,0.20617954024925905,0.25363479293129965,-0.0032353551258083695,1.260545597484731,0.9
2015-11-01,0.42137182642302967,0.8244883618484528,0.488988964024226,0.2143159435802621,0.5448705105545215,-0.6476337847750314,0.2343884471789366,0.3332076509949737,-0.7532640123781333,0.5843747013439544,0.5565011455625778,0.5437655158273562,-0.9592831978337929,0.44716835223456824,-1.593891450036447,0.16090997664854928,-0.471625352128317,0.09919599823148198,0.6559772087459617,0.4463711049202316,-0.5188694008190425,0.6,-1.5509628022184883,-1.639976270133218,-1.2758170414017849,-1.0299567622253682,-1.2206403488473496,-1.2206403488473496,-1.384539957914909,-1.6778493461488129,-1.093318074871223,-1.0299567622253682,-0.7478585947633022,-0.9083437360434984,-0.6812294448512902,-0.40429883495440877,-0.4787469954890114,-0.5966337962643248,-0.20289840274587104,0.2176519719879305,0.24055007852310092,-0.08831188202638451,0.5184935940760875,0.11004755405849342,0.1359883306352508,0.36242997334797744,0.6669041997209745,0.4003296533697954,0.20790305885173713,-0.9938528795126279,-1.3032916925971294,-1.1344564589984705,-1.0847615943667765,-0.7124396058233478,-0.11718333251038843,-0.31169803504224247,0.48242697005541946,0.4406938876842019,0.45027678208652105,0.43117163873519054,0.5576721635864843,0.6528651651653896,0.6261400347327802,0.3504618821044774,0.5812134402705531,0.6633562017922516,0.006214109618662627,-0.13069049291750176,0.026375045290562713,-0.6316194335625633,-0.9558184699412571,-0.508613235802178,-0.5381733394545269,-0.5498568206239415,-0.5659488219328637,-0.5859783597237492,-0.9085675619043365,-0.37041611414819015,0.3638592721144726,0.1692355187763588,0.20617954024925905,0.01915216264886326,1.2314751151089791,0.6
2015-12-01,0.4143861657332925,0.7954178794727009,0.5733502492213628,0.2556883511073558,0.5517207927945506,-0.627476388729276,0.572086466768142,0.3220133182741489,-0.659108465867019,0.570327454029457,0.5340402726081785,0.5226421969915799,-0.7844736685236966,0.4005004114651518,-1.4260768722728474,0.1364436371767685,-0.4311300485124908,0.006280109561523947,0.30332651763758023,0.48684981404841027,-0.7428765592805427,0.4,-1.593891450036447,-1.5509628022184883,-1.639976270133218,-1.2758170414017849,-1.1718187298172502,-1.2206403488473496,-1.2206403488473496,-1.384539957914909,-1.6778493461488129,-1.093318074871223,-1.0299567622253682,-0.8972666129245437,-0.6677911808207868,-0.5188694008190425,-0.40429883495440877,-0.4787469954890114,-0.5966337962643248,-0.20289840274587104,0.2176519719879305,0.24055007852310092,-0.06277717371293856,0.09919599823148198,0.11004755405849342,0.06859175091501639,0.36242997334797744,0.38576199510217235,0.10449014049347287,-0.8858427052957448,-0.9938528795126279,-1.3032916925971294,-1.1344564589984705,-1.0847615943667765,-0.7124396058233478,-0.11718333251038843,0.48631986093263163,0.47467362530043966,0.4863063813979404,0.44716835223456824,0.4511125282623255,0.5576721635864843,0.47812864328215054,0.21767640519842632,0.2343884471789366,0.5812134402705531,0.44430883773438873,0.006214109618662627,-0.1385015781279477,0.026375045290562713,-0.6316194335625633,-0.471625352128317,-0.508613235802178,-0.5381733394545269,-0.5498568206239415,-0.5659488219328637,-0.7954625276915014,-0.3416347004553563,0.4032129296682586,0.17638162392155657,0.1692355187763588,0.1316354443278232,1.260545597484731,0.6
2016-01-01,0.4177938050941395,0.7663473970969491,0.6667295784559201,0.2831663060144821,0.5565433096054833,-0.7484207650038083,0.8915305393525256,0.24613710008773096,-0.7200326430212695,0.602396095963824,0.5744093848815683,0.5369587933282546,-0.5790439792557229,0.3410447800924813,-1.384539957914909,0.09595225078554337,-0.4100117422441859,-0.08173715796097958,-0.4231033460098464,0.46154179650318394,-1.2514468064787774,0.8,-1.4260768722728474,-1.593891450036447,-1.5509628022184883,-1.639976270133218,-1.0299567622253682,-1.1718187298172502,-1.2206403488473496,-1.2206403488473496,-1.384539957914909,-1.6778493461488129,-1.093318074871223,-0.8806509282461117,-0.849207745232585,-0.7428765592805427,-0.5188694008190425,-0.40429883495440877,-0.4787469954890114,-0.5966337962643248,-0.20289840274587104,0.2176519719879305,-0.4328182059022799,0.006280109561523947,0.09919599823148198,0.13230812917158494,0.06859175091501639,0.3460629965482965,0.045146074077469366,-1.0689695696805244,-0.8858427052957448,-0.9938528795126279,-1.3032916925971294,-1.1344564589984705,-1.0847615943667765,-0.7124396058233478,0.4574047310258917,0.4411991014629901,0.48301996874162495,0.4005004114651518,0.43117163873519054,0.4511125282623255,0.40791485190168303,0.36934215443450763,0.572086466768142,0.2343884471789366,0.4534358112367996,0.44430883773438873,-0.5884907326446029,-0.1385015781279477,0.026375045290562713,-0.4311300485124908,-0.471625352128317,-0.508613235802178,-0.5381733394545269,-0.5498568206239415,-0.7037644330276162,-0.17414582421365027,0.44840016527410703,0.2143159435802621,0.17638162392155657,0.32163062564395006,1.260545597484731,0.4
2016-02-01,0.4134490649090586,0.8244883618484528,0.6551100850952432,0.2982057074068677,0.5608674183443833,-0.9499947254613619,0.4899437052464435,0.16833569923579889,-0.7255712045807468,0.6099261177276843,0.5756499273788684,0.521529932904645,-0.632788391868385,0.3069041876816341,-1.2758170414017849,0.05852134264608782,-0.3661269112798581,-0.11840625300507061,0.7186036271410401,0.4747532435891436,-1.4403738151111767,0.4,-1.384539957914909,-1.4260768722728474,-1.593891450036447,-1.5509628022184883,-1.2758170414017849,-1.0299567622253682,-1.1718187298172502,-1.2206403488473496,-1.2206403488473496,-1.384539957914909,-1.6778493461488129,-0.8917280513650664,-0.7820164250800672,-1.2514468064787774,-0.7428765592805427,-0.5188694008190425,-0.40429883495440877,-0.4787469954890114,-0.5966337962643248,-0.20289840274587104,-0.27860348557855136,-0.08173715796097958,0.006280109561523947,0.21742931859249923,0.13230812917158494,0.3606306548159207,0.04123332602103113,-0.726200794321542,-1.0689695696805244,-0.8858427052957448,-0.9938528795126279,-1.3032916925971294,-1.1344564589984705,-1.0847615943667765,0.48624390606503265,0.4585050446800876,0.5070993057508165,0.3410447800924813,0.44716835223456824,0.43117163873519054,0.4964667257148448,0.37798614607043096,0.8915305393525256,0.572086466768142,0.5447055462609092,0.4534358112367996,-1.6416880800479894,-0.5884907326446029,-0.1385015781279477,-0.4100117422441859,-0.4311300485124908,-0.471625352128317,-0.508613235802178,-0.5381733394545269,-0.6662211628225512,-0.039042112117990066,0.4898538600527888,0.2556883511073558,0.2143159435802621,0.4512985264510618,1.2314751151089791,0.8
2016-03-01,0.43287260926589094,0.7663473970969491,0.6676704281207496,0.30882720785926915,0.5666444346817471,-0.8424886132173334,0.6542292282898406,0.1693287800242517,-0.6535699043075416,0.6479214149889932,0.6160634657457885,0.555778600770929,-0.3679279486611826,0.39480571731936265,-1.335177736118937,0.05764700049576357,-0.32223143719212805,-0.10052400424755978,0.15769271824964107,0.54752845100679,-0.8472557853541701,0.4,-1.2758170414017849,-1.384539957914909,-1.4260768722728474,-1.593891450036447,-1.639976270133218,-1.2758170414017849,-1.0299567622253682,-1.1718187298172502,-1.2206403488473496,-1.2206403488473496,-1.384539957914909,-0.886189489805589,-0.7484207650038083,-1.4403738151111767,-1.2514468064787774,-0.7428765592805427,-0.5188694008190425,-0.40429883495440877,-0.4787469954890114,-0.5966337962643248,-0.3155767021343971,-0.11840625300507061,-0.08173715796097958,0.19335715330940045,0.21742931859249923,0.37622060489179815,0.08008850196038662,-0.3061329376672015,-0.726200794321542,-1.0689695696805244,-0.8858427052957448,-0.9938528795126279,-1.3032916925971294,-1.1344564589984705,0.5026060965573245,0.47627702582055564,0.5101584708826596,0.3069041876816341,0.4005004114651518,0.44716835223456824,0.5586438998943626,0.3607946937658448,0.4899437052464435,0.8915305393525256,0.4899437052464435,0.5447055462609092,-0.5217521752346076,-1.6416880800479894,-0.5884907326446029,-0.3661269112798581,-0.4100117422441859,-0.4311300485124908,-0.471625352128317,-0.508613235802178,-0.6283831178854586,0.012660076940314149,0.5159745576600218,0.2831663060144821,0.2556883511073558,0.5145471451693776,1.1442636679817233,0.4
2016-04-01,0.4601337241526716,0.6791359499696933,0.67844315678307,0.3232948222478629,0.577833007215878,-0.9231181974003547,0.7181180428067174,0.2959973724187831,-0.7089555199023148,0.586679422509045,0.5506612875025358,0.5394357410133677,-0.20614911304133315,0.4301942994918234,-1.639976270133218,0.1025718763062999,-0.26818593577586297,-0.04411384054175015,0.4057966907620077,0.494829303404586,-0.6844844588716623,0.5,-1.335177736118937,-1.2758170414017849,-1.384539957914909,-1.4260768722728474,-1.5509628022184883,-1.639976270133218,-1.2758170414017849,-1.0299567622253682,-1.1718187298172502,-1.2206403488473496,-1.2206403488473496,-0.8640352435676797,-0.8626460092630885,-0.8472557853541701,-1.4403738151111767,-1.2514468064787774,-0.7428765592805427,-0.5188694008190425,-0.40429883495440877,-0.4787469954890114,-0.08831188202638451,-0.10052400424755978,-0.11840625300507061,0.2664280695113728,0.19335715330940045,0.3835470295176205,0.15920715424919285,-0.45731505192368016,-0.3061329376672015,-0.726200794321542,-1.0689695696805244,-0.8858427052957448,-0.9938528795126279,-1.3032916925971294,0.49816738739564725,0.44883612207455736,0.4871612807485168,0.39480571731936265,0.3410447800924813,0.4005004114651518,0.57684359714644,0.3904118117105124,0.6542292282898406,0.4899437052464435,0.47168975824162146,0.4899437052464435,0.416200788703421,-0.5217521752346076,-1.6416880800479894,-0.32223143719212805,-0.3661269112798581,-0.4100117422441859,-0.4311300485124908,-0.471625352128317,-0.6088111278061494,0.020358729366469895,0.5265984360213707,0.2982057074068677,0.2831663060144821,0.5167110993984889,1.0279817384787158,0.4
2016-05-01,0.47376428159606315,0.5628540204666856,0.6613196928831316,0.34123766019672425,0.5997291889510253,-0.8962416693393476,0.6451022547874298,0.46210123225851524,-0.692339835223883,0.6259178404618777,0.575533622847437,0.5570909191007528,-0.18183666966159623,0.4359617669617266,-1.4260768722728474,0.16577625114937022,-0.21616246110607848,-0.022766830698015064,0.23069466983706935,0.5023504226921482,-0.4221878105887048,0.3,-1.639976270133218,-1.335177736118937,-1.2758170414017849,-1.384539957914909,-1.593891450036447,-1.5509628022184883,-1.639976270133218,-1.2758170414017849,-1.0299567622253682,-1.1718187298172502,-1.2206403488473496,-0.8529581204487251,-0.7349825009733046,-0.6844844588716623,-0.8472557853541701,-1.4403738151111767,-1.2514468064787774,-0.7428765592805427,-0.5188694008190425,-0.40429883495440877,0.24055007852310092,-0.04411384054175015,-0.10052400424755978,0.2953247844530029,0.2664280695113728,0.4033965287945584,0.24282538485776145,-0.9592831978337929,-0.45731505192368016,-0.3061329376672015,-0.726200794321542,-1.0689695696805244,-0.8858427052957448,-0.9938528795126279,0.5322724851530205,0.4717492349774897,0.5032611634850576,0.4301942994918234,0.3069041876816341,0.3410447800924813,0.6592563579565722,0.3968787405691176,0.7181180428067174,0.6542292282898406,0.4990706787488544,0.47168975824162146,0.6559772087459617,0.416200788703421,-0.5217521752346076,-0.26818593577586297,-0.32223143719212805,-0.3661269112798581,-0.4100117422441859,-0.4311300485124908,-0.5963916058052056,-0.01272189272525788,0.5246648999131688,0.30882720785926915,0.2982057074068677,0.5045270962389209,0.9116998089757086,0.5
2016-06-01,0.4884171308477078,0.5047130557151821,0.6447136962988547,0.3633675289650799,0.6410276261352544,-0.9835903855376209,0.6085943607777858,0.5632409449155419,-0.7144940814617922,0.623809133973399,0.5708924860921482,0.5845268464571814,-0.22067110733535295,0.4920710695025539,-0.967421566101701,0.22112803882743412,-0.19125451737265725,0.03972606445959765,1.4923507439785646,0.5624245940938082,-0.3316633120508042,0.5,-1.4260768722728474,-1.639976270133218,-1.335177736118937,-1.2758170414017849,-1.4260768722728474,-1.593891450036447,-1.5509628022184883,-1.639976270133218,-1.2758170414017849,-1.0299567622253682,-1.1718187298172502,-0.8086496279729066,-0.6409146527597797,-0.4221878105887048,-0.6844844588716623,-0.8472557853541701,-1.4403738151111767,-1.2514468064787774,-0.7428765592805427,-0.5188694008190425,0.2176519719879305,-0.022766830698015064,-0.04411384054175015,0.29689645722926844,0.2953247844530029,0.4194976247745642,0.3010976281029333,-0.7844736685236966,-0.9592831978337929,-0.45731505192368016,-0.3061329376672015,-0.726200794321542,-1.0689695696805244,-0.8858427052957448,0.5317008995726472,0.4671895913328532,0.5044989253694965,0.4359617669617266,0.39480571731936265,0.3069041876816341,0.6657628986964641,0.41236266500794644,0.6451022547874298,0.7181180428067174,0.43518186423197763,0.4990706787488544,0.30332651763758023,0.6559772087459617,0.416200788703421,-0.21616246110607848,-0.26818593577586297,-0.32223143719212805,-0.3661269112798581,-0.4100117422441859,-0.5859783597237492,-0.023919898819850512,0.5193588166076689,0.3232948222478629,0.30882720785926915,0.5077730275825914,0.8826293265999563,0.3
2016-07-01,0.4898653775760677,0.446572090963678,0.6539340230142044,0.38879036508978154,0.7016556013366462,-1.0507817056901387,0.6268483077826079,0.5163442767326206,-0.7366483276997015,0.6331645186274374,0.5905886612797941,0.5912906572784575,-0.2789561059326596,0.43827513050217076,-1.0016796950460707,0.25970979003492767,-0.11309081604702838,-0.06821570394983997,0.2910849835350727,0.5179744395344198,-0.5152485371272344,0.6,-0.967421566101701,-1.4260768722728474,-1.639976270133218,-1.335177736118937,-1.384539957914909,-1.4260768722728474,-1.593891450036447,-1.5509628022184883,-1.639976270133218,-1.2758170414017849,-1.0299567622253682,-0.8141881895323838,-0.6745103128360386,-0.3316633120508042,-0.4221878105887048,-0.6844844588716623,-0.8472557853541701,-1.4403738151111767,-1.2514468064787774,-0.7428765592805427,-0.20289840274587104,0.03972606445959765,-0.022766830698015064,0.2716172419163766,0.29689645722926844,0.4270796223524501,0.3076492935291516,-0.5790439792557229,-0.7844736685236966,-0.9592831978337929,-0.45731505192368016,-0.3061329376672015,-0.726200794321542,-1.0689695696805244,0.5201326286127704,0.4633612956278806,0.5221903550359216,0.4920710695025539,0.4301942994918234,0.39480571731936265,0.6528651651653896,0.4136348477269429,0.6085943607777858,0.6451022547874298,0.6451022547874298,0.43518186423197763,-0.4231033460098464,0.30332651763758023,0.6559772087459617,-0.19125451737265725,-0.21616246110607848,-0.26818593577586297,-0.32223143719212805,-0.3661269112798581,-0.5659488219328637,-0.01098699269327876,0.5182684986682397,0.34123766019672425,0.3232948222478629,0.5332700534995295,0.8535588442242045,0.5
2016-08-01,0.501536542386971,0.446572090963678,0.6907212449091243,0.42404242972450096,0.7697476786227668,-1.0104669135986282,0.6816101487970736,0.3843000163709455,-0.7034169583428376,0.6586375077488582,0.6095181459862564,0.6053992052016515,-0.2319952924078776,0.43104882340532047,-0.9474012715571217,0.2693486259619748,-0.05398115223154871,-0.07545763159777383,-0.9373435609935401,0.5257914671412277,-0.5157533990119685,0.7,-1.0016796950460707,-0.967421566101701,-1.4260768722728474,-1.639976270133218,-1.2758170414017849,-1.384539957914909,-1.4260768722728474,-1.593891450036447,-1.5509628022184883,-1.639976270133218,-1.2758170414017849,-0.8751123666866344,-0.7349825009733046,-0.5152485371272344,-0.3316633120508042,-0.4221878105887048,-0.6844844588716623,-0.8472557853541701,-1.4403738151111767,-1.2514468064787774,-0.5966337962643248,-0.06821570394983997,0.03972606445959765,0.1359883306352508,0.2716172419163766,0.42767595924059765,0.2877853006482393,-0.632788391868385,-0.5790439792557229,-0.7844736685236966,-0.9592831978337929,-0.45731505192368016,-0.3061329376672015,-0.726200794321542,0.5273379851771112,0.5038165625777403,0.5519445234624668,0.43827513050217076,0.4359617669617266,0.4301942994918234,0.5576721635864843,0.42385264621241414,0.6268483077826079,0.6085943607777858,0.6633562017922516,0.6451022547874298,0.7186036271410401,-0.4231033460098464,0.30332651763758023,-0.11309081604702838,-0.19125451737265725,-0.21616246110607848,-0.26818593577586297,-0.32223143719212805,-0.5498568206239415,0.04061612220536926,0.5217205305033091,0.3633675289650799,0.34123766019672425,0.5892506085570194,0.8535588442242045,0.6
2016-09-01,0.5174672563989335,0.446572090963678,0.7425620614413574,0.47446277618542615,0.8223439996151309,-0.9768712535223691,0.7546259368163611,0.2725128515355992,-0.692339835223883,0.6421641671989182,0.5955893301715058,0.5886539443827623,-0.1062865323669948,0.42898059772567537,-0.7990827621351786,0.2373067534333177,0.0014672306358985677,-0.01715594445351584,0.06396044039333001,0.599627285376637,-0.4869439602308695,0.6,-0.9474012715571217,-1.0016796950460707,-0.967421566101701,-1.4260768722728474,-1.335177736118937,-1.2758170414017849,-1.384539957914909,-1.4260768722728474,-1.593891450036447,-1.5509628022184883,-1.639976270133218,-0.7532640123781333,-0.7685781610495636,-0.5157533990119685,-0.5152485371272344,-0.3316633120508042,-0.4221878105887048,-0.6844844588716623,-0.8472557853541701,-1.4403738151111767,-0.4787469954890114,-0.07545763159777383,-0.06821570394983997,0.11004755405849342,0.1359883306352508,0.4161751763977376,0.2787875585869631,-0.3679279486611826,-0.632788391868385,-0.5790439792557229,-0.7844736685236966,-0.9592831978337929,-0.45731505192368016,-0.3061329376672015,0.5336373965918294,0.5306828474114323,0.5487751065078744,0.43104882340532047,0.4920710695025539,0.4359617669617266,0.4511125282623255,0.4583528345145745,0.6816101487970736,0.6268483077826079,0.5812134402705531,0.6633562017922516,0.15769271824964107,0.7186036271410401,-0.4231033460098464,-0.05398115223154871,-0.11309081604702838,-0.19125451737265725,-0.21616246110607848,-0.26818593577586297,-0.5381733394545269,0.11418529432142852,0.5283600053364819,0.38879036508978154,0.3633675289650799,0.5948016215795305,0.8826293265999563,0.7
2016-10-01,0.5346758351712141,0.3593606438364227,0.8016944628760313,0.5402656226623662,0.8459338122357477,-0.916399065385103,0.7728798838211832,0.25991865588292595,-0.6535699043075416,0.6825829467742505,0.6249292110857012,0.6115307102155731,-0.13773721339282574,0.48404581116446627,-0.4727891209922672,0.2118843650974002,0.06412603014020218,0.05051878156359761,-0.6043597169482459,0.5416481101114852,-0.24281419161376222,0.9,-0.7990827621351786,-0.9474012715571217,-1.0016796950460707,-0.967421566101701,-1.639976270133218,-1.335177736118937,-1.2758170414017849,-1.384539957914909,-1.4260768722728474,-1.593891450036447,-1.5509628022184883,-0.659108465867019,-0.8357694812020816,-0.4869439602308695,-0.5157533990119685,-0.5152485371272344,-0.3316633120508042,-0.4221878105887048,-0.6844844588716623,-0.8472557853541701,-0.40429883495440877,-0.01715594445351584,-0.07545763159777383,0.09919599823148198,0.11004755405849342,0.4161751763977376,0.3037361157349933,-0.20614911304133315,-0.3679279486611826,-0.632788391868385,-0.5790439792557229,-0.7844736685236966,-0.9592831978337929,-0.45731505192368016,0.5201667677123816,0.5036508435911274,0.5310088342650767,0.42898059772567537,0.43827513050217076,0.4920710695025539,0.43117163873519054,0.43950590340360324,0.7546259368163611,0.6816101487970736,0.2343884471789366,0.5812134402705531,0.4057966907620077,0.15769271824964107,0.7186036271410401,0.0014672306358985677,-0.05398115223154871,-0.11309081604702838,-0.19125451737265725,-0.21616246110607848,-0.508613235802178,0.1593331730060084,0.5364077422225827,0.42404242972450096,0.38879036508978154,0.5379272593404476,0.8826293265999563,0.6
2016-11-01,0.5374871376439134,0.3012196790849186,0.8879233346578637,0.6147800692955914,0.8612683099973499,-0.6946677088817939,0.7728798838211832,0.32169343256655475,-0.6092614118317231,0.6821890382150161,0.6154043057227495,0.5961309600089373,-0.4733768444020814,0.4709674246683903,-0.38941429785214443,0.2068428371825893,0.12065199025974482,0.01571681717014036,0.16969967066008748,0.5542389157009637,-0.3582630113171674,0.6,-0.4727891209922672,-0.7990827621351786,-0.9474012715571217,-1.0016796950460707,-1.4260768722728474,-1.639976270133218,-1.335177736118937,-1.2758170414017849,-1.384539957914909,-1.4260768722728474,-1.593891450036447,-0.7200326430212695,-0.6476337847750314,-0.24281419161376222,-0.4869439602308695,-0.5157533990119685,-0.5152485371272344,-0.3316633120508042,-0.4221878105887048,-0.6844844588716623,-0.5188694008190425,0.05051878156359761,-0.01715594445351584,0.006280109561523947,0.09919599823148198,0.42137182642302967,0.3332076509949737,-0.18183666966159623,-0.20614911304133315,-0.3679279486611826,-0.632788391868385,-0.5790439792557229,-0.7844736685236966,-0.9592831978337929,0.5437655158273562,0.5565011455625778,0.5843747013439544,0.48404581116446627,0.43104882340532047,0.43827513050217076,0.44716835223456824,0.4463711049202316,0.7728798838211832,0.7546259368163611,0.572086466768142,0.2343884471789366,0.23069466983706935,0.4057966907620077,0.15769271824964107,0.06412603014020218,0.0014672306358985677,-0.05398115223154871,-0.11309081604702838,-0.19125451737265725,-0.471625352128317,0.16090997664854928,0.5448705105545215,0.47446277618542615,0.42404242972450096,0.488988964024226,0.8244883618484528,0.9
2016-12-01,0.5519696049275161,0.18493774958191148,1.0079757518903978,0.6792517548985684,0.8936014519017138,-0.4527789563327295,1.1197048769127995,0.4056760789590274,-0.5372601115585179,0.6863363121614755,0.6140246275329816,0.6181955223081418,-0.7607128851234012,0.5855893869477061,-0.012660076940314008,0.2690661378543142,0.23428430057783942,0.07101311907953989,-0.7423401279929693,0.6408729804611648,-0.040667835878389916,0.9,-0.38941429785214443,-0.4727891209922672,-0.7990827621351786,-0.9474012715571217,-0.967421566101701,-1.4260768722728474,-1.639976270133218,-1.335177736118937,-1.2758170414017849,-1.384539957914909,-1.4260768722728474,-0.7255712045807468,-0.627476388729276,-0.3582630113171674,-0.24281419161376222,-0.4869439602308695,-0.5157533990119685,-0.5152485371272344,-0.3316633120508042,-0.4221878105887048,-0.7428765592805427,0.01571681717014036,0.05051878156359761,-0.08173715796097958,0.006280109561523947,0.4143861657332925,0.3220133182741489,-0.22067110733535295,-0.18183666966159623,-0.20614911304133315,-0.3679279486611826,-0.632788391868385,-0.5790439792557229,-0.7844736685236966,0.5226421969915799,0.5340402726081785,0.570327454029457,0.4709674246683903,0.42898059772567537,0.43104882340532047,0.4005004114651518,0.48684981404841027,0.7728798838211832,0.7728798838211832,0.8915305393525256,0.572086466768142,1.4923507439785646,0.23069466983706935,0.4057966907620077,0.12065199025974482,0.06412603014020218,0.0014672306358985677,-0.05398115223154871,-0.11309081604702838,-0.4311300485124908,0.1364436371767685,0.5517207927945506,0.5402656226623662,0.47446277618542615,0.5733502492213628,0.7954178794727009,0.6
2017-01-01,0.5843421788555685,0.1558672672061592,1.0694132350039125,0.7268549919001995,0.9613147602644665,-0.47965548439373673,1.0649430358983338,0.4765517702119559,-0.5594143577964271,0.7024712274209844,0.6421451900330445,0.6645863982366106,-0.8060429675001629,0.6925826708317802,0.7700316157370036,0.39126238989049944,0.29004239700747547,0.1803692185579206,0.4563852678953227,0.581587809102788,-0.06408431359991404,1.3,-0.012660076940314008,-0.38941429785214443,-0.4727891209922672,-0.7990827621351786,-1.0016796950460707,-0.967421566101701,-1.4260768722728474,-1.639976270133218,-1.335177736118937,-1.2758170414017849,-1.384539957914909,-0.6535699043075416,-0.7484207650038083,-0.040667835878389916,-0.3582630113171674,-0.24281419161376222,-0.4869439602308695,-0.5157533990119685,-0.5152485371272344,-0.3316633120508042,-1.2514468064787774,0.07101311907953989,0.01571681717014036,-0.11840625300507061,-0.08173715796097958,0.4177938050941395,0.24613710008773096,-0.2789561059326596,-0.22067110733535295,-0.18183666966159623,-0.20614911304133315,-0.3679279486611826,-0.632788391868385,-0.5790439792557229,0.5369587933282546,0.5744093848815683,0.602396095963824,0.5855893869477061,0.48404581116446627,0.42898059772567537,0.3410447800924813,0.46154179650318394,1.1197048769127995,0.7728798838211832,0.4899437052464435,0.8915305393525256,0.2910849835350727,1.4923507439785646,0.23069466983706935,0.23428430057783942,0.12065199025974482,0.06412603014020218,0.0014672306358985677,-0.05398115223154871,-0.4100117422441859,0.09595225078554337,0.5565433096054833,0.6147800692955914,0.5402656226623662,0.6667295784559201,0.7663473970969491,0.9
2017-02-01,0.5958429616984298,0.1267967848304074,1.114385848982873,0.7574956025341721,1.0359913506605485,-0.4930937484242403,1.001054221381457,0.527026732370966,-0.5649529193559046,0.7425526295166137,0.6604218643832909,0.6865272045555542,-1.0384433737850793,0.6866974159052216,0.806544733494099,0.6660481190611701,0.3439943753077691,0.16606754663571516,-0.43552589050745233,0.5922713575713567,0.018315460466735812,1.6,0.7700316157370036,-0.012660076940314008,-0.38941429785214443,-0.4727891209922672,-0.9474012715571217,-1.0016796950460707,-0.967421566101701,-1.4260768722728474,-1.639976270133218,-1.335177736118937,-1.2758170414017849,-0.7089555199023148,-0.9499947254613619,-0.06408431359991404,-0.040667835878389916,-0.3582630113171674,-0.24281419161376222,-0.4869439602308695,-0.5157533990119685,-0.5152485371272344,-1.4403738151111767,0.1803692185579206,0.07101311907953989,-0.10052400424755978,-0.11840625300507061,0.4134490649090586,0.16833569923579889,-0.2319952924078776,-0.2789561059326596,-0.22067110733535295,-0.18183666966159623,-0.20614911304133315,-0.3679279486611826,-0.632788391868385,0.521529932904645,0.5756499273788684,0.6099261177276843,0.6925826708317802,0.4709674246683903,0.48404581116446627,0.3069041876816341,0.4747532435891436,1.0649430358983338,1.1197048769127995,0.6542292282898406,0.4899437052464435,-0.9373435609935401,0.2910849835350727,1.4923507439785646,0.29004239700747547,0.23428430057783942,0.12065199025974482,0.06412603014020218,0.0014672306358985677,-0.3661269112798581,0.05852134264608782,0.5608674183443833,0.6792517548985684,0.6147800692955914,0.6551100850952432,0.8244883618484528,1.3
2017-03-01,0.5914982215133489,0.09772630245465563,1.202355292644642,0.7753396546626057,1.077009485425622,-0.4191832962564707,1.229228558941731,0.5590578068812979,-0.4597202497258354,0.7502706553166838,0.6767683728534484,0.6933991922022668,-0.521107557019052,0.6430989080002288,0.6665642591979043,0.7327258749715532,0.4050669396385533,0.15197057297767413,-0.7649097396786743,0.6305548926468177,-0.21992634476313475,1.4,0.806544733494099,0.7700316157370036,-0.012660076940314008,-0.38941429785214443,-0.7990827621351786,-0.9474012715571217,-1.0016796950460707,-0.967421566101701,-1.4260768722728474,-1.639976270133218,-1.335177736118937,-0.692339835223883,-0.8424886132173334,0.018315460466735812,-0.06408431359991404,-0.040667835878389916,-0.3582630113171674,-0.24281419161376222,-0.4869439602308695,-0.5157533990119685,-0.8472557853541701,0.16606754663571516,0.1803692185579206,-0.04411384054175015,-0.10052400424755978,0.43287260926589094,0.1693287800242517,-0.1062865323669948,-0.2319952924078776,-0.2789561059326596,-0.22067110733535295,-0.18183666966159623,-0.20614911304133315,-0.3679279486611826,0.555778600770929,0.6160634657457885,0.6479214149889932,0.6866974159052216,0.5855893869477061,0.4709674246683903,0.39480571731936265,0.54752845100679,1.001054221381457,1.0649430358983338,0.7181180428067174,0.6542292282898406,0.06396044039333001,-0.9373435609935401,0.2910849835350727,0.3439943753077691,0.29004239700747547,0.23428430057783942,0.12065199025974482,0.06412603014020218,-0.32223143719212805,0.05764700049576357,0.5666444346817471,0.7268549919001995,0.6792517548985684,0.6676704281207496,0.7663473970969491,1.6
2017-04-01,0.607684508477375,0.039585337703152076,1.2999214028876924,0.7894140661069573,1.0702861464038134,-0.5468468045462546,1.238355532444142,0.5855395181673221,-0.4431045650474035,0.8898918567789948,0.8147181167412717,0.7604316659062967,-0.2711328399604506,0.6258794450882201,0.6985257103450605,0.7111414976580773,0.43030624366753734,0.14408646217846305,-1.3225388355062124,0.6170853533684468,-0.18390518349810464,2.0,0.6665642591979043,0.806544733494099,0.7700316157370036,-0.012660076940314008,-0.4727891209922672,-0.7990827621351786,-0.9474012715571217,-1.0016796950460707,-0.967421566101701,-1.4260768722728474,-1.639976270133218,-0.7144940814617922,-0.9231181974003547,-0.21992634476313475,0.018315460466735812,-0.06408431359991404,-0.040667835878389916,-0.3582630113171674,-0.24281419161376222,-0.4869439602308695,-0.6844844588716623,0.15197057297767413,0.16606754663571516,-0.022766830698015064,-0.04411384054175015,0.4601337241526716,0.2959973724187831,-0.13773721339282574,-0.1062865323669948,-0.2319952924078776,-0.2789561059326596,-0.22067110733535295,-0.18183666966159623,-0.20614911304133315,0.5394357410133677,0.5506612875025358,0.586679422509045,0.6430989080002288,0.6925826708317802,0.5855893869477061,0.4301942994918234,0.494829303404586,1.229228558941731,1.001054221381457,0.6451022547874298,0.7181180428067174,-0.6043597169482459,0.06396044039333001,-0.9373435609935401,0.4050669396385533,0.3439943753077691,0.29004239700747547,0.23428430057783942,0.12065199025974482,-0.26818593577586297,0.1025718763062999,0.577833007215878,0.7574956025341721,0.7268549919001995,0.67844315678307,0.6791359499696933,1.4
2017-05-01,0.6040212961644644,-0.04762610942410378,1.4164456338771105,0.802300456090328,1.0366458561992333,-0.5334085405157509,1.3570061879754847,0.6141126057729009,-0.3987960725715849,0.8187727422822706,0.7473492126039607,0.715643122982263,-0.08620247179672318,0.5410555043593267,0.501297710767729,0.6400996528577844,0.468782528670878,0.058749285210194346,-0.70851294715268,0.6329918497190751,-0.3490290865802341,1.5,0.6985257103450605,0.6665642591979043,0.806544733494099,0.7700316157370036,-0.38941429785214443,-0.4727891209922672,-0.7990827621351786,-0.9474012715571217,-1.0016796950460707,-0.967421566101701,-1.4260768722728474,-0.7366483276997015,-0.8962416693393476,-0.18390518349810464,-0.21992634476313475,0.018315460466735812,-0.06408431359991404,-0.040667835878389916,-0.3582630113171674,-0.24281419161376222,-0.4221878105887048,0.14408646217846305,0.15197057297767413,0.03972606445959765,-0.022766830698015064,0.47376428159606315,0.46210123225851524,-0.4733768444020814,-0.13773721339282574,-0.1062865323669948,-0.2319952924078776,-0.2789561059326596,-0.22067110733535295,-0.18183666966159623,0.5570909191007528,0.575533622847437,0.6259178404618777,0.6258794450882201,0.6866974159052216,0.6925826708317802,0.4359617669617266,0.5023504226921482,1.238355532444142,1.229228558941731,0.6085943607777858,0.6451022547874298,0.16969967066008748,-0.6043597169482459,0.06396044039333001,0.43030624366753734,0.4050669396385533,0.3439943753077691,0.29004239700747547,0.23428430057783942,-0.21616246110607848,0.16577625114937022,0.5997291889510253,0.7753396546626057,0.7574956025341721,0.6613196928831316,0.5628540204666856,2.0
2017-06-01,0.6111773388222448,-0.07669659179985557,1.524972642715454,0.8200989224651786,1.0119330060781466,-0.5804424646225135,1.5577996050285257,0.6608474990478949,-0.3544875800957664,0.7837665263010807,0.6973813771894648,0.6643052015043801,-0.1249368832104737,0.49652930570132076,0.13971029888186212,0.5157047936930386,0.5072561562097558,0.020559005633834133,-0.3165430223561296,0.7001988303451867,-0.5477960658010707,0.9,0.501297710767729,0.6985257103450605,0.6665642591979043,0.806544733494099,-0.012660076940314008,-0.38941429785214443,-0.4727891209922672,-0.7990827621351786,-0.9474012715571217,-1.0016796950460707,-0.967421566101701,-0.7034169583428376,-0.9835903855376209,-0.3490290865802341,-0.18390518349810464,-0.21992634476313475,0.018315460466735812,-0.06408431359991404,-0.040667835878389916,-0.3582630113171674,-0.3316633120508042,0.058749285210194346,0.14408646217846305,-0.06821570394983997,0.03972606445959765,0.4884171308477078,0.5632409449155419,-0.7607128851234012,-0.4733768444020814,-0.13773721339282574,-0.1062865323669948,-0.2319952924078776,-0.2789561059326596,-0.22067110733535295,0.5845268464571814,0.5708924860921482,0.623809133973399,0.5410555043593267,0.6430989080002288,0.6866974159052216,0.4920710695025539,0.5624245940938082,1.3570061879754847,1.238355532444142,0.6268483077826079,0.6085943607777858,-0.7423401279929693,0.16969967066008748,-0.6043597169482459,0.468782528670878,0.43030624366753734,0.4050669396385533,0.3439943753077691,0.29004239700747547,-0.19125451737265725,0.22112803882743412,0.6410276261352544,0.7894140661069573,0.7753396546626057,0.6447136962988547,0.5047130557151821,1.5
2017-07-01,0.6143294052310282,-0.13483755655135965,1.5669345377669464,0.8457402823816271,1.0252106695712717,-0.5132511444699955,1.6125614460429916,0.7318925145429749,-0.3434104569768118,0.8111756923284705,0.7283333728345752,0.6898427328858434,-0.03763517591422086,0.5013763644530531,0.05066061676587685,0.4869544143372042,0.5732583613446249,-0.0241696573570312,-0.7731613412978685,0.654696605441841,-0.5389671876925577,0.9,0.13971029888186212,0.501297710767729,0.6985257103450605,0.6665642591979043,0.7700316157370036,-0.012660076940314008,-0.38941429785214443,-0.4727891209922672,-0.7990827621351786,-0.9474012715571217,-1.0016796950460707,-0.692339835223883,-1.0507817056901387,-0.5477960658010707,-0.3490290865802341,-0.18390518349810464,-0.21992634476313475,0.018315460466735812,-0.06408431359991404,-0.040667835878389916,-0.5152485371272344,0.020559005633834133,0.058749285210194346,-0.07545763159777383,-0.06821570394983997,0.4898653775760677,0.5163442767326206,-0.8060429675001629,-0.7607128851234012,-0.4733768444020814,-0.13773721339282574,-0.1062865323669948,-0.2319952924078776,-0.2789561059326596,0.5912906572784575,0.5905886612797941,0.6331645186274374,0.49652930570132076,0.6258794450882201,0.6430989080002288,0.43827513050217076,0.5179744395344198,1.5577996050285257,1.3570061879754847,0.6816101487970736,0.6268483077826079,0.4563852678953227,-0.7423401279929693,0.16969967066008748,0.5072561562097558,0.468782528670878,0.43030624366753734,0.4050669396385533,0.3439943753077691,-0.11309081604702838,0.25970979003492767,0.7016556013366462,0.802300456090328,0.7894140661069573,0.6539340230142044,0.446572090963678,0.9
2017-08-01,0.6334121856517754,-0.16390803892711142,1.5485409268194898,0.8811675833908916,1.0674488126586177,-0.5737233326072617,1.4026410554875393,0.8226740684372472,-0.3378718954173344,0.8665382458203066,0.7757604677015197,0.7322454269822439,0.14808024683563642,0.5566844008610586,0.1781745977224104,0.57515746670124,0.6301038451801958,0.08236109602681488,-2.008051209059627,0.6656666484366546,-0.4766663277580876,1.1,0.05066061676587685,0.13971029888186212,0.501297710767729,0.6985257103450605,0.806544733494099,0.7700316157370036,-0.012660076940314008,-0.38941429785214443,-0.4727891209922672,-0.7990827621351786,-0.9474012715571217,-0.6535699043075416,-1.0104669135986282,-0.5389671876925577,-0.5477960658010707,-0.3490290865802341,-0.18390518349810464,-0.21992634476313475,0.018315460466735812,-0.06408431359991404,-0.5157533990119685,-0.0241696573570312,0.020559005633834133,-0.01715594445351584,-0.07545763159777383,0.501536542386971,0.3843000163709455,-1.0384433737850793,-0.8060429675001629,-0.7607128851234012,-0.4733768444020814,-0.13773721339282574,-0.1062865323669948,-0.2319952924078776,0.6053992052016515,0.6095181459862564,0.6586375077488582,0.5013763644530531,0.5410555043593267,0.6258794450882201,0.43104882340532047,0.5257914671412277,1.6125614460429916,1.5577996050285257,0.7546259368163611,0.6816101487970736,-0.43552589050745233,0.4563852678953227,-0.7423401279929693,0.5732583613446249,0.5072561562097558,0.468782528670878,0.43030624366753734,0.4050669396385533,-0.05398115223154871,0.2693486259619748,0.7697476786227668,0.8200989224651786,0.802300456090328,0.6907212449091243,0.446572090963678,0.9
2017-09-01,0.6651884226916802,-0.28018996843011906,1.554421237224683,0.9248583829189504,1.1185136611308024,-0.5602850685767581,1.5304186845212926,0.9167161088091395,-0.31017908761994784,0.8589473924034529,0.7586365524966103,0.7371819037927629,0.333316755976965,0.6089055625542683,0.21690442598171078,0.596942041608226,0.6712245375166127,0.2313981986046278,0.06270236892304633,0.7403746230470842,-0.3888948336565013,1.4,0.1781745977224104,0.05066061676587685,0.13971029888186212,0.501297710767729,0.6665642591979043,0.806544733494099,0.7700316157370036,-0.012660076940314008,-0.38941429785214443,-0.4727891209922672,-0.7990827621351786,-0.6092614118317231,-0.9768712535223691,-0.4766663277580876,-0.5389671876925577,-0.5477960658010707,-0.3490290865802341,-0.18390518349810464,-0.21992634476313475,0.018315460466735812,-0.4869439602308695,0.08236109602681488,-0.0241696573570312,0.05051878156359761,-0.01715594445351584,0.5174672563989335,0.2725128515355992,-0.521107557019052,-1.0384433737850793,-0.8060429675001629,-0.7607128851234012,-0.4733768444020814,-0.13773721339282574,-0.1062865323669948,0.5886539443827623,0.5955893301715058,0.6421641671989182,0.5566844008610586,0.49652930570132076,0.5410555043593267,0.42898059772567537,0.599627285376637,1.4026410554875393,1.6125614460429916,0.7728798838211832,0.7546259368163611,-0.7649097396786743,-0.43552589050745233,0.4563852678953227,0.6301038451801958,0.5732583613446249,0.5072561562097558,0.468782528670878,0.43030624366753734,0.0014672306358985677,0.2373067534333177,0.8223439996151309,0.8457402823816271,0.8200989224651786,0.7425620614413574,0.446572090963678,1.1
2017-10-01,0.6763484415984563,-0.30926045080587083,1.5522102405123286,0.9735184637372826,1.1606379597158627,-0.43934069230222594,1.5851805255357585,0.9964591802729483,-0.24371634890622004,0.9583216476074004,0.8559559982621235,0.7921800304050431,0.4006313978641633,0.6178600548840771,0.11418529432142852,0.5459891234680159,0.714275725433323,0.21410407132801537,-0.5483862734088156,0.6808910868077109,-0.32203212216425664,1.4,0.21690442598171078,0.1781745977224104,0.05066061676587685,0.13971029888186212,0.6985257103450605,0.6665642591979043,0.806544733494099,0.7700316157370036,-0.012660076940314008,-0.38941429785214443,-0.4727891209922672,-0.5372601115585179,-0.916399065385103,-0.3888948336565013,-0.4766663277580876,-0.5389671876925577,-0.5477960658010707,-0.3490290865802341,-0.18390518349810464,-0.21992634476313475,-0.24281419161376222,0.2313981986046278,0.08236109602681488,0.01571681717014036,0.05051878156359761,0.5346758351712141,0.25991865588292595,-0.2711328399604506,-0.521107557019052,-1.0384433737850793,-0.8060429675001629,-0.7607128851234012,-0.4733768444020814,-0.13773721339282574,0.6115307102155731,0.6249292110857012,0.6825829467742505,0.6089055625542683,0.5013763644530531,0.49652930570132076,0.48404581116446627,0.5416481101114852,1.5304186845212926,1.4026410554875393,0.7728798838211832,0.7728798838211832,-1.3225388355062124,-0.7649097396786743,-0.43552589050745233,0.6712245375166127,0.6301038451801958,0.5732583613446249,0.5072561562097558,0.468782528670878,0.06412603014020218,0.2118843650974002,0.8459338122357477,0.8811675833908916,0.8457402823816271,0.8016944628760313,0.3593606438364227,1.4
2017-11-01,0.6886159432975071,-0.4255423803088785,1.5166931656649336,1.0257774144836018,1.195466621246073,-0.3923067681954635,1.466529870004416,1.0495020779710764,-0.15509936395458288,0.8818468099344986,0.7755992204708829,0.7737956761426628,0.08986193241166862,0.689318471371677,0.19105200614617424,0.42156872487422786,0.7522774449115146,0.24015566426100873,-0.37474119951024903,0.6887304856904424,-0.1374798344979692,1.5,0.11418529432142852,0.21690442598171078,0.1781745977224104,0.05066061676587685,0.501297710767729,0.6985257103450605,0.6665642591979043,0.806544733494099,0.7700316157370036,-0.012660076940314008,-0.38941429785214443,-0.5594143577964271,-0.6946677088817939,-0.32203212216425664,-0.3888948336565013,-0.4766663277580876,-0.5389671876925577,-0.5477960658010707,-0.3490290865802341,-0.18390518349810464,-0.3582630113171674,0.21410407132801537,0.2313981986046278,0.07101311907953989,0.01571681717014036,0.5374871376439134,0.32169343256655475,-0.08620247179672318,-0.2711328399604506,-0.521107557019052,-1.0384433737850793,-0.8060429675001629,-0.7607128851234012,-0.4733768444020814,0.5961309600089373,0.6154043057227495,0.6821890382150161,0.6178600548840771,0.5566844008610586,0.5013763644530531,0.4709674246683903,0.5542389157009637,1.5851805255357585,1.5304186845212926,1.1197048769127995,0.7728798838211832,-0.70851294715268,-1.3225388355062124,-0.7649097396786743,0.714275725433323,0.6712245375166127,0.6301038451801958,0.5732583613446249,0.5072561562097558,0.12065199025974482,0.2068428371825893,0.8612683099973499,0.9248583829189504,0.8811675833908916,0.8879233346578637,0.3012196790849186,1.4
2017-12-01,0.7010538269646011,-0.483683345060382,1.4881854208205274,1.073092435517557,1.2233316813148918,-0.30495805199719006,1.439148949497183,1.054759663939185,-0.07755950212190045,0.8877992839265026,0.7758142857810779,0.7822857725402781,0.011392846984079823,0.7320377351740579,-0.11418529432142824,0.41903864817729847,0.8159397431102667,0.2540325942621599,-0.04991567523329121,0.7694246345561665,-0.1114182807474767,1.5,0.19105200614617424,0.11418529432142852,0.21690442598171078,0.1781745977224104,0.13971029888186212,0.501297710767729,0.6985257103450605,0.6665642591979043,0.806544733494099,0.7700316157370036,-0.012660076940314008,-0.5649529193559046,-0.4527789563327295,-0.1374798344979692,-0.32203212216425664,-0.3888948336565013,-0.4766663277580876,-0.5389671876925577,-0.5477960658010707,-0.3490290865802341,-0.040667835878389916,0.24015566426100873,0.21410407132801537,0.1803692185579206,0.07101311907953989,0.5519696049275161,0.4056760789590274,-0.1249368832104737,-0.08620247179672318,-0.2711328399604506,-0.521107557019052,-1.0384433737850793,-0.8060429675001629,-0.7607128851234012,0.6181955223081418,0.6140246275329816,0.6863363121614755,0.689318471371677,0.6089055625542683,0.5566844008610586,0.5855893869477061,0.6408729804611648,1.466529870004416,1.5851805255357585,1.0649430358983338,1.1197048769127995,-0.3165430223561296,-0.70851294715268,-1.3225388355062124,0.7522774449115146,0.714275725433323,0.6712245375166127,0.6301038451801958,0.5732583613446249,0.23428430057783942,0.2690661378543142,0.8936014519017138,0.9735184637372826,0.9248583829189504,1.0079757518903978,0.18493774958191148,1.5
2018-01-01,0.7332560189246115,-0.5127538274361338,1.4867271038400431,1.1141049228783197,1.248771582883862,-0.17057541169215445,1.430021975994772,1.0016371379913962,-0.022173886527127207,0.879713665354884,0.7425229582342614,0.7696746977273305,-0.1197264243936467,0.7916079422082434,-0.4727891209922672,0.6036715483455142,0.862829843949207,0.3481716198652021,0.165353592564506,0.7061394780462613,0.06474001047779988,1.0,-0.11418529432142824,0.19105200614617424,0.11418529432142852,0.21690442598171078,0.05066061676587685,0.13971029888186212,0.501297710767729,0.6985257103450605,0.6665642591979043,0.806544733494099,0.7700316157370036,-0.4597202497258354,-0.47965548439373673,-0.1114182807474767,-0.1374798344979692,-0.32203212216425664,-0.3888948336565013,-0.4766663277580876,-0.5389671876925577,-0.5477960658010707,-0.06408431359991404,0.2540325942621599,0.24015566426100873,0.16606754663571516,0.1803692185579206,0.5843421788555685,0.4765517702119559,-0.03763517591422086,-0.1249368832104737,-0.08620247179672318,-0.2711328399604506,-0.521107557019052,-1.0384433737850793,-0.8060429675001629,0.6645863982366106,0.6421451900330445,0.7024712274209844,0.7320377351740579,0.6178600548840771,0.6089055625542683,0.6925826708317802,0.581587809102788,1.439148949497183,1.466529870004416,1.001054221381457,1.0649430358983338,-0.7731613412978685,-0.3165430223561296,-0.70851294715268,0.8159397431102667,0.7522774449115146,0.714275725433323,0.6712245375166127,0.6301038451801958,0.29004239700747547,0.39126238989049944,0.9613147602644665,1.0257774144836018,0.9735184637372826,1.0694132350039125,0.1558672672061592,1.5
2018-02-01,0.7517424624572099,-0.5708947921876376,1.5129297670056086,1.146050099766516,1.2734735588412647,-0.022754507356614957,1.4847838170092378,0.907656636798528,0.06644309842450985,0.8800773753805715,0.7422926684372682,0.75186567973652,-0.36883121610004893,0.7571014104680883,-0.322613522001494,0.7394877243328036,0.9083686843141275,0.3985587936702463,0.103305411679306,0.7165240567899052,0.04991983319323486,0.6,-0.4727891209922672,-0.11418529432142824,0.19105200614617424,0.11418529432142852,0.1781745977224104,0.05066061676587685,0.13971029888186212,0.501297710767729,0.6985257103450605,0.6665642591979043,0.806544733494099,-0.4431045650474035,-0.4930937484242403,0.06474001047779988,-0.1114182807474767,-0.1374798344979692,-0.32203212216425664,-0.3888948336565013,-0.4766663277580876,-0.5389671876925577,0.018315460466735812,0.3481716198652021,0.2540325942621599,0.15197057297767413,0.16606754663571516,0.5958429616984298,0.527026732370966,0.14808024683563642,-0.03763517591422086,-0.1249368832104737,-0.08620247179672318,-0.2711328399604506,-0.521107557019052,-1.0384433737850793,0.6865272045555542,0.6604218643832909,0.7425526295166137,0.7916079422082434,0.689318471371677,0.6178600548840771,0.6866974159052216,0.5922713575713567,1.430021975994772,1.439148949497183,1.229228558941731,1.001054221381457,-2.008051209059627,-0.7731613412978685,-0.3165430223561296,0.862829843949207,0.8159397431102667,0.7522774449115146,0.714275725433323,0.6712245375166127,0.3439943753077691,0.6660481190611701,1.0359913506605485,1.073092435517557,1.0257774144836018,1.114385848982873,0.1267967848304074,1.0
2018-03-01,0.7609430887314989,-0.5999652745633897,1.5398851099030377,1.1669321528805507,1.297385847592933,-0.002597111310859721,1.521291711018882,0.8093488992635481,0.1218287140192831,0.9377556850514718,0.7930602024281537,0.7752199504153268,0.1380079055626181,0.710448818821534,-0.4727891209922672,0.7964661954498632,0.9500870504964409,0.3319580329305948,-0.6645627778871317,0.8104606659838898,0.04694520582462219,0.7,-0.322613522001494,-0.4727891209922672,-0.11418529432142824,0.19105200614617424,0.21690442598171078,0.1781745977224104,0.05066061676587685,0.13971029888186212,0.501297710767729,0.6985257103450605,0.6665642591979043,-0.3987960725715849,-0.4191832962564707,0.04991983319323486,0.06474001047779988,-0.1114182807474767,-0.1374798344979692,-0.32203212216425664,-0.3888948336565013,-0.4766663277580876,-0.21992634476313475,0.3985587936702463,0.3481716198652021,0.14408646217846305,0.15197057297767413,0.5914982215133489,0.5590578068812979,0.333316755976965,0.14808024683563642,-0.03763517591422086,-0.1249368832104737,-0.08620247179672318,-0.2711328399604506,-0.521107557019052,0.6933991922022668,0.6767683728534484,0.7502706553166838,0.7571014104680883,0.7320377351740579,0.689318471371677,0.6430989080002288,0.6305548926468177,1.4847838170092378,1.430021975994772,1.238355532444142,1.229228558941731,0.06270236892304633,-2.008051209059627,-0.7731613412978685,0.9083686843141275,0.862829843949207,0.8159397431102667,0.7522774449115146,0.714275725433323,0.4050669396385533,0.7327258749715532,1.077009485425622,1.1141049228783197,1.073092435517557,1.202355292644642,0.09772630245465563,0.6
2018-04-01,0.7815593068646276,-0.6871767216906453,1.5428017438640127,1.1807996531806366,1.3261266289405773,0.044436812795902995,1.521291711018882,0.709856538981428,0.1716757680545789,0.9113195741456803,0.7798538836675781,0.7868824777090783,0.335426400733514,0.7773518874254057,-0.3509988307523616,0.8680059519288827,0.969205155942953,0.42486928233846666,0.2529825672232204,0.7398568422247743,0.2781531598053446,0.4,-0.4727891209922672,-0.322613522001494,-0.4727891209922672,-0.11418529432142824,0.11418529432142852,0.21690442598171078,0.1781745977224104,0.05066061676587685,0.13971029888186212,0.501297710767729,0.6985257103450605,-0.3544875800957664,-0.5468468045462546,0.04694520582462219,0.04991983319323486,0.06474001047779988,-0.1114182807474767,-0.1374798344979692,-0.32203212216425664,-0.3888948336565013,-0.18390518349810464,0.3319580329305948,0.3985587936702463,0.058749285210194346,0.14408646217846305,0.607684508477375,0.5855395181673221,0.4006313978641633,0.333316755976965,0.14808024683563642,-0.03763517591422086,-0.1249368832104737,-0.08620247179672318,-0.2711328399604506,0.7604316659062967,0.8147181167412717,0.8898918567789948,0.710448818821534,0.7916079422082434,0.7320377351740579,0.6258794450882201,0.6170853533684468,1.521291711018882,1.4847838170092378,1.3570061879754847,1.238355532444142,-0.5483862734088156,0.06270236892304633,-2.008051209059627,0.9500870504964409,0.9083686843141275,0.862829843949207,0.8159397431102667,0.7522774449115146,0.43030624366753734,0.7111414976580773,1.0702861464038134,1.146050099766516,1.1141049228783197,1.2999214028876924,0.039585337703152076,0.7
2018-05-01,0.7964677290683359,-0.6871767216906453,1.5095897506954519,1.1837028651296126,1.3494456915430926,0.12506639697892424,1.5395456580237037,0.647567302423236,0.23813850676830678,1.0077663897032336,0.8683246435329456,0.8499360393925166,0.2963252263664017,0.8581938381846609,0.16532666916589714,0.9068972341882849,0.9891604355270959,0.4745438142165314,-0.20862916521117464,0.7559630213976973,0.441680745140637,1.0,-0.3509988307523616,-0.4727891209922672,-0.322613522001494,-0.4727891209922672,0.19105200614617424,0.11418529432142852,0.21690442598171078,0.1781745977224104,0.05066061676587685,0.13971029888186212,0.501297710767729,-0.3434104569768118,-0.5334085405157509,0.2781531598053446,0.04694520582462219,0.04991983319323486,0.06474001047779988,-0.1114182807474767,-0.1374798344979692,-0.32203212216425664,-0.3490290865802341,0.42486928233846666,0.3319580329305948,0.020559005633834133,0.058749285210194346,0.6040212961644644,0.6141126057729009,0.08986193241166862,0.4006313978641633,0.333316755976965,0.14808024683563642,-0.03763517591422086,-0.1249368832104737,-0.08620247179672318,0.715643122982263,0.7473492126039607,0.8187727422822706,0.7773518874254057,0.7571014104680883,0.7916079422082434,0.5410555043593267,0.6329918497190751,1.521291711018882,1.521291711018882,1.5577996050285257,1.3570061879754847,-0.37474119951024903,-0.5483862734088156,0.06270236892304633,0.969205155942953,0.9500870504964409,0.9083686843141275,0.862829843949207,0.8159397431102667,0.468782528670878,0.6400996528577844,1.0366458561992333,1.1669321528805507,1.146050099766516,1.4164456338771105,-0.04762610942410378,0.4
2018-06-01,0.8039645356622002,-0.7453176864421491,1.437614751335826,1.174289840738508,1.3599476345279211,0.09818986891791706,1.3752601349803064,0.6448121365832924,0.2713698761251707,0.9865961211827223,0.8501718033571473,0.8419625724398949,0.2614190927220831,0.8939754870655318,0.29338123212119316,0.9085966925215518,1.0203741608831287,0.46115546768661864,-0.14457803068318975,0.8304951678577513,0.3902462959400398,1.5,0.16532666916589714,-0.3509988307523616,-0.4727891209922672,-0.322613522001494,-0.11418529432142824,0.19105200614617424,0.11418529432142852,0.21690442598171078,0.1781745977224104,0.05066061676587685,0.13971029888186212,-0.3378718954173344,-0.5804424646225135,0.441680745140637,0.2781531598053446,0.04694520582462219,0.04991983319323486,0.06474001047779988,-0.1114182807474767,-0.1374798344979692,-0.5477960658010707,0.4745438142165314,0.42486928233846666,-0.0241696573570312,0.020559005633834133,0.6111773388222448,0.6608474990478949,0.011392846984079823,0.08986193241166862,0.4006313978641633,0.333316755976965,0.14808024683563642,-0.03763517591422086,-0.1249368832104737,0.6643052015043801,0.6973813771894648,0.7837665263010807,0.8581938381846609,0.710448818821534,0.7571014104680883,0.49652930570132076,0.7001988303451867,1.5395456580237037,1.521291711018882,1.6125614460429916,1.5577996050285257,-0.04991567523329121,-0.37474119951024903,-0.5483862734088156,0.9891604355270959,0.969205155942953,0.9500870504964409,0.9083686843141275,0.862829843949207,0.5072561562097558,0.5157047936930386,1.0119330060781466,1.1807996531806366,1.1669321528805507,1.524972642715454,-0.07669659179985557,1.0
2018-07-01,0.8131651619364891,-0.7453176864421491,1.3858209772868362,1.1541927873661066,1.3511879133233027,0.09818986891791706,1.3204982939658407,0.7159239030690941,0.30460124548203465,1.1050825183665474,0.9501518423931914,0.9052659176386803,0.3340866550691535,0.8956092099571272,0.3757931145253799,0.8642424932831507,1.0387799606826666,0.4309119881312058,-0.13730927160518003,0.7818133824088909,0.5024911802967318,1.6,0.29338123212119316,0.16532666916589714,-0.3509988307523616,-0.4727891209922672,-0.4727891209922672,-0.11418529432142824,0.19105200614617424,0.11418529432142852,0.21690442598171078,0.1781745977224104,0.05066061676587685,-0.31017908761994784,-0.5132511444699955,0.3902462959400398,0.441680745140637,0.2781531598053446,0.04694520582462219,0.04991983319323486,0.06474001047779988,-0.1114182807474767,-0.5389671876925577,0.46115546768661864,0.4745438142165314,0.08236109602681488,-0.0241696573570312,0.6143294052310282,0.7318925145429749,-0.1197264243936467,0.011392846984079823,0.08986193241166862,0.4006313978641633,0.333316755976965,0.14808024683563642,-0.03763517591422086,0.6898427328858434,0.7283333728345752,0.8111756923284705,0.8939754870655318,0.7773518874254057,0.710448818821534,0.5013763644530531,0.654696605441841,1.3752601349803064,1.5395456580237037,1.4026410554875393,1.6125614460429916,0.165353592564506,-0.04991567523329121,-0.37474119951024903,1.0203741608831287,0.9891604355270959,0.969205155942953,0.9500870504964409,0.9083686843141275,0.5732583613446249,0.4869544143372042,1.0252106695712717,1.1837028651296126,1.1807996531806366,1.5669345377669464,-0.13483755655135965,1.5
2018-08-01,0.8192137218019936,-0.7162472040663971,1.3789527747335635,1.133899456791706,1.32858545060935,0.09147073690266541,1.2839903999561968,0.832342209504304,0.3378326148388986,1.0198973635887394,0.8611673983223531,0.8628532919637283,0.15016261170309203,0.9266544844232741,0.4586790696940937,0.8013088756367536,1.0542997536849543,0.4583660231442196,-1.5009933537504045,0.793997870597692,0.398753420350896,1.2,0.3757931145253799,0.29338123212119316,0.16532666916589714,-0.3509988307523616,-0.322613522001494,-0.4727891209922672,-0.11418529432142824,0.19105200614617424,0.11418529432142852,0.21690442598171078,0.1781745977224104,-0.24371634890622004,-0.5737233326072617,0.5024911802967318,0.3902462959400398,0.441680745140637,0.2781531598053446,0.04694520582462219,0.04991983319323486,0.06474001047779988,-0.4766663277580876,0.4309119881312058,0.46115546768661864,0.2313981986046278,0.08236109602681488,0.6334121856517754,0.8226740684372472,-0.36883121610004893,-0.1197264243936467,0.011392846984079823,0.08986193241166862,0.4006313978641633,0.333316755976965,0.14808024683563642,0.7322454269822439,0.7757604677015197,0.8665382458203066,0.8956092099571272,0.8581938381846609,0.7773518874254057,0.5566844008610586,0.6656666484366546,1.3204982939658407,1.3752601349803064,1.5304186845212926,1.4026410554875393,0.103305411679306,0.165353592564506,-0.04991567523329121,1.0387799606826666,1.0203741608831287,0.9891604355270959,0.969205155942953,0.9500870504964409,0.6301038451801958,0.57515746670124,1.0674488126586177,1.174289840738508,1.1837028651296126,1.5485409268194898,-0.16390803892711142,1.6
2018-09-01,0.8371038284464445,-0.8325291335694047,1.4033678235359495,1.1289174322811057,1.3014516586897595,0.17210032108568696,1.448275922999594,0.9459980750488469,0.39875679199314906,1.1050402747007415,0.9352943989150745,0.9135813287555998,0.6536372137109145,0.9566720875930582,0.5744599931693581,0.7782159548209472,1.0700777358014404,0.5454904794513113,-0.9314588779967745,0.8707183041540149,0.5163151640995656,1.4,0.4586790696940937,0.3757931145253799,0.29338123212119316,0.16532666916589714,-0.4727891209922672,-0.322613522001494,-0.4727891209922672,-0.11418529432142824,0.19105200614617424,0.11418529432142852,0.21690442598171078,-0.15509936395458288,-0.5602850685767581,0.398753420350896,0.5024911802967318,0.3902462959400398,0.441680745140637,0.2781531598053446,0.04694520582462219,0.04991983319323486,-0.3888948336565013,0.4583660231442196,0.4309119881312058,0.21410407132801537,0.2313981986046278,0.6651884226916802,0.9167161088091395,0.1380079055626181,-0.36883121610004893,-0.1197264243936467,0.011392846984079823,0.08986193241166862,0.4006313978641633,0.333316755976965,0.7371819037927629,0.7586365524966103,0.8589473924034529,0.9266544844232741,0.8939754870655318,0.8581938381846609,0.6089055625542683,0.7403746230470842,1.2839903999561968,1.3204982939658407,1.5851805255357585,1.5304186845212926,-0.6645627778871317,0.103305411679306,0.165353592564506,1.0542997536849543,1.0387799606826666,1.0203741608831287,0.9891604355270959,0.969205155942953,0.6712245375166127,0.596942041608226,1.1185136611308024,1.1541927873661066,1.174289840738508,1.554421237224683,-0.28018996843011906,1.2
2018-10-01,0.8521826326181947,-0.8615996159451564,1.376788820504452,1.150826354831047,1.280543068709456,0.24601077325345655,1.4026410554875393,1.0188107976720369,0.44860384602844483,1.0368686598497554,0.8701069368844838,0.8769845537013247,0.16358431713701357,0.9815687485585239,0.501297710767729,0.8344083536729876,1.09310933623874,0.6072010100239631,0.6020835678296973,0.8280572832097991,0.5972340203032862,1.0,0.5744599931693581,0.4586790696940937,0.3757931145253799,0.29338123212119316,-0.3509988307523616,-0.4727891209922672,-0.322613522001494,-0.4727891209922672,-0.11418529432142824,0.19105200614617424,0.11418529432142852,-0.07755950212190045,-0.43934069230222594,0.5163151640995656,0.398753420350896,0.5024911802967318,0.3902462959400398,0.441680745140637,0.2781531598053446,0.04694520582462219,-0.32203212216425664,0.5454904794513113,0.4583660231442196,0.24015566426100873,0.21410407132801537,0.6763484415984563,0.9964591802729483,0.335426400733514,0.1380079055626181,-0.36883121610004893,-0.1197264243936467,0.011392846984079823,0.08986193241166862,0.4006313978641633,0.7921800304050431,0.8559559982621235,0.9583216476074004,0.9566720875930582,0.8956092099571272,0.8939754870655318,0.6178600548840771,0.6808910868077109,1.448275922999594,1.2839903999561968,1.466529870004416,1.5851805255357585,0.2529825672232204,-0.6645627778871317,0.103305411679306,1.0700777358014404,1.0542997536849543,1.0387799606826666,1.0203741608831287,0.9891604355270959,0.714275725433323,0.5459891234680159,1.1606379597158627,1.133899456791706,1.1541927873661066,1.5522102405123286,-0.30926045080587083,1.4
2018-11-01,0.855164317058936,-0.8615996159451564,1.2913596709377264,1.2051671628781568,1.278178196171869,0.21241511317719772,1.229228558941731,1.061430230642841,0.4762966538258316,1.0050303039530275,0.8448225447503187,0.8612414711596581,-0.1390951456499165,0.9271931909464397,0.16532666916589714,0.9233332053798157,1.1196987626489938,0.45332378847035937,0.9237545987948891,0.8411311633015323,0.002921998610704331,0.9,0.501297710767729,0.5744599931693581,0.4586790696940937,0.3757931145253799,0.16532666916589714,-0.3509988307523616,-0.4727891209922672,-0.322613522001494,-0.4727891209922672,-0.11418529432142824,0.19105200614617424,-0.022173886527127207,-0.3923067681954635,0.5972340203032862,0.5163151640995656,0.398753420350896,0.5024911802967318,0.3902462959400398,0.441680745140637,0.2781531598053446,-0.1374798344979692,0.6072010100239631,0.5454904794513113,0.2540325942621599,0.24015566426100873,0.6886159432975071,1.0495020779710764,0.2963252263664017,0.335426400733514,0.1380079055626181,-0.36883121610004893,-0.1197264243936467,0.011392846984079823,0.08986193241166862,0.7737956761426628,0.7755992204708829,0.8818468099344986,0.9815687485585239,0.9266544844232741,0.8956092099571272,0.689318471371677,0.6887304856904424,1.4026410554875393,1.448275922999594,1.439148949497183,1.466529870004416,-0.20862916521117464,0.2529825672232204,-0.6645627778871317,1.09310933623874,1.0700777358014404,1.0542997536849543,1.0387799606826666,1.0203741608831287,0.7522774449115146,0.42156872487422786,1.195466621246073,1.1289174322811057,1.133899456791706,1.5166931656649336,-0.4255423803088785,1.0
2018-12-01,0.8612128769244405,-0.8615996159451564,1.1938406031779125,1.2902610160234531,1.308549201760521,0.030998548765399404,1.1744667179272654,1.0868303888683857,0.4541424075879223,1.0078662449056865,0.8512363263671948,0.8503076130270064,-0.1820003489961565,0.7955855404221249,-0.037988351230282213,0.954044381884586,1.141300074073461,0.3491965613399929,0.5266283932249994,0.9085790734941029,-0.3478792526073321,0.7,0.16532666916589714,0.501297710767729,0.5744599931693581,0.4586790696940937,0.29338123212119316,0.16532666916589714,-0.3509988307523616,-0.4727891209922672,-0.322613522001494,-0.4727891209922672,-0.11418529432142824,0.06644309842450985,-0.30495805199719006,0.002921998610704331,0.5972340203032862,0.5163151640995656,0.398753420350896,0.5024911802967318,0.3902462959400398,0.441680745140637,-0.1114182807474767,0.45332378847035937,0.6072010100239631,0.3481716198652021,0.2540325942621599,0.7010538269646011,1.054759663939185,0.2614190927220831,0.2963252263664017,0.335426400733514,0.1380079055626181,-0.36883121610004893,-0.1197264243936467,0.011392846984079823,0.7822857725402781,0.7758142857810779,0.8877992839265026,0.9271931909464397,0.9566720875930582,0.9266544844232741,0.7320377351740579,0.7694246345561665,1.229228558941731,1.4026410554875393,1.430021975994772,1.439148949497183,-0.14457803068318975,-0.20862916521117464,0.2529825672232204,1.1196987626489938,1.09310933623874,1.0700777358014404,1.0542997536849543,1.0387799606826666,0.8159397431102667,0.41903864817729847,1.2233316813148918,1.150826354831047,1.1289174322811057,1.4881854208205274,-0.483683345060382,0.9
2019-01-01,0.8566977547713176,-0.8906700983209085,1.0940634962225009,1.4057005840410204,1.3795185153224077,-0.06306929944812573,1.1197048769127995,1.1102239489531087,0.4098339151121037,1.0203644201894597,0.8422798421993694,0.8194746417907391,-0.44338412189335175,0.6624670744867779,-0.012660076940314008,0.9245080721832872,1.1703826480491313,0.2773337176515627,0.6095221979447683,0.8616351666085322,-0.3012234734101922,0.5,-0.037988351230282213,0.16532666916589714,0.501297710767729,0.5744599931693581,0.3757931145253799,0.29338123212119316,0.16532666916589714,-0.3509988307523616,-0.4727891209922672,-0.322613522001494,-0.4727891209922672,0.1218287140192831,-0.17057541169215445,-0.3478792526073321,0.002921998610704331,0.5972340203032862,0.5163151640995656,0.398753420350896,0.5024911802967318,0.3902462959400398,0.06474001047779988,0.3491965613399929,0.45332378847035937,0.3985587936702463,0.3481716198652021,0.7332560189246115,1.0016371379913962,0.3340866550691535,0.2614190927220831,0.2963252263664017,0.335426400733514,0.1380079055626181,-0.36883121610004893,-0.1197264243936467,0.7696746977273305,0.7425229582342614,0.879713665354884,0.7955855404221249,0.9815687485585239,0.9566720875930582,0.7916079422082434,0.7061394780462613,1.1744667179272654,1.229228558941731,1.4847838170092378,1.430021975994772,-0.13730927160518003,-0.14457803068318975,-0.20862916521117464,1.141300074073461,1.1196987626489938,1.09310933623874,1.0700777358014404,1.0542997536849543,0.862829843949207,0.6036715483455142,1.248771582883862,1.2051671628781568,1.150826354831047,1.4867271038400431,-0.5127538274361338,0.7
2019-02-01,0.8727136597673018,-0.8906700983209085,1.0064233499434274,1.5112267025487212,1.4616283920896058,-0.09666495952438456,0.9280384333621694,1.1329257688302383,0.3932182304336716,1.0114068523386937,0.8493639141919749,0.840967266983156,-0.7425262923945097,0.7238268379954979,-0.15250597424624424,0.8345350268157471,1.1943968485743914,0.3494660127529404,0.34393459084085015,0.8734153867324362,-0.11925038372019253,0.9,-0.012660076940314008,-0.037988351230282213,0.16532666916589714,0.501297710767729,0.4586790696940937,0.3757931145253799,0.29338123212119316,0.16532666916589714,-0.3509988307523616,-0.4727891209922672,-0.322613522001494,0.1716757680545789,-0.022754507356614957,-0.3012234734101922,-0.3478792526073321,0.002921998610704331,0.5972340203032862,0.5163151640995656,0.398753420350896,0.5024911802967318,0.04991983319323486,0.2773337176515627,0.3491965613399929,0.3319580329305948,0.3985587936702463,0.7517424624572099,0.907656636798528,0.15016261170309203,0.3340866550691535,0.2614190927220831,0.2963252263664017,0.335426400733514,0.1380079055626181,-0.36883121610004893,0.75186567973652,0.7422926684372682,0.8800773753805715,0.6624670744867779,0.9271931909464397,0.9815687485585239,0.7571014104680883,0.7165240567899052,1.1197048769127995,1.1744667179272654,1.521291711018882,1.4847838170092378,-1.5009933537504045,-0.13730927160518003,-0.14457803068318975,1.1703826480491313,1.141300074073461,1.1196987626489938,1.09310933623874,1.0700777358014404,0.9083686843141275,0.7394877243328036,1.2734735588412647,1.2902610160234531,1.2051671628781568,1.5129297670056086,-0.5708947921876376,0.5
2019-03-01,0.8925631590442397,-0.8906700983209085,0.9940511768508867,1.5597801295821956,1.5138374094529021,-0.1772945437074061,0.8550226453428819,1.152366218071538,0.3599868610768079,1.0243436902830843,0.866182657204931,0.8587183850235929,-0.3869238447665081,0.7920521004374829,-0.08873448029941505,0.7691874987997279,1.2191203354918172,0.5345071823542957,0.7647695503924129,0.9541721272222645,0.10605042952318214,0.8,-0.15250597424624424,-0.012660076940314008,-0.037988351230282213,0.16532666916589714,0.5744599931693581,0.4586790696940937,0.3757931145253799,0.29338123212119316,0.16532666916589714,-0.3509988307523616,-0.4727891209922672,0.23813850676830678,-0.002597111310859721,-0.11925038372019253,-0.3012234734101922,-0.3478792526073321,0.002921998610704331,0.5972340203032862,0.5163151640995656,0.398753420350896,0.04694520582462219,0.3494660127529404,0.2773337176515627,0.42486928233846666,0.3319580329305948,0.7609430887314989,0.8093488992635481,0.6536372137109145,0.15016261170309203,0.3340866550691535,0.2614190927220831,0.2963252263664017,0.335426400733514,0.1380079055626181,0.7752199504153268,0.7930602024281537,0.9377556850514718,0.7238268379954979,0.7955855404221249,0.9271931909464397,0.710448818821534,0.8104606659838898,0.9280384333621694,1.1197048769127995,1.521291711018882,1.521291711018882,-0.9314588779967745,-1.5009933537504045,-0.13730927160518003,1.1943968485743914,1.1703826480491313,1.141300074073461,1.1196987626489938,1.09310933623874,0.9500870504964409,0.7964661954498632,1.297385847592933,1.4057005840410204,1.2902610160234531,1.5398851099030377,-0.5999652745633897,0.9
2019-04-01,0.9173537353944061,-0.8615996159451564,1.0605222056712513,1.536757430334367,1.5230238296018361,-0.20417107176841326,1.2018476384344983,1.1748886269403063,0.32121693016046654,1.0631657736294884,0.9104383624857261,0.8717140945487446,-0.2857518294156918,0.8613297939174202,-0.012660076940314008,0.7623387658924025,1.2428433337206362,0.6940785958955613,-0.07539279650428614,0.9068017590220646,0.35279672251405797,0.8,-0.08873448029941505,-0.15250597424624424,-0.012660076940314008,-0.037988351230282213,0.501297710767729,0.5744599931693581,0.4586790696940937,0.3757931145253799,0.29338123212119316,0.16532666916589714,-0.3509988307523616,0.2713698761251707,0.044436812795902995,0.10605042952318214,-0.11925038372019253,-0.3012234734101922,-0.3478792526073321,0.002921998610704331,0.5972340203032862,0.5163151640995656,0.2781531598053446,0.5345071823542957,0.3494660127529404,0.4745438142165314,0.42486928233846666,0.7815593068646276,0.709856538981428,0.16358431713701357,0.6536372137109145,0.15016261170309203,0.3340866550691535,0.2614190927220831,0.2963252263664017,0.335426400733514,0.7868824777090783,0.7798538836675781,0.9113195741456803,0.7920521004374829,0.6624670744867779,0.7955855404221249,0.7773518874254057,0.7398568422247743,0.8550226453428819,0.9280384333621694,1.5395456580237037,1.521291711018882,0.6020835678296973,-0.9314588779967745,-1.5009933537504045,1.2191203354918172,1.1943968485743914,1.1703826480491313,1.141300074073461,1.1196987626489938,0.969205155942953,0.8680059519288827,1.3261266289405773,1.5112267025487212,1.4057005840410204,1.5428017438640127,-0.6871767216906453,0.8
2019-05-01,0.9237430591959958,-0.8615996159451564,1.0879479734010986,1.476362171339392,1.498026182452673,-0.2982389199819384,1.019308168386279,1.209716013681648,0.2769084376846479,1.055597856288696,0.9011244375744596,0.8816635502092671,-0.15935197885111144,0.8954539259749891,-0.44186643776446605,0.8134088597634788,1.2679462505912595,0.6475501472147229,-0.27369459967393506,0.9203107327120631,0.2648146870774327,0.4,-0.012660076940314008,-0.08873448029941505,-0.15250597424624424,-0.012660076940314008,0.16532666916589714,0.501297710767729,0.5744599931693581,0.4586790696940937,0.3757931145253799,0.29338123212119316,0.16532666916589714,0.30460124548203465,0.12506639697892424,0.35279672251405797,0.10605042952318214,-0.11925038372019253,-0.3012234734101922,-0.3478792526073321,0.002921998610704331,0.5972340203032862,0.441680745140637,0.6940785958955613,0.5345071823542957,0.46115546768661864,0.4745438142165314,0.7964677290683359,0.647567302423236,-0.1390951456499165,0.16358431713701357,0.6536372137109145,0.15016261170309203,0.3340866550691535,0.2614190927220831,0.2963252263664017,0.8499360393925166,0.8683246435329456,1.0077663897032336,0.8613297939174202,0.7238268379954979,0.6624670744867779,0.8581938381846609,0.7559630213976973,1.2018476384344983,0.8550226453428819,1.3752601349803064,1.5395456580237037,0.9237545987948891,0.6020835678296973,-0.9314588779967745,1.2428433337206362,1.2191203354918172,1.1943968485743914,1.1703826480491313,1.141300074073461,0.9891604355270959,0.9068972341882849,1.3494456915430926,1.5597801295821956,1.5112267025487212,1.5095897506954519,-0.6871767216906453,0.8
2019-06-01,0.9279174174130335,-0.8615996159451564,1.1243118129468435,1.431020592067944,1.4621804569047794,-0.5401276725310027,1.055816062395923,1.274374410736981,0.08859734466241916,1.1243949315147763,0.957143634640001,0.8939199220122704,0.00017475036914385775,0.7716103160606953,-0.7478585947633022,0.8921566824257315,1.3048897236027304,0.5166643644614147,0.08492806036575781,0.9449724989869372,-0.12486564448277908,0.4,-0.44186643776446605,-0.012660076940314008,-0.08873448029941505,-0.15250597424624424,-0.037988351230282213,0.16532666916589714,0.501297710767729,0.5744599931693581,0.4586790696940937,0.3757931145253799,0.29338123212119316,0.3378326148388986,0.09818986891791706,0.2648146870774327,0.35279672251405797,0.10605042952318214,-0.11925038372019253,-0.3012234734101922,-0.3478792526073321,0.002921998610704331,0.3902462959400398,0.6475501472147229,0.6940785958955613,0.4309119881312058,0.46115546768661864,0.8039645356622002,0.6448121365832924,-0.1820003489961565,-0.1390951456499165,0.16358431713701357,0.6536372137109145,0.15016261170309203,0.3340866550691535,0.2614190927220831,0.8419625724398949,0.8501718033571473,0.9865961211827223,0.8954539259749891,0.7920521004374829,0.7238268379954979,0.8939754870655318,0.8304951678577513,1.019308168386279,1.2018476384344983,1.3204982939658407,1.3752601349803064,0.5266283932249994,0.9237545987948891,0.6020835678296973,1.2679462505912595,1.2428433337206362,1.2191203354918172,1.1943968485743914,1.1703826480491313,1.0203741608831287,0.9085966925215518,1.3599476345279211,1.536757430334367,1.5597801295821956,1.437614751335826,-0.7453176864421491,0.4
2019-07-01,0.9396737732079583,-0.8906700983209085,1.1698018942414585,1.4418903630469004,1.4386594166779438,-0.5401276725310027,1.2474825059465529,1.369543982588582,0.06644309842450985,1.0609504056336336,0.8522005070834584,0.8337279224159532,-0.5480388697517534,0.7370682121537262,-0.7990827621351786,0.9519491790397042,1.3368136854768269,0.5585495841470288,-0.16574974277252577,0.9483816842821448,0.08449455744772792,-0.3,-0.7478585947633022,-0.44186643776446605,-0.012660076940314008,-0.08873448029941505,-0.012660076940314008,-0.037988351230282213,0.16532666916589714,0.501297710767729,0.5744599931693581,0.4586790696940937,0.3757931145253799,0.39875679199314906,0.09818986891791706,-0.12486564448277908,0.2648146870774327,0.35279672251405797,0.10605042952318214,-0.11925038372019253,-0.3012234734101922,-0.3478792526073321,0.5024911802967318,0.5166643644614147,0.6475501472147229,0.4583660231442196,0.4309119881312058,0.8131651619364891,0.7159239030690941,-0.44338412189335175,-0.1820003489961565,-0.1390951456499165,0.16358431713701357,0.6536372137109145,0.15016261170309203,0.3340866550691535,0.9052659176386803,0.9501518423931914,1.1050825183665474,0.7716103160606953,0.8613297939174202,0.7920521004374829,0.8956092099571272,0.7818133824088909,1.055816062395923,1.019308168386279,1.2839903999561968,1.3204982939658407,0.6095221979447683,0.5266283932249994,0.9237545987948891,1.3048897236027304,1.2679462505912595,1.2428433337206362,1.2191203354918172,1.1943968485743914,1.0387799606826666,0.8642424932831507,1.3511879133233027,1.476362171339392,1.536757430334367,1.3858209772868362,-0.7453176864421491,0.4
2019-08-01,0.9437629404409756,-0.9197405806966603,1.1777050314260469,1.481747783062218,1.4344884619631542,-0.7685781610495636,1.0923239564055667,1.4649637744666182,-0.03878957120555918,1.0850118973187657,0.8850573399576684,0.8546041138034526,-0.5073342441257056,0.736863147782791,-0.9878373274485251,0.9863143672605447,1.359799618794627,0.5049067909602627,0.2063414532332497,0.9662182832302031,-0.020597585612226448,-0.1,-0.7990827621351786,-0.7478585947633022,-0.44186643776446605,-0.012660076940314008,-0.15250597424624424,-0.012660076940314008,-0.037988351230282213,0.16532666916589714,0.501297710767729,0.5744599931693581,0.4586790696940937,0.44860384602844483,0.09147073690266541,0.08449455744772792,-0.12486564448277908,0.2648146870774327,0.35279672251405797,0.10605042952318214,-0.11925038372019253,-0.3012234734101922,0.398753420350896,0.5585495841470288,0.5166643644614147,0.5454904794513113,0.4583660231442196,0.8192137218019936,0.832342209504304,-0.7425262923945097,-0.44338412189335175,-0.1820003489961565,-0.1390951456499165,0.16358431713701357,0.6536372137109145,0.15016261170309203,0.8628532919637283,0.8611673983223531,1.0198973635887394,0.7370682121537262,0.8954539259749891,0.8613297939174202,0.9266544844232741,0.793997870597692,1.2474825059465529,1.055816062395923,1.448275922999594,1.2839903999561968,0.34393459084085015,0.6095221979447683,0.5266283932249994,1.3368136854768269,1.3048897236027304,1.2679462505912595,1.2428433337206362,1.2191203354918172,1.0542997536849543,0.8013088756367536,1.32858545060935,1.431020592067944,1.476362171339392,1.3789527747335635,-0.7162472040663971,-0.3
2019-09-01,0.9491299724343109,-0.8906700983209085,1.20447220439051,1.504568273473477,1.4560699893604154,-0.7148251049275492,1.1470857974200324,1.509327330327006,-0.022173886527127207,1.1313589962543749,0.9360878047604917,0.8939158437592868,-0.23485361856510004,0.7466210226121286,-1.1718187298172502,1.034278669146062,1.3835273560005497,0.5003793318154142,0.29127156202615273,1.0218250154711572,0.16567422647657618,-0.1,-0.9878373274485251,-0.7990827621351786,-0.7478585947633022,-0.44186643776446605,-0.08873448029941505,-0.15250597424624424,-0.012660076940314008,-0.037988351230282213,0.16532666916589714,0.501297710767729,0.5744599931693581,0.4762966538258316,0.17210032108568696,-0.020597585612226448,0.08449455744772792,-0.12486564448277908,0.2648146870774327,0.35279672251405797,0.10605042952318214,-0.11925038372019253,0.5163151640995656,0.5049067909602627,0.5585495841470288,0.6072010100239631,0.5454904794513113,0.8371038284464445,0.9459980750488469,-0.3869238447665081,-0.7425262923945097,-0.44338412189335175,-0.1820003489961565,-0.1390951456499165,0.16358431713701357,0.6536372137109145,0.9135813287555998,0.9352943989150745,1.1050402747007415,0.736863147782791,0.7716103160606953,0.8954539259749891,0.9566720875930582,0.8707183041540149,1.0923239564055667,1.2474825059465529,1.4026410554875393,1.448275922999594,0.7647695503924129,0.34393459084085015,0.6095221979447683,1.359799618794627,1.3368136854768269,1.3048897236027304,1.2679462505912595,1.2428433337206362,1.0700777358014404,0.7782159548209472,1.3014516586897595,1.4418903630469004,1.431020592067944,1.4033678235359495,-0.8325291335694047,-0.1
2019-10-01,0.9648051134942099,-0.9197405806966603,1.2436115504475138,1.4843608209499521,1.5039819073813012,-0.7417016329885564,1.238355532444142,1.4734696165308496,-0.12740655615719623,1.0992474088611615,0.9053937529379631,0.8732947101148338,-0.453899003589438,0.7129287277326043,-1.093318074871223,1.0633467912355103,1.4260768722728474,0.572121675343541,0.8882482160209385,0.9991278890754544,-0.10219605874345192,0.0,-1.1718187298172502,-0.9878373274485251,-0.7990827621351786,-0.7478585947633022,-0.012660076940314008,-0.08873448029941505,-0.15250597424624424,-0.012660076940314008,-0.037988351230282213,0.16532666916589714,0.501297710767729,0.4541424075879223,0.24601077325345655,0.16567422647657618,-0.020597585612226448,0.08449455744772792,-0.12486564448277908,0.2648146870774327,0.35279672251405797,0.10605042952318214,0.5972340203032862,0.5003793318154142,0.5049067909602627,0.45332378847035937,0.6072010100239631,0.8521826326181947,1.0188107976720369,-0.2857518294156918,-0.3869238447665081,-0.7425262923945097,-0.44338412189335175,-0.1820003489961565,-0.1390951456499165,0.16358431713701357,0.8769845537013247,0.8701069368844838,1.0368686598497554,0.7466210226121286,0.7370682121537262,0.7716103160606953,0.9815687485585239,0.8280572832097991,1.1470857974200324,1.0923239564055667,1.229228558941731,1.4026410554875393,-0.07539279650428614,0.7647695503924129,0.34393459084085015,1.3835273560005497,1.359799618794627,1.3368136854768269,1.3048897236027304,1.2679462505912595,1.09310933623874,0.8344083536729876,1.280543068709456,1.481747783062218,1.4418903630469004,1.376788820504452,-0.8615996159451564,-0.1
2019-11-01,0.9739205487844773,-0.8615996159451564,1.2546665340092864,1.4697263734429087,1.5731196749491263,-0.6677911808207868,1.2201015854393202,1.3910295543836932,-0.14956080239510555,1.1063293747218197,0.9108871472176816,0.8818155967155715,-0.7137399472034627,0.7333763664393816,-1.064658927252538,1.059826017951482,1.465233792685521,0.6665514894451657,0.16565296986998373,1.013603234438533,0.12870712760860958,0.3,-1.093318074871223,-1.1718187298172502,-0.9878373274485251,-0.7990827621351786,-0.44186643776446605,-0.012660076940314008,-0.08873448029941505,-0.15250597424624424,-0.012660076940314008,-0.037988351230282213,0.16532666916589714,0.4098339151121037,0.21241511317719772,-0.10219605874345192,0.16567422647657618,-0.020597585612226448,0.08449455744772792,-0.12486564448277908,0.2648146870774327,0.35279672251405797,0.002921998610704331,0.572121675343541,0.5003793318154142,0.3491965613399929,0.45332378847035937,0.855164317058936,1.061430230642841,-0.15935197885111144,-0.2857518294156918,-0.3869238447665081,-0.7425262923945097,-0.44338412189335175,-0.1820003489961565,-0.1390951456499165,0.8612414711596581,0.8448225447503187,1.0050303039530275,0.7129287277326043,0.736863147782791,0.7370682121537262,0.9271931909464397,0.8411311633015323,1.238355532444142,1.1470857974200324,1.1744667179272654,1.229228558941731,-0.27369459967393506,-0.07539279650428614,0.7647695503924129,1.4260768722728474,1.3835273560005497,1.359799618794627,1.3368136854768269,1.3048897236027304,1.1196987626489938,0.9233332053798157,1.278178196171869,1.504568273473477,1.481747783062218,1.2913596709377264,-0.8615996159451564,0.0
2019-12-01,0.9980295972624746,-0.8325291335694047,1.217314802315462,1.5282763787935618,1.648408706218395,-0.6409146527597797,1.0740700094007447,1.3182973600965402,-0.1606379255140602,1.1149635379437084,0.9133322922501692,0.8928605231340924,-0.854664823160852,0.7928931149958908,-1.1202053547494892,1.0274410603003,1.4954262285191844,0.8040991129607343,-0.26182433195527854,1.045210919904409,0.1988399264996773,0.4,-1.064658927252538,-1.093318074871223,-1.1718187298172502,-0.9878373274485251,-0.7478585947633022,-0.44186643776446605,-0.012660076940314008,-0.08873448029941505,-0.15250597424624424,-0.012660076940314008,-0.037988351230282213,0.3932182304336716,0.030998548765399404,0.12870712760860958,-0.10219605874345192,0.16567422647657618,-0.020597585612226448,0.08449455744772792,-0.12486564448277908,0.2648146870774327,-0.3478792526073321,0.6665514894451657,0.572121675343541,0.2773337176515627,0.3491965613399929,0.8612128769244405,1.0868303888683857,0.00017475036914385775,-0.15935197885111144,-0.2857518294156918,-0.3869238447665081,-0.7425262923945097,-0.44338412189335175,-0.1820003489961565,0.8503076130270064,0.8512363263671948,1.0078662449056865,0.7333763664393816,0.7466210226121286,0.736863147782791,0.7955855404221249,0.9085790734941029,1.2201015854393202,1.238355532444142,1.1197048769127995,1.1744667179272654,0.08492806036575781,-0.27369459967393506,-0.07539279650428614,1.465233792685521,1.4260768722728474,1.3835273560005497,1.359799618794627,1.3368136854768269,1.141300074073461,0.954044381884586,1.308549201760521,1.4843608209499521,1.504568273473477,1.1938406031779125,-0.8615996159451564,0.3
2020-01-01,1.013619547338352,-0.8325291335694047,1.1016843785076438,1.6810644865249613,1.701707006862442,-0.721544236942801,1.0740700094007447,1.2859466856095059,-0.17171504863301484,1.1312313451172553,0.8953851167938126,0.8989581751575055,-0.9950562257315214,0.8547072507027235,-0.9878373274485251,0.989833729886172,1.2837347134443025,0.7829867709298027,-0.037224946192641634,1.048716405731042,0.14591772716256712,0.8,-1.1202053547494892,-1.064658927252538,-1.093318074871223,-1.1718187298172502,-0.7990827621351786,-0.7478585947633022,-0.44186643776446605,-0.012660076940314008,-0.08873448029941505,-0.15250597424624424,-0.012660076940314008,0.3599868610768079,-0.06306929944812573,0.1988399264996773,0.12870712760860958,-0.10219605874345192,0.16567422647657618,-0.020597585612226448,0.08449455744772792,-0.12486564448277908,-0.3012234734101922,0.8040991129607343,0.6665514894451657,0.3494660127529404,0.2773337176515627,0.8566977547713176,1.1102239489531087,-0.5480388697517534,0.00017475036914385775,-0.15935197885111144,-0.2857518294156918,-0.3869238447665081,-0.7425262923945097,-0.44338412189335175,0.8194746417907391,0.8422798421993694,1.0203644201894597,0.7928931149958908,0.7129287277326043,0.7466210226121286,0.6624670744867779,0.8616351666085322,1.0740700094007447,1.2201015854393202,0.9280384333621694,1.1197048769127995,-0.16574974277252577,0.08492806036575781,-0.27369459967393506,1.4954262285191844,1.465233792685521,1.4260768722728474,1.3835273560005497,1.359799618794627,1.1703826480491313,0.9245080721832872,1.3795185153224077,1.4697263734429087,1.4843608209499521,1.0940634962225009,-0.8906700983209085,0.4
2020-02-01,1.0206903990121108,-0.9197405806966603,0.7565336789641116,1.7368195993404691,1.6088307095915952,-0.8828034053088439,1.1379588239176215,1.2628821436336635,-0.23817778734674272,1.120611570928576,0.8791871132905121,0.885554380546359,-1.2979721142239289,0.7986939984804519,-1.1202053547494892,0.9922112445300855,1.1237608556292111,0.7093384421965623,0.11319626064220098,1.0709410607979568,-0.22336286162781788,0.4,-0.9878373274485251,-1.1202053547494892,-1.064658927252538,-1.093318074871223,-0.9878373274485251,-0.7990827621351786,-0.7478585947633022,-0.44186643776446605,-0.012660076940314008,-0.08873448029941505,-0.15250597424624424,0.32121693016046654,-0.09666495952438456,0.14591772716256712,0.1988399264996773,0.12870712760860958,-0.10219605874345192,0.16567422647657618,-0.020597585612226448,0.08449455744772792,-0.11925038372019253,0.7829867709298027,0.8040991129607343,0.5345071823542957,0.3494660127529404,0.8727136597673018,1.1329257688302383,-0.5073342441257056,-0.5480388697517534,0.00017475036914385775,-0.15935197885111144,-0.2857518294156918,-0.3869238447665081,-0.7425262923945097,0.840967266983156,0.8493639141919749,1.0114068523386937,0.8547072507027235,0.7333763664393816,0.7129287277326043,0.7238268379954979,0.8734153867324362,1.0740700094007447,1.0740700094007447,0.8550226453428819,0.9280384333621694,0.2063414532332497,-0.16574974277252577,0.08492806036575781,1.2837347134443025,1.4954262285191844,1.465233792685521,1.4260768722728474,1.3835273560005497,1.1943968485743914,0.8345350268157471,1.4616283920896058,1.5282763787935618,1.4697263734429087,1.0064233499434274,-0.8906700983209085,0.8
2020-03-01,0.9949627218377116,-1.1232339573269234,0.02501365606076051,1.4855025188256756,1.262203655616345,-1.3733000424222248,0.5812134402705531,1.2039582538272116,-0.8363424357702931,1.1169266061746304,0.9009544553646649,0.8740123009019704,-0.34032070089872485,0.6044915889535766,-1.3049226377527243,1.0791269761560072,0.9866404638501173,0.39695590007178405,2.4652798120705026,1.0797069416287373,-1.617776496690639,0.0,-1.1202053547494892,-0.9878373274485251,-1.1202053547494892,-1.064658927252538,-1.1718187298172502,-0.9878373274485251,-0.7990827621351786,-0.7478585947633022,-0.44186643776446605,-0.012660076940314008,-0.08873448029941505,0.2769084376846479,-0.1772945437074061,-0.22336286162781788,0.14591772716256712,0.1988399264996773,0.12870712760860958,-0.10219605874345192,0.16567422647657618,-0.020597585612226448,0.10605042952318214,0.7093384421965623,0.7829867709298027,0.6940785958955613,0.5345071823542957,0.8925631590442397,1.152366218071538,-0.23485361856510004,-0.5073342441257056,-0.5480388697517534,0.00017475036914385775,-0.15935197885111144,-0.2857518294156918,-0.3869238447665081,0.8587183850235929,0.866182657204931,1.0243436902830843,0.7986939984804519,0.7928931149958908,0.7333763664393816,0.7920521004374829,0.9541721272222645,1.1379588239176215,1.0740700094007447,1.2018476384344983,0.8550226453428819,0.29127156202615273,0.2063414532332497,-0.16574974277252577,1.1237608556292111,1.2837347134443025,1.4954262285191844,1.465233792685521,1.4260768722728474,1.2191203354918172,0.7691874987997279,1.5138374094529021,1.6810644865249613,1.5282763787935618,0.9940511768508867,-0.8906700983209085,0.4
2020-04-01,0.9580750257565351,-1.1523044397026754,-0.845013550250788,0.7794715707953386,0.5659788290342407,-1.5076826827272602,-1.9287042728924608,1.0693457642586262,-0.919420859162453,1.1697909297828966,0.8902916250560179,0.8567994241228184,-0.14347508339879,0.36137433847456246,-2.1870944162461354,1.137473151340044,0.013597339626259,0.1707020646506643,5.19933758270342,1.1023539019530306,-5.199337582605575,-0.2,-1.3049226377527243,-1.1202053547494892,-0.9878373274485251,-1.1202053547494892,-1.093318074871223,-1.1718187298172502,-0.9878373274485251,-0.7990827621351786,-0.7478585947633022,-0.44186643776446605,-0.012660076940314008,0.08859734466241916,-0.20417107176841326,-1.617776496690639,-0.22336286162781788,0.14591772716256712,0.1988399264996773,0.12870712760860958,-0.10219605874345192,0.16567422647657618,0.35279672251405797,0.39695590007178405,0.7093384421965623,0.6475501472147229,0.6940785958955613,0.9173537353944061,1.1748886269403063,-0.453899003589438,-0.23485361856510004,-0.5073342441257056,-0.5480388697517534,0.00017475036914385775,-0.15935197885111144,-0.2857518294156918,0.8717140945487446,0.9104383624857261,1.0631657736294884,0.6044915889535766,0.8547072507027235,0.7928931149958908,0.8613297939174202,0.9068017590220646,0.5812134402705531,1.1379588239176215,1.019308168386279,1.2018476384344983,0.8882482160209385,0.29127156202615273,0.2063414532332497,0.9866404638501173,1.1237608556292111,1.2837347134443025,1.4954262285191844,1.465233792685521,1.2428433337206362,0.7623387658924025,1.5230238296018361,1.7368195993404691,1.6810644865249613,1.0605222056712513,-0.8615996159451564,0.0
2020-05-01,0.9669348880947389,-1.0360225101996678,-1.0375913638968755,-0.009858405129343639,-0.14926535412689595,-1.5412783428035195,-1.0890227106706525,0.901331519888764,-0.9304979822814077,1.1627327144954787,0.8735391491972516,0.8225043813911093,-0.17178554608009738,0.3161295848313241,-2.543048070019699,1.3888572405177055,-1.6882085810875411,0.13931106844775412,2.5648412591865553,1.118419973831688,-1.781856734963167,-0.7,-2.1870944162461354,-1.3049226377527243,-1.1202053547494892,-0.9878373274485251,-1.064658927252538,-1.093318074871223,-1.1718187298172502,-0.9878373274485251,-0.7990827621351786,-0.7478585947633022,-0.44186643776446605,0.06644309842450985,-0.2982389199819384,-5.199337582605575,-1.617776496690639,-0.22336286162781788,0.14591772716256712,0.1988399264996773,0.12870712760860958,-0.10219605874345192,0.2648146870774327,0.1707020646506643,0.39695590007178405,0.5166643644614147,0.6475501472147229,0.9237430591959958,1.209716013681648,-0.7137399472034627,-0.453899003589438,-0.23485361856510004,-0.5073342441257056,-0.5480388697517534,0.00017475036914385775,-0.15935197885111144,0.8816635502092671,0.9011244375744596,1.055597856288696,0.36137433847456246,0.7986939984804519,0.8547072507027235,0.8954539259749891,0.9203107327120631,-1.9287042728924608,0.5812134402705531,1.055816062395923,1.019308168386279,0.16565296986998373,0.8882482160209385,0.29127156202615273,0.013597339626259,0.9866404638501173,1.1237608556292111,1.2837347134443025,1.4954262285191844,1.2679462505912595,0.8134088597634788,1.498026182452673,1.4855025188256756,1.7368195993404691,1.0879479734010986,-0.8615996159451564,-0.2
2020-06-01,0.99487753085369,-0.6290357569391415,-0.8598742707068097,-0.48571548927799274,-0.5563654927793571,-1.5412783428035195,-0.523150353521173,0.7389327423537787,-0.919420859162453,1.2524743742170337,0.9762005993601622,0.910935587241489,0.23572446829494675,0.3858448934455117,-1.8618057185119037,1.608706498191655,-5.199337582605575,0.26283272750580333,2.0280811013562197,1.2216576703832187,-0.7364496047078504,0.1,-2.543048070019699,-2.1870944162461354,-1.3049226377527243,-1.1202053547494892,-1.1202053547494892,-1.064658927252538,-1.093318074871223,-1.1718187298172502,-0.9878373274485251,-0.7990827621351786,-0.7478585947633022,-0.03878957120555918,-0.5401276725310027,-1.781856734963167,-5.199337582605575,-1.617776496690639,-0.22336286162781788,0.14591772716256712,0.1988399264996773,0.12870712760860958,-0.12486564448277908,0.13931106844775412,0.1707020646506643,0.5585495841470288,0.5166643644614147,0.9279174174130335,1.274374410736981,-0.854664823160852,-0.7137399472034627,-0.453899003589438,-0.23485361856510004,-0.5073342441257056,-0.5480388697517534,0.00017475036914385775,0.8939199220122704,0.957143634640001,1.1243949315147763,0.3161295848313241,0.6044915889535766,0.7986939984804519,0.7716103160606953,0.9449724989869372,-1.0890227106706525,-1.9287042728924608,1.2474825059465529,1.055816062395923,-0.26182433195527854,0.16565296986998373,0.8882482160209385,-1.6882085810875411,0.013597339626259,0.9866404638501173,1.1237608556292111,1.2837347134443025,1.3048897236027304,0.8921566824257315,1.4621804569047794,0.7794715707953386,1.4855025188256756,1.1243118129468435,-0.8615996159451564,-0.7
2020-07-01,1.0211163539322174,-0.4255423803088785,-0.6926852852662037,-0.31798583128041674,-0.3843792555174348,-1.5815931348950298,-0.6418010090525156,0.633980924102973,-0.936036543840885,1.059646070902204,0.823986373478838,0.8213271540720838,-0.18167905252461417,0.4360263647814818,-1.7182944266835216,1.468819933244271,-2.3576820137162047,0.3221932509948123,1.903832650266453,1.1519769076299622,-0.7283752090404791,0.1,-1.8618057185119037,-2.543048070019699,-2.1870944162461354,-1.3049226377527243,-0.9878373274485251,-1.1202053547494892,-1.064658927252538,-1.093318074871223,-1.1718187298172502,-0.9878373274485251,-0.7990827621351786,-0.022173886527127207,-0.5401276725310027,-0.7364496047078504,-1.781856734963167,-5.199337582605575,-1.617776496690639,-0.22336286162781788,0.14591772716256712,0.1988399264996773,0.08449455744772792,0.26283272750580333,0.13931106844775412,0.5049067909602627,0.5585495841470288,0.9396737732079583,1.369543982588582,-0.9950562257315214,-0.854664823160852,-0.7137399472034627,-0.453899003589438,-0.23485361856510004,-0.5073342441257056,-0.5480388697517534,0.8337279224159532,0.8522005070834584,1.0609504056336336,0.3858448934455117,0.36137433847456246,0.6044915889535766,0.7370682121537262,0.9483816842821448,-0.523150353521173,-1.0890227106706525,1.0923239564055667,1.2474825059465529,-0.037224946192641634,-0.26182433195527854,0.16565296986998373,-5.199337582605575,-1.6882085810875411,0.013597339626259,0.9866404638501173,1.1237608556292111,1.3368136854768269,0.9519491790397042,1.4386594166779438,-0.009858405129343639,0.7794715707953386,1.1698018942414585,-0.8906700983209085,0.1
2020-08-01,1.0459921212664056,-0.3674014155573744,-0.5908289005515156,0.2556603000232899,0.14352706184127148,-1.5883122669102818,-0.5048964065163511,0.5938346320355823,-0.9471136669598396,1.0491999371153324,0.8295197631432539,0.8303079224459842,-0.011616223916753092,0.45931905617555996,-1.5067758106106848,1.1809478699315683,-0.4554466341411497,0.48685276087396323,0.8514914767192348,1.1702868862645253,-0.6993961288122713,0.0,-1.7182944266835216,-1.8618057185119037,-2.543048070019699,-2.1870944162461354,-1.1202053547494892,-0.9878373274485251,-1.1202053547494892,-1.064658927252538,-1.093318074871223,-1.1718187298172502,-0.9878373274485251,-0.12740655615719623,-0.7685781610495636,-0.7283752090404791,-0.7364496047078504,-1.781856734963167,-5.199337582605575,-1.617776496690639,-0.22336286162781788,0.14591772716256712,-0.020597585612226448,0.3221932509948123,0.26283272750580333,0.5003793318154142,0.5049067909602627,0.9437629404409756,1.4649637744666182,-1.2979721142239289,-0.9950562257315214,-0.854664823160852,-0.7137399472034627,-0.453899003589438,-0.23485361856510004,-0.5073342441257056,0.8546041138034526,0.8850573399576684,1.0850118973187657,0.4360263647814818,0.3161295848313241,0.36137433847456246,0.736863147782791,0.9662182832302031,-0.6418010090525156,-0.523150353521173,1.1470857974200324,1.0923239564055667,0.11319626064220098,-0.037224946192641634,-0.26182433195527854,-2.3576820137162047,-5.199337582605575,-1.6882085810875411,0.013597339626259,0.9866404638501173,1.359799618794627,0.9863143672605447,1.4344884619631542,-0.48571548927799274,-0.009858405129343639,1.1777050314260469,-0.9197405806966603,0.1
2020-09-01,1.061922835278368,-0.4255423803088785,-0.5713203827512272,0.8366245229715424,0.6608866456544373,-1.5883122669102818,-0.6235470620476934,0.6301711534634407,-0.9471136669598396,1.0192051769933919,0.8062939855325192,0.8195691999240773,0.21330949275659,0.43580137019187903,-1.335177736118937,1.1190049366757222,0.46335873134138994,0.6478623074957277,0.9898107520486423,1.135727725345894,-0.7836269248554768,-0.1,-1.5067758106106848,-1.7182944266835216,-1.8618057185119037,-2.543048070019699,-1.3049226377527243,-1.1202053547494892,-0.9878373274485251,-1.1202053547494892,-1.064658927252538,-1.093318074871223,-1.1718187298172502,-0.14956080239510555,-0.7148251049275492,-0.6993961288122713,-0.7283752090404791,-0.7364496047078504,-1.781856734963167,-5.199337582605575,-1.617776496690639,-0.22336286162781788,0.16567422647657618,0.48685276087396323,0.3221932509948123,0.572121675343541,0.5003793318154142,0.9491299724343109,1.509327330327006,-0.34032070089872485,-1.2979721142239289,-0.9950562257315214,-0.854664823160852,-0.7137399472034627,-0.453899003589438,-0.23485361856510004,0.8939158437592868,0.9360878047604917,1.1313589962543749,0.45931905617555996,0.3858448934455117,0.3161295848313241,0.7466210226121286,1.0218250154711572,-0.5048964065163511,-0.6418010090525156,1.238355532444142,1.1470857974200324,2.4652798120705026,0.11319626064220098,-0.037224946192641634,-0.4554466341411497,-2.3576820137162047,-5.199337582605575,-1.6882085810875411,0.013597339626259,1.3835273560005497,1.034278669146062,1.4560699893604154,-0.31798583128041674,-0.48571548927799274,1.20447220439051,-0.8906700983209085,0.0
2020-10-01,1.0699307877763595,-0.5418243098118859,-0.5755542062429703,1.1114704938590954,0.8829614329273482,-1.5412783428035195,-0.4044996979898305,0.727919165876747,-0.9471136669598396,1.0386159995205841,0.8200866242672992,0.8234167309043203,0.13784422622805784,0.3680909354074636,-1.5067758106106848,1.1132243891315485,0.5100895674477645,0.7006670224148257,2.168875260180265,1.2163418758339302,-0.8028064928155244,-0.1,-1.335177736118937,-1.5067758106106848,-1.7182944266835216,-1.8618057185119037,-2.1870944162461354,-1.3049226377527243,-1.1202053547494892,-0.9878373274485251,-1.1202053547494892,-1.064658927252538,-1.093318074871223,-0.1606379255140602,-0.7417016329885564,-0.7836269248554768,-0.6993961288122713,-0.7283752090404791,-0.7364496047078504,-1.781856734963167,-5.199337582605575,-1.617776496690639,-0.10219605874345192,0.6478623074957277,0.48685276087396323,0.6665514894451657,0.572121675343541,0.9648051134942099,1.4734696165308496,-0.14347508339879,-0.34032070089872485,-1.2979721142239289,-0.9950562257315214,-0.854664823160852,-0.7137399472034627,-0.453899003589438,0.8732947101148338,0.9053937529379631,1.0992474088611615,0.43580137019187903,0.4360263647814818,0.3858448934455117,0.7129287277326043,0.9991278890754544,-0.6235470620476934,-0.5048964065163511,1.2201015854393202,1.238355532444142,5.19933758270342,2.4652798120705026,0.11319626064220098,0.46335873134138994,-0.4554466341411497,-2.3576820137162047,-5.199337582605575,-1.6882085810875411,1.4260768722728474,1.0633467912355103,1.5039819073813012,0.2556603000232899,-0.31798583128041674,1.2436115504475138,-0.9197405806966603,-0.1
2020-11-01,1.0790462230666271,-0.7162472040663971,-0.6098905147610075,1.165166058825942,0.8932186499979927,-1.5076826827272602,-0.8608483731103784,0.8099764312020066,-0.9526522285193167,1.0794346029421815,0.8512536418168477,0.8395453144270744,-0.0774638139904914,0.3926617739081705,-1.064658927252538,1.1358710525944948,0.5456562346886126,0.7385740104080594,2.2015855956653954,1.2378476589965766,-0.741173096737697,-0.2,-1.5067758106106848,-1.335177736118937,-1.5067758106106848,-1.7182944266835216,-2.543048070019699,-2.1870944162461354,-1.3049226377527243,-1.1202053547494892,-0.9878373274485251,-1.1202053547494892,-1.064658927252538,-0.17171504863301484,-0.6677911808207868,-0.8028064928155244,-0.7836269248554768,-0.6993961288122713,-0.7283752090404791,-0.7364496047078504,-1.781856734963167,-5.199337582605575,0.12870712760860958,0.7006670224148257,0.6478623074957277,0.8040991129607343,0.6665514894451657,0.9739205487844773,1.3910295543836932,-0.17178554608009738,-0.14347508339879,-0.34032070089872485,-1.2979721142239289,-0.9950562257315214,-0.854664823160852,-0.7137399472034627,0.8818155967155715,0.9108871472176816,1.1063293747218197,0.3680909354074636,0.45931905617555996,0.4360263647814818,0.7333763664393816,1.013603234438533,-0.4044996979898305,-0.6235470620476934,1.0740700094007447,1.2201015854393202,2.5648412591865553,5.19933758270342,2.4652798120705026,0.5100895674477645,0.46335873134138994,-0.4554466341411497,-2.3576820137162047,-5.199337582605575,1.465233792685521,1.059826017951482,1.5731196749491263,0.8366245229715424,0.2556603000232899,1.2546665340092864,-0.8615996159451564,-0.1
2020-12-01,1.1166154470199727,-0.8034586511936527,-0.5178895302854318,1.1489758908462502,0.841615474178125,-1.5076826827272602,-0.39537272448741945,0.7730950363001035,-0.9637293516382714,1.1264706060080785,0.8827497875732402,0.8731798142589202,-0.1085992607423539,0.5304342755776543,-0.9084578685373851,1.1724702839144987,0.5756665914064643,1.0500628750192504,1.2532501923414516,1.1768867932863334,-0.5938328379346701,-0.2,-1.064658927252538,-1.5067758106106848,-1.335177736118937,-1.5067758106106848,-1.8618057185119037,-2.543048070019699,-2.1870944162461354,-1.3049226377527243,-1.1202053547494892,-0.9878373274485251,-1.1202053547494892,-0.23817778734674272,-0.6409146527597797,-0.741173096737697,-0.8028064928155244,-0.7836269248554768,-0.6993961288122713,-0.7283752090404791,-0.7364496047078504,-1.781856734963167,0.1988399264996773,0.7385740104080594,0.7006670224148257,0.7829867709298027,0.8040991129607343,0.9980295972624746,1.3182973600965402,0.23572446829494675,-0.17178554608009738,-0.14347508339879,-0.34032070089872485,-1.2979721142239289,-0.9950562257315214,-0.854664823160852,0.8928605231340924,0.9133322922501692,1.1149635379437084,0.3926617739081705,0.43580137019187903,0.45931905617555996,0.7928931149958908,1.045210919904409,-0.8608483731103784,-0.4044996979898305,1.0740700094007447,1.0740700094007447,2.0280811013562197,2.5648412591865553,5.19933758270342,0.5456562346886126,0.5100895674477645,0.46335873134138994,-0.4554466341411497,-2.3576820137162047,1.4954262285191844,1.0274410603003,1.648408706218395,1.1114704938590954,0.8366245229715424,1.217314802315462,-0.8325291335694047,-0.2
2021-01-01,1.154781007861467,-0.8034586511936527,-0.4116487861326333,1.1855692792897772,0.8445252644043487,-1.4673678906357495,-0.2767220689560772,0.5555625798108212,-0.9637293516382714,1.1530466302753442,0.9315245745982341,0.9175798574946881,-0.344458150744547,0.642701860591362,-0.6824578366693298,1.2164282486537192,0.3210333289992442,1.224905558172536,0.9324697800194623,1.283605409516224,-0.36119917891373754,0.3,-0.9084578685373851,-1.064658927252538,-1.5067758106106848,-1.335177736118937,-1.7182944266835216,-1.8618057185119037,-2.543048070019699,-2.1870944162461354,-1.3049226377527243,-1.1202053547494892,-0.9878373274485251,-0.8363424357702931,-0.721544236942801,-0.5938328379346701,-0.741173096737697,-0.8028064928155244,-0.7836269248554768,-0.6993961288122713,-0.7283752090404791,-0.7364496047078504,0.14591772716256712,1.0500628750192504,0.7385740104080594,0.7093384421965623,0.7829867709298027,1.013619547338352,1.2859466856095059,-0.18167905252461417,0.23572446829494675,-0.17178554608009738,-0.14347508339879,-0.34032070089872485,-1.2979721142239289,-0.9950562257315214,0.8989581751575055,0.8953851167938126,1.1312313451172553,0.5304342755776543,0.3680909354074636,0.43580137019187903,0.8547072507027235,1.048716405731042,-0.39537272448741945,-0.8608483731103784,1.1379588239176215,1.0740700094007447,1.903832650266453,2.0280811013562197,2.5648412591865553,0.5756665914064643,0.5456562346886126,0.5100895674477645,0.46335873134138994,-0.4554466341411497,1.2837347134443025,0.989833729886172,1.701707006862442,1.165166058825942,1.1114704938590954,1.1016843785076438,-0.8325291335694047,-0.2
2021-02-01,1.184853425220947,-0.8325291335694047,-0.2888255666371659,1.2518002271328865,0.8774531323577383,-1.4068957024984836,-0.523150353521173,0.26634043135997887,-0.9803450363167034,1.1336528898351974,0.9105354449935439,0.9082552635379437,-0.6542182603005909,0.6609032676191117,-0.24290265588608934,1.3038233716206427,0.09549357038176588,1.2783473111645736,1.5210077137368327,1.3157225106789918,-0.073794819406221,0.5,-0.6824578366693298,-0.9084578685373851,-1.064658927252538,-1.5067758106106848,-1.5067758106106848,-1.7182944266835216,-1.8618057185119037,-2.543048070019699,-2.1870944162461354,-1.3049226377527243,-1.1202053547494892,-0.919420859162453,-0.8828034053088439,-0.36119917891373754,-0.5938328379346701,-0.741173096737697,-0.8028064928155244,-0.7836269248554768,-0.6993961288122713,-0.7283752090404791,-0.22336286162781788,1.224905558172536,1.0500628750192504,0.39695590007178405,0.7093384421965623,1.0206903990121108,1.2628821436336635,-0.011616223916753092,-0.18167905252461417,0.23572446829494675,-0.17178554608009738,-0.14347508339879,-0.34032070089872485,-1.2979721142239289,0.885554380546359,0.8791871132905121,1.120611570928576,0.642701860591362,0.3926617739081705,0.3680909354074636,0.7986939984804519,1.0709410607979568,-0.2767220689560772,-0.39537272448741945,0.5812134402705531,1.1379588239176215,0.8514914767192348,1.903832650266453,2.0280811013562197,0.3210333289992442,0.5756665914064643,0.5456562346886126,0.5100895674477645,0.46335873134138994,1.1237608556292111,0.9922112445300855,1.6088307095915952,1.1489758908462502,1.165166058825942,0.7565336789641116,-0.9197405806966603,0.3
2021-03-01,1.2320492303686874,-0.8615996159451564,-0.017790299440756267,1.2861150173098421,0.8801349215058658,-1.2187600060714336,-0.002912863883748461,0.07102503621952545,-0.9748064747572261,1.1004066953964962,0.8652092898605225,0.8853314551266159,-0.4720067877498341,0.734411836535103,0.3757931145253799,1.3263048701405284,-0.051977000188917793,1.2978867589033278,1.6899045831869564,1.3615560159403273,0.18885948344370382,0.5,-0.24290265588608934,-0.6824578366693298,-0.9084578685373851,-1.064658927252538,-1.335177736118937,-1.5067758106106848,-1.7182944266835216,-1.8618057185119037,-2.543048070019699,-2.1870944162461354,-1.3049226377527243,-0.9304979822814077,-1.3733000424222248,-0.073794819406221,-0.36119917891373754,-0.5938328379346701,-0.741173096737697,-0.8028064928155244,-0.7836269248554768,-0.6993961288122713,-1.617776496690639,1.2783473111645736,1.224905558172536,0.1707020646506643,0.39695590007178405,0.9949627218377116,1.2039582538272116,0.21330949275659,-0.011616223916753092,-0.18167905252461417,0.23572446829494675,-0.17178554608009738,-0.14347508339879,-0.34032070089872485,0.8740123009019704,0.9009544553646649,1.1169266061746304,0.6609032676191117,0.5304342755776543,0.3926617739081705,0.6044915889535766,1.0797069416287373,-0.523150353521173,-0.2767220689560772,-1.9287042728924608,0.5812134402705531,0.9898107520486423,0.8514914767192348,1.903832650266453,0.09549357038176588,0.3210333289992442,0.5756665914064643,0.5456562346886126,0.5100895674477645,0.9866404638501173,1.0791269761560072,1.262203655616345,1.1855692792897772,1.1489758908462502,0.02501365606076051,-1.1232339573269234,0.5
2021-04-01,1.2800969453566386,-0.7162472040663971,0.28807051809939804,1.2593303448443496,0.8176938830301405,-1.1918834780104264,0.30740423519822435,0.029476957911070457,-0.9858835978761807,1.004643407625495,0.7941282320339936,0.8471436947859206,-0.4157889985260461,0.7712920139001829,0.9676626478918828,1.2897291261109958,0.24282262748766376,1.3210528281789007,1.441768849801058,1.387662601052543,0.060841145456882524,0.6,0.3757931145253799,-0.24290265588608934,-0.6824578366693298,-0.9084578685373851,-1.5067758106106848,-1.335177736118937,-1.5067758106106848,-1.7182944266835216,-1.8618057185119037,-2.543048070019699,-2.1870944162461354,-0.919420859162453,-1.5076826827272602,0.18885948344370382,-0.073794819406221,-0.36119917891373754,-0.5938328379346701,-0.741173096737697,-0.8028064928155244,-0.7836269248554768,-5.199337582605575,1.2978867589033278,1.2783473111645736,0.13931106844775412,0.1707020646506643,0.9580750257565351,1.0693457642586262,0.13784422622805784,0.21330949275659,-0.011616223916753092,-0.18167905252461417,0.23572446829494675,-0.17178554608009738,-0.14347508339879,0.8567994241228184,0.8902916250560179,1.1697909297828966,0.734411836535103,0.642701860591362,0.5304342755776543,0.36137433847456246,1.1023539019530306,-0.002912863883748461,-0.523150353521173,-1.0890227106706525,-1.9287042728924608,2.168875260180265,0.9898107520486423,0.8514914767192348,-0.051977000188917793,0.09549357038176588,0.3210333289992442,0.5756665914064643,0.5456562346886126,0.013597339626259,1.137473151340044,0.5659788290342407,1.2518002271328865,1.1855692792897772,-0.845013550250788,-1.1523044397026754,0.5
2021-05-01,1.3275483234564425,-0.6871767216906453,0.5208978804069956,1.2053338233719462,0.7412235245707023,-1.2187600060714336,0.6724831752946626,0.12011953843414712,-0.991422159435658,1.0120015253178067,0.79565857145111,0.8713043413266213,-0.40762321839077537,0.8334465616412214,1.1525130256915048,1.245007207190505,0.59815351920768,1.3485514422818583,1.0260105291112867,1.4112557118179607,0.2129556800225732,1.2,0.9676626478918828,0.3757931145253799,-0.24290265588608934,-0.6824578366693298,-1.064658927252538,-1.5067758106106848,-1.335177736118937,-1.5067758106106848,-1.7182944266835216,-1.8618057185119037,-2.543048070019699,-0.936036543840885,-1.5412783428035195,0.060841145456882524,0.18885948344370382,-0.073794819406221,-0.36119917891373754,-0.5938328379346701,-0.741173096737697,-0.8028064928155244,-1.781856734963167,1.3210528281789007,1.2978867589033278,0.26283272750580333,0.13931106844775412,0.9669348880947389,0.901331519888764,-0.0774638139904914,0.13784422622805784,0.21330949275659,-0.011616223916753092,-0.18167905252461417,0.23572446829494675,-0.17178554608009738,0.8225043813911093,0.8735391491972516,1.1627327144954787,0.7712920139001829,0.6609032676191117,0.642701860591362,0.3161295848313241,1.118419973831688,0.30740423519822435,-0.002912863883748461,-0.523150353521173,-1.0890227106706525,2.2015855956653954,2.168875260180265,0.9898107520486423,0.24282262748766376,-0.051977000188917793,0.09549357038176588,0.3210333289992442,0.5756665914064643,-1.6882085810875411,1.3888572405177055,-0.14926535412689595,1.2861150173098421,1.2518002271328865,-1.0375913638968755,-1.0360225101996678,0.6
2021-06-01,1.37738504910884,-0.7453176864421491,0.5985179777556123,1.177121966620341,0.718513054957439,-1.20532174204093,0.6724831752946626,0.2676325238289819,-0.9803450363167034,0.9819238204202423,0.7624670683723844,0.8562345688916794,-0.5444288310950685,0.8337386280628313,1.1145105034699638,1.2260138555689228,0.858186308271494,1.3835579832294975,1.0162910038004793,1.266520060270978,0.46447372025926004,0.5,1.1525130256915048,0.9676626478918828,0.3757931145253799,-0.24290265588608934,-0.9084578685373851,-1.064658927252538,-1.5067758106106848,-1.335177736118937,-1.5067758106106848,-1.7182944266835216,-1.8618057185119037,-0.9471136669598396,-1.5412783428035195,0.2129556800225732,0.060841145456882524,0.18885948344370382,-0.073794819406221,-0.36119917891373754,-0.5938328379346701,-0.741173096737697,-0.7364496047078504,1.3485514422818583,1.3210528281789007,0.3221932509948123,0.26283272750580333,0.99487753085369,0.7389327423537787,-0.1085992607423539,-0.0774638139904914,0.13784422622805784,0.21330949275659,-0.011616223916753092,-0.18167905252461417,0.23572446829494675,0.910935587241489,0.9762005993601622,1.2524743742170337,0.8334465616412214,0.734411836535103,0.6609032676191117,0.3858448934455117,1.2216576703832187,0.6724831752946626,0.30740423519822435,-0.6418010090525156,-0.523150353521173,1.2532501923414516,2.2015855956653954,2.168875260180265,0.59815351920768,0.24282262748766376,-0.051977000188917793,0.09549357038176588,0.3210333289992442,-5.199337582605575,1.608706498191655,-0.5563654927793571,1.2593303448443496,1.2861150173098421,-0.8598742707068097,-0.6290357569391415,1.2
2021-07-01,1.4196397771833507,-0.8325291335694047,0.6039749058116373,1.2184293822533638,0.8013959609769158,-1.2590747981629442,0.2800233146909914,0.39393013148889267,-0.9748064747572261,1.0614893816706774,0.8535864318860064,0.9259186548638644,-0.712166806932414,0.846427871303385,1.1353522499999358,1.257234338461659,1.0022264818265287,1.3963271880392476,1.1672086738994798,1.4467562487496748,0.5302707872545266,1.5,1.1145105034699638,1.1525130256915048,0.9676626478918828,0.3757931145253799,-0.6824578366693298,-0.9084578685373851,-1.064658927252538,-1.5067758106106848,-1.335177736118937,-1.5067758106106848,-1.7182944266835216,-0.9471136669598396,-1.5815931348950298,0.46447372025926004,0.2129556800225732,0.060841145456882524,0.18885948344370382,-0.073794819406221,-0.36119917891373754,-0.5938328379346701,-0.7283752090404791,1.3835579832294975,1.3485514422818583,0.48685276087396323,0.3221932509948123,1.0211163539322174,0.633980924102973,-0.344458150744547,-0.1085992607423539,-0.0774638139904914,0.13784422622805784,0.21330949275659,-0.011616223916753092,-0.18167905252461417,0.8213271540720838,0.823986373478838,1.059646070902204,0.8337386280628313,0.7712920139001829,0.734411836535103,0.4360263647814818,1.1519769076299622,0.6724831752946626,0.6724831752946626,-0.5048964065163511,-0.6418010090525156,0.9324697800194623,1.2532501923414516,2.2015855956653954,0.858186308271494,0.59815351920768,0.24282262748766376,-0.051977000188917793,0.09549357038176588,-2.3576820137162047,1.468819933244271,-0.3843792555174348,1.2053338233719462,1.2593303448443496,-0.6926852852662037,-0.4255423803088785,0.5
2021-08-01,1.455249608504209,-0.8906700983209085,0.7081269637085148,1.323133187821439,0.9646827277230835,-1.2523556661476924,0.7181180428067174,0.4758051886913635,-0.9803450363167034,1.0679131768819865,0.8675420347067353,0.9454420743079511,-0.9009769815449711,0.911296075146467,1.190575029271213,1.3388571208263598,1.1064680346530964,1.4077248206547792,-0.4009649206453214,1.4660788664523026,0.36018312838461725,1.5,1.1353522499999358,1.1145105034699638,1.1525130256915048,0.9676626478918828,-0.24290265588608934,-0.6824578366693298,-0.9084578685373851,-1.064658927252538,-1.5067758106106848,-1.335177736118937,-1.5067758106106848,-0.9471136669598396,-1.5883122669102818,0.5302707872545266,0.46447372025926004,0.2129556800225732,0.060841145456882524,0.18885948344370382,-0.073794819406221,-0.36119917891373754,-0.6993961288122713,1.3963271880392476,1.3835579832294975,0.6478623074957277,0.48685276087396323,1.0459921212664056,0.5938346320355823,-0.6542182603005909,-0.344458150744547,-0.1085992607423539,-0.0774638139904914,0.13784422622805784,0.21330949275659,-0.011616223916753092,0.8303079224459842,0.8295197631432539,1.0491999371153324,0.846427871303385,0.8334465616412214,0.7712920139001829,0.45931905617555996,1.1702868862645253,0.2800233146909914,0.6724831752946626,-0.6235470620476934,-0.5048964065163511,1.5210077137368327,0.9324697800194623,1.2532501923414516,1.0022264818265287,0.858186308271494,0.59815351920768,0.24282262748766376,-0.051977000188917793,-0.4554466341411497,1.1809478699315683,0.14352706184127148,1.177121966620341,1.2053338233719462,-0.5908289005515156,-0.3674014155573744,1.5
2021-09-01,1.485918362751838,-0.8906700983209085,0.7636841364168296,1.4681010030981252,1.153907369291618,-1.1918834780104264,0.9006575128549367,0.4865500809544046,-0.9748064747572261,1.076918197195944,0.8635782732548474,0.9484441468655744,-0.7813304190803882,0.9502936637020225,1.2879719354786716,1.3821834575464635,1.2212528828620646,1.4259160422239794,0.23581647109959888,1.3042588221418436,0.5663965219898236,1.5,1.190575029271213,1.1353522499999358,1.1145105034699638,1.1525130256915048,0.3757931145253799,-0.24290265588608934,-0.6824578366693298,-0.9084578685373851,-1.064658927252538,-1.5067758106106848,-1.335177736118937,-0.9526522285193167,-1.5883122669102818,0.36018312838461725,0.5302707872545266,0.46447372025926004,0.2129556800225732,0.060841145456882524,0.18885948344370382,-0.073794819406221,-0.7836269248554768,1.4077248206547792,1.3963271880392476,0.7006670224148257,0.6478623074957277,1.061922835278368,0.6301711534634407,-0.4720067877498341,-0.6542182603005909,-0.344458150744547,-0.1085992607423539,-0.0774638139904914,0.13784422622805784,0.21330949275659,0.8195691999240773,0.8062939855325192,1.0192051769933919,0.911296075146467,0.8337386280628313,0.8334465616412214,0.43580137019187903,1.135727725345894,0.7181180428067174,0.2800233146909914,-0.4044996979898305,-0.6235470620476934,1.6899045831869564,1.5210077137368327,0.9324697800194623,1.1064680346530964,1.0022264818265287,0.858186308271494,0.59815351920768,0.24282262748766376,0.46335873134138994,1.1190049366757222,0.6608866456544373,1.2184293822533638,1.177121966620341,-0.5713203827512272,-0.4255423803088785,1.5
2021-10-01,1.5479373991192649,-0.948811063072412,0.6480066701257615,1.6246008574500659,1.3177733931160274,-1.0239051776291315,0.8367686983380598,0.42689842677731776,-0.9581907900787942,1.148128529338508,0.9393016366317553,1.0020372543292266,-1.0396921864857964,0.9998661988901217,1.3957091089574487,1.4231209970109697,1.3331716637061954,1.4654806166178034,1.2066823637419035,1.5198209280280246,0.8768417570463931,1.8,1.2879719354786716,1.190575029271213,1.1353522499999358,1.1145105034699638,0.9676626478918828,0.3757931145253799,-0.24290265588608934,-0.6824578366693298,-0.9084578685373851,-1.064658927252538,-1.5067758106106848,-0.9637293516382714,-1.5412783428035195,0.5663965219898236,0.36018312838461725,0.5302707872545266,0.46447372025926004,0.2129556800225732,0.060841145456882524,0.18885948344370382,-0.8028064928155244,1.4259160422239794,1.4077248206547792,0.7385740104080594,0.7006670224148257,1.0699307877763595,0.727919165876747,-0.4157889985260461,-0.4720067877498341,-0.6542182603005909,-0.344458150744547,-0.1085992607423539,-0.0774638139904914,0.13784422622805784,0.8234167309043203,0.8200866242672992,1.0386159995205841,0.9502936637020225,0.846427871303385,0.8337386280628313,0.3680909354074636,1.2163418758339302,0.9006575128549367,0.7181180428067174,-0.8608483731103784,-0.4044996979898305,1.441768849801058,1.6899045831869564,1.5210077137368327,1.2212528828620646,1.1064680346530964,1.0022264818265287,0.858186308271494,0.59815351920768,0.5100895674477645,1.1132243891315485,0.8829614329273482,1.323133187821439,1.2184293822533638,-0.5755542062429703,-0.5418243098118859,1.5
2021-11-01,1.610808345326904,-0.9778815454481641,0.39381731617817023,1.7782788253529773,1.4497368635282266,-0.9634329894918655,0.09748384464277221,0.3694441506466214,-0.919420859162453,1.2661755794394343,1.0713485485853482,1.0978947806068846,-1.1395517360613459,1.0777365430819694,1.46188026663668,1.4586958387279556,1.4316883058673135,1.4992854989318207,0.8614212156730767,1.5502444797808108,0.861798896371266,2.6,1.3957091089574487,1.2879719354786716,1.190575029271213,1.1353522499999358,1.1525130256915048,0.9676626478918828,0.3757931145253799,-0.24290265588608934,-0.6824578366693298,-0.9084578685373851,-1.064658927252538,-0.9637293516382714,-1.5076826827272602,0.8768417570463931,0.5663965219898236,0.36018312838461725,0.5302707872545266,0.46447372025926004,0.2129556800225732,0.060841145456882524,-0.741173096737697,1.4654806166178034,1.4259160422239794,1.0500628750192504,0.7385740104080594,1.0790462230666271,0.8099764312020066,-0.40762321839077537,-0.4157889985260461,-0.4720067877498341,-0.6542182603005909,-0.344458150744547,-0.1085992607423539,-0.0774638139904914,0.8395453144270744,0.8512536418168477,1.0794346029421815,0.9998661988901217,0.911296075146467,0.846427871303385,0.3926617739081705,1.2378476589965766,0.8367686983380598,0.9006575128549367,-0.39537272448741945,-0.8608483731103784,1.0260105291112867,1.441768849801058,1.6899045831869564,1.3331716637061954,1.2212528828620646,1.1064680346530964,1.0022264818265287,0.858186308271494,0.5456562346886126,1.1358710525944948,0.8932186499979927,1.4681010030981252,1.323133187821439,-0.6098905147610075,-0.7162472040663971,1.8
2021-12-01,1.6696753152855475,-1.0650929925754198,0.239734366568666,1.8950220819038819,1.5314167545420723,-0.9432755934461101,0.07922989763795037,0.41055640666564464,-0.8529581204487251,1.3122442211354606,1.128328858616828,1.155851169849442,-1.2735353957938729,1.0923726342040652,1.5513093592675338,1.4951256676621734,1.5024150363958189,1.5297715694615728,1.0821659858412955,1.3638326889589865,0.6314256381612807,2.7,1.46188026663668,1.3957091089574487,1.2879719354786716,1.190575029271213,1.1145105034699638,1.1525130256915048,0.9676626478918828,0.3757931145253799,-0.24290265588608934,-0.6824578366693298,-0.9084578685373851,-0.9803450363167034,-1.5076826827272602,0.861798896371266,0.8768417570463931,0.5663965219898236,0.36018312838461725,0.5302707872545266,0.46447372025926004,0.2129556800225732,-0.5938328379346701,1.4992854989318207,1.4654806166178034,1.224905558172536,1.0500628750192504,1.1166154470199727,0.7730950363001035,-0.5444288310950685,-0.40762321839077537,-0.4157889985260461,-0.4720067877498341,-0.6542182603005909,-0.344458150744547,-0.1085992607423539,0.8731798142589202,0.8827497875732402,1.1264706060080785,1.0777365430819694,0.9502936637020225,0.911296075146467,0.5304342755776543,1.1768867932863334,0.09748384464277221,0.8367686983380598,-0.2767220689560772,-0.39537272448741945,1.0162910038004793,1.0260105291112867,1.441768849801058,1.4316883058673135,1.3331716637061954,1.2212528828620646,1.1064680346530964,1.0022264818265287,0.5756665914064643,1.1724702839144987,0.841615474178125,1.6246008574500659,1.4681010030981252,-0.5178895302854318,-0.8034586511936527,2.6
2022-01-01,1.7219825794745593,-1.0941634749511715,0.13007363388420146,1.96590017665823,1.566585338606693,-0.7349825009733046,0.2252614736765255,0.6086633039881041,-0.7144940814617922,1.3430576703982458,1.2278401057078185,1.2545595117291142,-1.3667507768258025,1.2926822983492805,1.4705452438880635,1.5176150855396198,1.5508411196088814,1.5504591179595821,0.7037849661626874,1.5872926017160482,1.314966243718219,3.3,1.5513093592675338,1.46188026663668,1.3957091089574487,1.2879719354786716,1.1353522499999358,1.1145105034699638,1.1525130256915048,0.9676626478918828,0.3757931145253799,-0.24290265588608934,-0.6824578366693298,-0.9748064747572261,-1.4673678906357495,0.6314256381612807,0.861798896371266,0.8768417570463931,0.5663965219898236,0.36018312838461725,0.5302707872545266,0.46447372025926004,-0.36119917891373754,1.5297715694615728,1.4992854989318207,1.2783473111645736,1.224905558172536,1.154781007861467,0.5555625798108212,-0.712166806932414,-0.5444288310950685,-0.40762321839077537,-0.4157889985260461,-0.4720067877498341,-0.6542182603005909,-0.344458150744547,0.9175798574946881,0.9315245745982341,1.1530466302753442,1.0923726342040652,0.9998661988901217,0.9502936637020225,0.642701860591362,1.283605409516224,0.07922989763795037,0.09748384464277221,-0.523150353521173,-0.2767220689560772,1.1672086738994798,1.0162910038004793,1.0260105291112867,1.5024150363958189,1.4316883058673135,1.3331716637061954,1.2212528828620646,1.1064680346530964,0.3210333289992442,1.2164282486537192,0.8445252644043487,1.7782788253529773,1.6246008574500659,-0.4116487861326333,-0.8034586511936527,2.7
2022-02-01,1.7787197748326726,-1.1523044397026754,-0.14972564794011692,2.003202461153289,1.5842698549978238,-0.5535659365615063,0.5081976522512653,0.858429547003583,-0.46525881128531277,1.3850796333275208,1.295647354744307,1.3334653816503383,-1.4909015520895779,1.4482487275653317,1.5895143528709332,1.550049879510915,1.5894804398739295,1.5834440413165636,0.727554612413636,1.607557337494802,1.7657657703586924,4.2,1.4705452438880635,1.5513093592675338,1.46188026663668,1.3957091089574487,1.190575029271213,1.1353522499999358,1.1145105034699638,1.1525130256915048,0.9676626478918828,0.3757931145253799,-0.24290265588608934,-0.9858835978761807,-1.4068957024984836,1.314966243718219,0.6314256381612807,0.861798896371266,0.8768417570463931,0.5663965219898236,0.36018312838461725,0.5302707872545266,-0.073794819406221,1.5504591179595821,1.5297715694615728,1.2978867589033278,1.2783473111645736,1.184853425220947,0.26634043135997887,-0.9009769815449711,-0.712166806932414,-0.5444288310950685,-0.40762321839077537,-0.4157889985260461,-0.4720067877498341,-0.6542182603005909,0.9082552635379437,0.9105354449935439,1.1336528898351974,1.2926822983492805,1.0777365430819694,0.9998661988901217,0.6609032676191117,1.3157225106789918,0.2252614736765255,0.07922989763795037,-0.002912863883748461,-0.523150353521173,-0.4009649206453214,1.1672086738994798,1.0162910038004793,1.5508411196088814,1.5024150363958189,1.4316883058673135,1.3331716637061954,1.2212528828620646,0.09549357038176588,1.3038233716206427,0.8774531323577383,1.8950220819038819,1.7782788253529773,-0.2888255666371659,-0.8325291335694047,3.3
2022-03-01,1.8637403768858207,-1.0941634749511715,-0.7144142082754913,2.0291830966154434,1.619501494373904,-0.3519919761039528,-1.2806891542212826,1.0059563868730046,-0.2769477182630839,1.3892244232709057,1.283459151280421,1.4219055948001942,-1.4371480461805528,1.773552671846151,1.8763585618945953,1.5793146549387473,1.6306501084476515,1.643318680905311,1.3960392869316263,1.5114692868995852,2.3083399833727523,5.3,1.5895143528709332,1.4705452438880635,1.5513093592675338,1.46188026663668,1.2879719354786716,1.190575029271213,1.1353522499999358,1.1145105034699638,1.1525130256915048,0.9676626478918828,0.3757931145253799,-0.991422159435658,-1.2187600060714336,1.7657657703586924,1.314966243718219,0.6314256381612807,0.861798896371266,0.8768417570463931,0.5663965219898236,0.36018312838461725,0.18885948344370382,1.5834440413165636,1.5504591179595821,1.3210528281789007,1.2978867589033278,1.2320492303686874,0.07102503621952545,-0.7813304190803882,-0.9009769815449711,-0.712166806932414,-0.5444288310950685,-0.40762321839077537,-0.4157889985260461,-0.4720067877498341,0.8853314551266159,0.8652092898605225,1.1004066953964962,1.4482487275653317,1.0923726342040652,1.0777365430819694,0.734411836535103,1.3615560159403273,0.5081976522512653,0.2252614736765255,0.30740423519822435,-0.002912863883748461,0.23581647109959888,-0.4009649206453214,1.1672086738994798,1.5894804398739295,1.5508411196088814,1.5024150363958189,1.4316883058673135,1.3331716637061954,-0.051977000188917793,1.3263048701405284,0.8801349215058658,1.96590017665823,1.8950220819038819,-0.017790299440756267,-0.8615996159451564,4.2
2022-04-01,1.8929608844050896,-1.0360225101996678,-1.010424329824859,2.0679449030248254,1.7056280135534407,0.09818986891791706,-1.1346575781827073,0.9984399196036147,0.027673167508168586,1.4239167884435637,1.3445891006910842,1.567718027257306,-1.2157959949784338,2.1747614109611955,1.8763585618945953,1.6440442495724579,1.6445584569620029,1.6332552114306065,1.3716092993719897,1.6546924054339105,2.258064253438668,7.2,1.8763585618945953,1.5895143528709332,1.4705452438880635,1.5513093592675338,1.3957091089574487,1.2879719354786716,1.190575029271213,1.1353522499999358,1.1145105034699638,1.1525130256915048,0.9676626478918828,-0.9803450363167034,-1.1918834780104264,2.3083399833727523,1.7657657703586924,1.314966243718219,0.6314256381612807,0.861798896371266,0.8768417570463931,0.5663965219898236,0.060841145456882524,1.643318680905311,1.5834440413165636,1.3485514422818583,1.3210528281789007,1.2800969453566386,0.029476957911070457,-1.0396921864857964,-0.7813304190803882,-0.9009769815449711,-0.712166806932414,-0.5444288310950685,-0.40762321839077537,-0.4157889985260461,0.8471436947859206,0.7941282320339936,1.004643407625495,1.773552671846151,1.2926822983492805,1.0923726342040652,0.7712920139001829,1.387662601052543,-1.2806891542212826,0.5081976522512653,0.6724831752946626,0.30740423519822435,1.2066823637419035,0.23581647109959888,-0.4009649206453214,1.6306501084476515,1.5894804398739295,1.5508411196088814,1.5024150363958189,1.4316883058673135,0.24282262748766376,1.2897291261109958,0.8176938830301405,2.003202461153289,1.96590017665823,0.28807051809939804,-0.7162472040663971,5.3
2022-05-01,1.9537020560121998,-0.9778815454481641,-1.0766178079941038,2.1159400312877823,1.817118036508086,0.15866205705518335,-0.9064832406224332,0.9240733025654516,0.1218287140192831,1.399130225828257,1.359624675342663,1.66326774273941,-1.1820810831578565,2.306276536355684,2.426747117773603,1.6908912176035023,1.669011693634514,1.7300980401169326,1.6164485616370214,1.6918268732691635,2.4728790126255875,8.0,1.8763585618945953,1.8763585618945953,1.5895143528709332,1.4705452438880635,1.46188026663668,1.3957091089574487,1.2879719354786716,1.190575029271213,1.1353522499999358,1.1145105034699638,1.1525130256915048,-0.9748064747572261,-1.2187600060714336,2.258064253438668,2.3083399833727523,1.7657657703586924,1.314966243718219,0.6314256381612807,0.861798896371266,0.8768417570463931,0.2129556800225732,1.6332552114306065,1.643318680905311,1.3835579832294975,1.3485514422818583,1.3275483234564425,0.12011953843414712,-1.1395517360613459,-1.0396921864857964,-0.7813304190803882,-0.9009769815449711,-0.712166806932414,-0.5444288310950685,-0.40762321839077537,0.8713043413266213,0.79565857145111,1.0120015253178067,2.1747614109611955,1.4482487275653317,1.2926822983492805,0.8334465616412214,1.4112557118179607,-1.1346575781827073,-1.2806891542212826,0.6724831752946626,0.6724831752946626,0.8614212156730767,1.2066823637419035,0.23581647109959888,1.6445584569620029,1.6306501084476515,1.5894804398739295,1.5508411196088814,1.5024150363958189,0.59815351920768,1.245007207190505,0.7412235245707023,2.0291830966154434,2.003202461153289,0.5208978804069956,-0.6871767216906453,7.2
2022-06-01,2.048519621227786,-1.006952027823916,-1.0992828764198952,2.1726288126715696,1.9305007905837814,0.3736742815432405,-1.1437845516851184,0.9334486609461152,0.44860384602844483,1.4301220493603795,1.4142737496666045,1.7508599463484682,-1.1470749232535318,2.5249487064635936,5.19933758270342,1.7354333151734036,1.6945057243239017,5.19933758270342,1.5501076642183758,1.652636555538128,5.19933758270342,8.7,2.426747117773603,1.8763585618945953,1.8763585618945953,1.5895143528709332,1.5513093592675338,1.46188026663668,1.3957091089574487,1.2879719354786716,1.190575029271213,1.1353522499999358,1.1145105034699638,-0.9803450363167034,-1.20532174204093,2.4728790126255875,2.258064253438668,2.3083399833727523,1.7657657703586924,1.314966243718219,0.6314256381612807,0.861798896371266,0.46447372025926004,1.7300980401169326,1.6332552114306065,1.3963271880392476,1.3835579832294975,1.37738504910884,0.2676325238289819,-1.2735353957938729,-1.1395517360613459,-1.0396921864857964,-0.7813304190803882,-0.9009769815449711,-0.712166806932414,-0.5444288310950685,0.8562345688916794,0.7624670683723844,0.9819238204202423,2.306276536355684,1.773552671846151,1.4482487275653317,0.8337386280628313,1.266520060270978,-0.9064832406224332,-1.1346575781827073,0.2800233146909914,0.6724831752946626,1.0821659858412955,0.8614212156730767,1.2066823637419035,1.669011693634514,1.6445584569620029,1.6306501084476515,1.5894804398739295,1.5508411196088814,0.858186308271494,1.2260138555689228,0.718513054957439,2.0679449030248254,2.0291830966154434,0.5985179777556123,-0.7453176864421491,8.0
2022-07-01,2.047923284339637,-1.006952027823916,-1.1130945494996307,2.2291603061134366,2.0129980805430785,0.21913424519244937,-1.006879949148954,1.1288216740645902,0.6535306237291058,1.5333331420990377,1.5445214196682873,1.8506248887611976,-1.3898325940975524,2.4806754793128154,2.426747117773603,1.8718812470858548,1.7616649918197531,2.4064654824875906,1.1196174540904829,1.7764366395067066,2.3735172402098397,9.1,5.19933758270342,2.426747117773603,1.8763585618945953,1.8763585618945953,1.4705452438880635,1.5513093592675338,1.46188026663668,1.3957091089574487,1.2879719354786716,1.190575029271213,1.1353522499999358,-0.9748064747572261,-1.2590747981629442,5.19933758270342,2.4728790126255875,2.258064253438668,2.3083399833727523,1.7657657703586924,1.314966243718219,0.6314256381612807,0.5302707872545266,5.19933758270342,1.7300980401169326,1.4077248206547792,1.3963271880392476,1.4196397771833507,0.39393013148889267,-1.3667507768258025,-1.2735353957938729,-1.1395517360613459,-1.0396921864857964,-0.7813304190803882,-0.9009769815449711,-0.712166806932414,0.9259186548638644,0.8535864318860064,1.0614893816706774,2.5249487064635936,2.1747614109611955,1.773552671846151,0.846427871303385,1.4467562487496748,-1.1437845516851184,-0.9064832406224332,0.7181180428067174,0.2800233146909914,0.7037849661626874,1.0821659858412955,0.8614212156730767,1.6945057243239017,1.669011693634514,1.6445584569620029,1.6306501084476515,1.5894804398739295,1.0022264818265287,1.257234338461659,0.8013959609769158,2.1159400312877823,2.0679449030248254,0.6039749058116373,-0.8325291335694047,8.7
2022-08-01,2.0756103541465243,-1.006952027823916,-1.220614849196599,2.27694396980377,2.0611981890837594,0.2661681692992118,-1.0342608696561866,1.4329363645402613,0.7975332242755159,1.5626389058390617,1.5783250148129826,1.8565522780440564,-1.6264310722040602,2.1712712703992665,2.266949472470318,1.911040164948052,1.8084324493789503,1.7983898451381883,-0.012993925528880273,1.82462147535388,2.153890919495746,8.9,2.426747117773603,5.19933758270342,2.426747117773603,1.8763585618945953,1.5895143528709332,1.4705452438880635,1.5513093592675338,1.46188026663668,1.3957091089574487,1.2879719354786716,1.190575029271213,-0.9581907900787942,-1.2523556661476924,2.3735172402098397,5.19933758270342,2.4728790126255875,2.258064253438668,2.3083399833727523,1.7657657703586924,1.314966243718219,0.36018312838461725,2.4064654824875906,5.19933758270342,1.4259160422239794,1.4077248206547792,1.455249608504209,0.4758051886913635,-1.4909015520895779,-1.3667507768258025,-1.2735353957938729,-1.1395517360613459,-1.0396921864857964,-0.7813304190803882,-0.9009769815449711,0.9454420743079511,0.8675420347067353,1.0679131768819865,2.4806754793128154,2.306276536355684,2.1747614109611955,0.911296075146467,1.4660788664523026,-1.006879949148954,-1.1437845516851184,0.9006575128549367,0.7181180428067174,0.727554612413636,0.7037849661626874,1.0821659858412955,1.7616649918197531,1.6945057243239017,1.669011693634514,1.6445584569620029,1.6306501084476515,1.1064680346530964,1.3388571208263598,0.9646827277230835,2.1726288126715696,2.1159400312877823,0.7081269637085148,-0.8906700983209085,9.1
2022-09-01,2.110964612515318,-1.006952027823916,-1.4387414354912,2.299548928221332,2.067304758182791,0.7163500143210819,-1.4632286242695018,1.6975685418679747,1.1353854794036327,1.6087196181312478,1.6516053107595372,1.9097251966462314,-1.3998897798766294,2.1224366955507126,1.8763585618945953,1.8790079441889478,1.8595266403472548,1.77467650773178,1.0726507902090774,1.808813632275022,1.9151450829505108,9.3,2.266949472470318,2.426747117773603,5.19933758270342,2.426747117773603,1.8763585618945953,1.5895143528709332,1.4705452438880635,1.5513093592675338,1.46188026663668,1.3957091089574487,1.2879719354786716,-0.919420859162453,-1.1918834780104264,2.153890919495746,2.3735172402098397,5.19933758270342,2.4728790126255875,2.258064253438668,2.3083399833727523,1.7657657703586924,0.5663965219898236,1.7983898451381883,2.4064654824875906,1.4654806166178034,1.4259160422239794,1.485918362751838,0.4865500809544046,-1.4371480461805528,-1.4909015520895779,-1.3667507768258025,-1.2735353957938729,-1.1395517360613459,-1.0396921864857964,-0.7813304190803882,0.9484441468655744,0.8635782732548474,1.076918197195944,2.1712712703992665,2.5249487064635936,2.306276536355684,0.9502936637020225,1.3042588221418436,-1.0342608696561866,-1.006879949148954,0.8367686983380598,0.9006575128549367,1.3960392869316263,0.727554612413636,0.7037849661626874,1.8084324493789503,1.7616649918197531,1.6945057243239017,1.669011693634514,1.6445584569620029,1.2212528828620646,1.3821834575464635,1.153907369291618,2.2291603061134366,2.1726288126715696,0.7636841364168296,-0.8906700983209085,8.9
2022-10-01,2.157649271758931,-1.0360225101996678,-1.6191869927092817,2.289983191695899,2.035416014791952,1.0388683510531675,-1.6822759883273648,1.8151326735108153,1.4344678036154075,1.6549904521375225,1.715075169837444,2.047976722731822,-1.2838411316735794,2.4831890359339788,1.75840660696316,1.8006601062628032,1.9014627742183008,2.3235733852236673,1.7283350432554374,1.9108742168339377,1.9804818442012788,10.1,1.8763585618945953,2.266949472470318,2.426747117773603,5.19933758270342,1.8763585618945953,1.8763585618945953,1.5895143528709332,1.4705452438880635,1.5513093592675338,1.46188026663668,1.3957091089574487,-0.8529581204487251,-1.0239051776291315,1.9151450829505108,2.153890919495746,2.3735172402098397,5.19933758270342,2.4728790126255875,2.258064253438668,2.3083399833727523,0.8768417570463931,1.77467650773178,1.7983898451381883,1.4992854989318207,1.4654806166178034,1.5479373991192649,0.42689842677731776,-1.2157959949784338,-1.4371480461805528,-1.4909015520895779,-1.3667507768258025,-1.2735353957938729,-1.1395517360613459,-1.0396921864857964,1.0020372543292266,0.9393016366317553,1.148128529338508,2.1224366955507126,2.4806754793128154,2.5249487064635936,0.9998661988901217,1.5198209280280246,-1.4632286242695018,-1.0342608696561866,0.09748384464277221,0.8367686983380598,1.3716092993719897,1.3960392869316263,0.727554612413636,1.8595266403472548,1.8084324493789503,1.7616649918197531,1.6945057243239017,1.669011693634514,1.3331716637061954,1.4231209970109697,1.3177733931160274,2.27694396980377,2.2291603061134366,0.6480066701257615,-0.948811063072412,9.3
2022-11-01,2.183632521885395,-0.8906700983209085,-1.6680217945623723,2.2666635115353997,1.9937859422812574,0.958238766870146,-1.6822759883273648,1.8424178455170317,1.6006246503997275,1.7076010902599144,1.7899947129669618,2.1304528561100464,-1.082412492805961,2.423851559204252,1.6915152468569465,1.7964843186645008,1.9539251439719623,2.2996015592867973,1.467602496772997,1.9483353900106715,1.7506680491581168,9.9,1.75840660696316,1.8763585618945953,2.266949472470318,2.426747117773603,2.426747117773603,1.8763585618945953,1.8763585618945953,1.5895143528709332,1.4705452438880635,1.5513093592675338,1.46188026663668,-0.7144940814617922,-0.9634329894918655,1.9804818442012788,1.9151450829505108,2.153890919495746,2.3735172402098397,5.19933758270342,2.4728790126255875,2.258064253438668,0.861798896371266,2.3235733852236673,1.77467650773178,1.5297715694615728,1.4992854989318207,1.610808345326904,0.3694441506466214,-1.1820810831578565,-1.2157959949784338,-1.4371480461805528,-1.4909015520895779,-1.3667507768258025,-1.2735353957938729,-1.1395517360613459,1.0978947806068846,1.0713485485853482,1.2661755794394343,2.4831890359339788,2.1712712703992665,2.4806754793128154,1.0777365430819694,1.5502444797808108,-1.6822759883273648,-1.4632286242695018,0.07922989763795037,0.09748384464277221,1.6164485616370214,1.3716092993719897,1.3960392869316263,1.9014627742183008,1.8595266403472548,1.8084324493789503,1.7616649918197531,1.6945057243239017,1.4316883058673135,1.4586958387279556,1.4497368635282266,2.299548928221332,2.27694396980377,0.39381731617817023,-0.9778815454481641,10.1
2022-12-01,2.1972630793287857,-0.8325291335694047,-1.5888163655285124,2.25589915303226,1.981053158614269,0.7566648064125924,-1.5544983592936115,1.8621053045482303,1.5729318426023406,1.7212164814181048,1.8338141635147356,2.1554919634477874,-0.9521964888671052,2.23672012637526,1.4705452438880635,1.9412102286092972,2.0123911847236347,1.7349103520232811,0.8702558979624314,2.1076324292389983,0.9604682845614914,9.6,1.6915152468569465,1.75840660696316,1.8763585618945953,2.266949472470318,5.19933758270342,2.426747117773603,1.8763585618945953,1.8763585618945953,1.5895143528709332,1.4705452438880635,1.5513093592675338,-0.46525881128531277,-0.9432755934461101,1.7506680491581168,1.9804818442012788,1.9151450829505108,2.153890919495746,2.3735172402098397,5.19933758270342,2.4728790126255875,0.6314256381612807,2.2996015592867973,2.3235733852236673,1.5504591179595821,1.5297715694615728,1.6696753152855475,0.41055640666564464,-1.1470749232535318,-1.1820810831578565,-1.2157959949784338,-1.4371480461805528,-1.4909015520895779,-1.3667507768258025,-1.2735353957938729,1.155851169849442,1.128328858616828,1.3122442211354606,2.423851559204252,2.1224366955507126,2.1712712703992665,1.0923726342040652,1.3638326889589865,-1.6822759883273648,-1.6822759883273648,0.2252614736765255,0.07922989763795037,1.5501076642183758,1.6164485616370214,1.3716092993719897,1.9539251439719623,1.9014627742183008,1.8595266403472548,1.8084324493789503,1.7616649918197531,1.5024150363958189,1.4951256676621734,1.5314167545420723,2.289983191695899,2.299548928221332,0.239734366568666,-1.0650929925754198,9.9
2023-01-01,2.2512741631982207,-0.7743881688179008,-1.433764340764238,2.2753290831447495,2.0224120352208197,0.6760352222295711,-1.3902128362502137,1.9436669833853195,1.5784704041618183,1.7596976800780875,1.901744384237087,2.1476151033592306,-1.1529885969892086,1.7168861867597291,1.3035442889619464,2.1086275655411346,2.1036033564547663,1.9010304803664375,0.8011947381207417,2.033647763966907,0.9812425983794493,8.4,1.4705452438880635,1.6915152468569465,1.75840660696316,1.8763585618945953,2.426747117773603,5.19933758270342,2.426747117773603,1.8763585618945953,1.8763585618945953,1.5895143528709332,1.4705452438880635,-0.2769477182630839,-0.7349825009733046,0.9604682845614914,1.7506680491581168,1.9804818442012788,1.9151450829505108,2.153890919495746,2.3735172402098397,5.19933758270342,1.314966243718219,1.7349103520232811,2.2996015592867973,1.5834440413165636,1.5504591179595821,1.7219825794745593,0.6086633039881041,-1.3898325940975524,-1.1470749232535318,-1.1820810831578565,-1.2157959949784338,-1.4371480461805528,-1.4909015520895779,-1.3667507768258025,1.2545595117291142,1.2278401057078185,1.3430576703982458,2.23672012637526,2.4831890359339788,2.1224366955507126,1.2926822983492805,1.5872926017160482,-1.5544983592936115,-1.6822759883273648,0.5081976522512653,0.2252614736765255,1.1196174540904829,1.5501076642183758,1.6164485616370214,2.0123911847236347,1.9539251439719623,1.9014627742183008,1.8595266403472548,1.8084324493789503,1.5508411196088814,1.5176150855396198,1.566585338606693,2.2666635115353997,2.289983191695899,0.13007363388420146,-1.0941634749511715,9.6
2023-02-01,2.281176198589659,-0.8034586511936527,-1.2525237655793684,2.314491580654186,2.099963387317183,0.8776091826871247,-1.1346575781827073,2.077161676308381,1.7113958815892736,1.8346388815240784,1.9792745392300843,2.209881181421242,-1.2428364272675045,1.5678563452239556,1.2121114310286956,2.2481261505822867,2.1967496601590377,1.9695387213343554,0.9845501517751352,2.102494366154264,1.0095265238822881,8.2,1.3035442889619464,1.4705452438880635,1.6915152468569465,1.75840660696316,2.266949472470318,2.426747117773603,5.19933758270342,2.426747117773603,1.8763585618945953,1.8763585618945953,1.5895143528709332,0.027673167508168586,-0.5535659365615063,0.9812425983794493,0.9604682845614914,1.7506680491581168,1.9804818442012788,1.9151450829505108,2.153890919495746,2.3735172402098397,1.7657657703586924,1.9010304803664375,1.7349103520232811,1.643318680905311,1.5834440413165636,1.7787197748326726,0.858429547003583,-1.6264310722040602,-1.3898325940975524,-1.1470749232535318,-1.1820810831578565,-1.2157959949784338,-1.4371480461805528,-1.4909015520895779,1.3334653816503383,1.295647354744307,1.3850796333275208,1.7168861867597291,2.423851559204252,2.4831890359339788,1.4482487275653317,1.607557337494802,-1.3902128362502137,-1.5544983592936115,-1.2806891542212826,0.5081976522512653,-0.012993925528880273,1.1196174540904829,1.5501076642183758,2.1036033564547663,2.0123911847236347,1.9539251439719623,1.9014627742183008,1.8595266403472548,1.5894804398739295,1.550049879510915,1.5842698549978238,2.25589915303226,2.2666635115353997,-0.14972564794011692,-1.1523044397026754,8.4
2023-03-01,2.29557347488924,-0.8325291335694047,-1.0796003014316178,2.3512571234453095,2.175742055297004,0.7969795985041032,-1.116403631177885,2.217672037458948,1.5729318426023406,1.8941713888061449,2.033306255729675,2.246688023719148,-0.7887960153955942,1.4991825386121553,0.0379883512302825,2.5210687990229648,2.314075169268566,1.846835476036453,0.5753656896622978,2.680032447102074,0.7989174850523438,7.4,1.2121114310286956,1.3035442889619464,1.4705452438880635,1.6915152468569465,1.8763585618945953,2.266949472470318,2.426747117773603,5.19933758270342,2.426747117773603,1.8763585618945953,1.8763585618945953,0.1218287140192831,-0.3519919761039528,1.0095265238822881,0.9812425983794493,0.9604682845614914,1.7506680491581168,1.9804818442012788,1.9151450829505108,2.153890919495746,2.3083399833727523,1.9695387213343554,1.9010304803664375,1.6332552114306065,1.643318680905311,1.8637403768858207,1.0059563868730046,-1.3998897798766294,-1.6264310722040602,-1.3898325940975524,-1.1470749232535318,-1.1820810831578565,-1.2157959949784338,-1.4371480461805528,1.4219055948001942,1.283459151280421,1.3892244232709057,1.5678563452239556,2.23672012637526,2.423851559204252,1.773552671846151,1.5114692868995852,-1.1346575781827073,-1.3902128362502137,-1.1346575781827073,-1.2806891542212826,1.0726507902090774,-0.012993925528880273,1.1196174540904829,2.1967496601590377,2.1036033564547663,2.0123911847236347,1.9539251439719623,1.9014627742183008,1.6306501084476515,1.5793146549387473,1.619501494373904,2.2753290831447495,2.25589915303226,-0.7144142082754913,-1.0941634749511715,8.2
2023-04-01,2.330757351289992,-0.8906700983209085,-0.854836020751634,2.376268486948255,2.237891557361462,0.6088439020770532,-0.8882292936176114,2.3679576534124642,1.5729318426023406,2.018641704964382,2.156594857591144,2.2833239871196453,-0.3589831761373559,1.325987477182518,-0.44186643776446605,5.19933758270342,2.451281060870408,2.0707592936706583,0.6752949324105593,2.3010016673846794,1.009704000974472,5.7,0.0379883512302825,1.2121114310286956,1.3035442889619464,1.4705452438880635,1.75840660696316,1.8763585618945953,2.266949472470318,2.426747117773603,5.19933758270342,2.426747117773603,1.8763585618945953,0.44860384602844483,0.09818986891791706,0.7989174850523438,1.0095265238822881,0.9812425983794493,0.9604682845614914,1.7506680491581168,1.9804818442012788,1.9151450829505108,2.258064253438668,1.846835476036453,1.9695387213343554,1.7300980401169326,1.6332552114306065,1.8929608844050896,0.9984399196036147,-1.2838411316735794,-1.3998897798766294,-1.6264310722040602,-1.3898325940975524,-1.1470749232535318,-1.1820810831578565,-1.2157959949784338,1.567718027257306,1.3445891006910842,1.4239167884435637,1.4991825386121553,1.7168861867597291,2.23672012637526,2.1747614109611955,1.6546924054339105,-1.116403631177885,-1.1346575781827073,-0.9064832406224332,-1.1346575781827073,1.7283350432554374,1.0726507902090774,-0.012993925528880273,2.314075169268566,2.1967496601590377,2.1036033564547663,2.0123911847236347,1.9539251439719623,1.6445584569620029,1.6440442495724579,1.7056280135534407,2.314491580654186,2.2753290831447495,-1.010424329824859,-1.0360225101996678,7.4
2023-05-01,2.34771035711021,-0.9197405806966603,-0.5869902339190003,2.367717739619994,2.248478243286828,0.642439562153312,-0.6235470620476934,2.4810523556340307,1.7003187584703192,2.0271776005724407,2.1686448971960415,2.22394771510755,-0.5657404866745379,1.2799268417264802,-1.465233792685523,3.206729905168992,2.6912989805455716,2.0465215298435044,1.113371749646248,2.3735160866295653,0.7753359575918245,4.0,-0.44186643776446605,0.0379883512302825,1.2121114310286956,1.3035442889619464,1.6915152468569465,1.75840660696316,1.8763585618945953,2.266949472470318,2.426747117773603,5.19933758270342,2.426747117773603,0.6535306237291058,0.15866205705518335,1.009704000974472,0.7989174850523438,1.0095265238822881,0.9812425983794493,0.9604682845614914,1.7506680491581168,1.9804818442012788,2.4728790126255875,2.0707592936706583,1.846835476036453,5.19933758270342,1.7300980401169326,1.9537020560121998,0.9240733025654516,-1.082412492805961,-1.2838411316735794,-1.3998897798766294,-1.6264310722040602,-1.3898325940975524,-1.1470749232535318,-1.1820810831578565,1.66326774273941,1.359624675342663,1.399130225828257,1.325987477182518,1.5678563452239556,1.7168861867597291,2.306276536355684,1.6918268732691635,-0.8882292936176114,-1.116403631177885,-1.1437845516851184,-0.9064832406224332,1.467602496772997,1.7283350432554374,1.0726507902090774,2.451281060870408,2.314075169268566,2.1967496601590377,2.1036033564547663,2.0123911847236347,1.669011693634514,1.6908912176035023,1.817118036508086,2.3512571234453095,2.314491580654186,-1.0766178079941038,-0.9778815454481641,5.7
2023-06-01,2.374886281012969,-0.948811063072412,-0.33637610869776813,2.306819024557171,2.1785152674902153,0.8843283147023766,-0.29497601596089906,2.535590528061474,1.8830912899330707,2.1057789731226255,2.241124183828059,2.2666250770821033,-0.40169742025994654,1.2240594560241433,-2.6816499514398378,2.3070300644165664,5.19933758270342,2.320922964587596,1.2121454758687806,5.19933758270342,0.6664802541742243,3.4,-1.465233792685523,-0.44186643776446605,0.0379883512302825,1.2121114310286956,1.4705452438880635,1.6915152468569465,1.75840660696316,1.8763585618945953,2.266949472470318,2.426747117773603,5.19933758270342,0.7975332242755159,0.3736742815432405,0.7753359575918245,1.009704000974472,0.7989174850523438,1.0095265238822881,0.9812425983794493,0.9604682845614914,1.7506680491581168,5.19933758270342,2.0465215298435044,2.0707592936706583,2.4064654824875906,5.19933758270342,2.048519621227786,0.9334486609461152,-0.9521964888671052,-1.082412492805961,-1.2838411316735794,-1.3998897798766294,-1.6264310722040602,-1.3898325940975524,-1.1470749232535318,1.7508599463484682,1.4142737496666045,1.4301220493603795,1.2799268417264802,1.4991825386121553,1.5678563452239556,2.5249487064635936,1.652636555538128,-0.6235470620476934,-0.8882292936176114,-1.006879949148954,-1.1437845516851184,0.8702558979624314,1.467602496772997,1.7283350432554374,2.6912989805455716,2.451281060870408,2.314075169268566,2.1967496601590377,2.1036033564547663,1.6945057243239017,1.7354333151734036,1.9305007905837814,2.376268486948255,2.3512571234453095,-1.0992828764198952,-1.006952027823916,4.0
